hostname,state,software,user_count,note_count,peer_count,discovered_at
mastodon.social,up,mastodon,3040553,159074370,109782,1612578269
pawoo.net,up,mastodon,971033,76253484,48616,1612578266
mstdn.jp,up,mastodon,413098,83352665,75207,1612578266
baraag.net,up,mastodon,296481,19567331,36817,1612578267
mastodon.cloud,up,mastodon,277936,6208486,65580,1612578270
mstdn.social,up,mastodon,268242,21904994,79121,1612578271
pravda.me,up,mastodon,228968,2355298,10247,1676919172
mastodon.world,up,mastodon,194047,8331465,51040,1615647261
mastodon.online,up,mastodon,189064,11781783,64204,1612578267
mas.to,up,mastodon,188230,12767176,63854,1612578271
techhub.social,up,mastodon,85301,2490618,50969,1612578267
universeodon.com,up,mastodon,81723,4399094,46253,1667629108
mastodonapp.uk,up,mastodon,80166,4482769,50784,1667599292
infosec.exchange,up,mastodon,79218,5223456,60316,1612578269
mastodon.uno,up,mastodon,78481,1713150,53566,1612578267
social.vivaldi.net,up,mastodon,74083,3600328,75045,1668254531
mastodon.sdf.org,up,mastodon,73223,2642790,35681,1612578266
masto.ai,up,mastodon,73169,3258223,77989,1667777524
loforo.com,up,mastodon,69153,8453539,23169,1670267516
c.im,up,mastodon,68039,3945522,42427,1612578270
fosstodon.org,up,mastodon,62497,4563703,66385,1612578270
hachyderm.io,up,mastodon,57150,4603512,54508,1651060929
mstdn.party,up,mastodon,53603,1954479,46380,1667944871
mastodon.top,up,mastodon,51254,968210,44393,1612578268
aethy.com,up,mastodon,49461,1765196,23771,1667676749
m.cmx.im,up,mastodon,48287,7443329,67407,1612578265
troet.cafe,up,mastodon,48075,4786350,28169,1612578268
mastodon.nl,up,mastodon,44523,3462813,51191,1612578268
piaille.fr,up,mastodon,43508,4029004,42363,1667313769
kolektiva.social,up,mastodon,41038,4089516,68168,1612578270
mastodon.art,up,mastodon,40939,4435040,60157,1612578267
ohai.social,up,mastodon,40747,2184577,51273,1667930033
mamot.fr,up,mastodon,40006,7574090,59580,1612578270
sfba.social,up,mastodon,39351,3491835,44872,1612578268
mast.lat,up,mastodon,37607,159689,17290,1671490848
planet.moe,up,mastodon,37434,21009829,28973,1612578269
tkz.one,up,mastodon,37404,769088,21404,1650008092
mindly.social,up,mastodon,36164,1725768,47434,1649557318
mstdn.ca,up,mastodon,35758,3602151,50715,1651043715
mastodon.gamedev.place,up,mastodon,34286,1982205,57610,1612578266
social.quodverum.com,up,mastodon,34277,8397568,15230,1612578267
alive.bar,up,mastodon,33338,6698592,34241,1612578267
toot.community,up,mastodon,33032,1980941,47023,1667465053
me.dm,up,mastodon,32771,248068,42352,1673350243
masto.es,up,mastodon,30778,1055046,20855,1668226037
mastodon.scot,up,mastodon,29368,2656194,53367,1612578269
mastodon.xyz,up,mastodon,28424,2337825,61587,1612578271
qoto.org,up,mastodon,27685,1824612,53415,1612578268
ioc.exchange,up,mastodon,27670,661173,46901,1612578269
ravenation.club,up,mastodon,27590,519644,43566,1651017592
mastodon.au,up,mastodon,27220,866930,44062,1665705253
mstdn.business,up,mastodon,27123,294042,217178,1671146966
masto.nu,up,mastodon,26479,108507,20511,1668359341
aus.social,up,mastodon,26265,3430428,49297,1612578268
det.social,up,mastodon,25516,1072842,34622,1651496694
wxw.ooo,up,mastodon,24116,13455173,34616,1666241191
wxw.moe,up,mastodon,24116,13454621,34615,1612578266
social.tchncs.de,up,mastodon,23207,3990352,62714,1612578266
mathstodon.xyz,up,mastodon,23049,1667486,51602,1612578268
thu.closed.social,up,mastodon,21953,170696,26,1612578345
mastouille.fr,up,mastodon,21830,252535,37483,1621282389
mastodon.bida.im,up,mastodon,21414,1039632,46900,1612578268
mastodon.ie,up,mastodon,21311,1855295,53101,1612578268
mastodon.com.tr,up,mastodon,21264,477667,23184,1651774648
newsie.social,up,mastodon,20728,1548027,142183,1667220086
nrw.social,up,mastodon,18914,1995662,42434,1612578266
defcon.social,up,mastodon,18387,420185,41024,1668556021
mastodon-japan.net,up,mastodon,18170,6607637,27742,1667983507
o3o.ca,up,mastodon,17964,9542071,35296,1612578269
mastodon.nu,up,mastodon,17460,1072959,41046,1612579014
abdl.link,up,mastodon,17410,317421,22252,1612578267
qlub.social,up,mastodon,17348,138310,15338,1739475706
mastodontech.de,up,mastodon,16544,652131,38449,1612578266
ieji.de,up,mastodon,15869,513525,54594,1612578267
flipboard.social,up,mastodon,15616,837658,39899,1674337995
theblower.au,up,mastodon,15447,474760,28006,1667918249
glasgow.social,up,mastodon,14993,284307,32688,1612578268
sueden.social,up,mastodon,14715,1004316,41242,1651092057
norden.social,up,mastodon,14172,3626270,53070,1612578268
chaos.social,up,mastodon,13605,9340867,57072,1612578270
noc.social,up,mastodon,13497,446549,45461,1612578269
meow.social,up,mastodon,13152,2669124,31191,1612578267
eldritch.cafe,up,mastodon,13024,3462067,54906,1612578267
mstdn.plus,up,mastodon,12757,232265,36188,1612579078
toot.io,up,mastodon,12529,264641,43662,1612578267
cyberplace.social,up,mastodon,12229,176842,39333,1669121871
social.cologne,up,mastodon,12145,924077,45548,1612578265
indieweb.social,up,mastodon,12091,841993,49195,1612578267
social.linux.pizza,up,mastodon,12061,999693,57516,1612578269
mastodon.green,up,mastodon,12031,1355737,44469,1612578266
ro-mastodon.puyo.jp,up,mastodon,11494,2988288,3733,1612578267
toot.wales,up,mastodon,11373,884198,52108,1612578268
sigmoid.social,up,mastodon,11177,230908,42109,1667484307
muenchen.social,up,mastodon,11143,549696,22464,1612578269
ruhr.social,up,mastodon,10895,936741,50951,1612578266
framapiaf.org,up,mastodon,10783,2963454,51444,1612578271
mstdn.tokyocameraclub.com,up,mastodon,10695,159905,18590,1612578270
occm.cc,up,mastodon,10615,7016582,4028,1626061599
social.anoxinon.de,up,mastodon,10349,535619,45906,1612578267
hessen.social,up,mastodon,10284,912212,37895,1621452692
g0v.social,up,mastodon,10072,1436221,42576,1612578269
stranger.social,up,mastodon,10032,281762,36912,1669842504
climatejustice.social,up,mastodon,9799,789190,33278,1612578268
truthsocial.co.in,up,mastodon,9568,72702,114289,1651281820
dice.camp,up,mastodon,9394,1279593,48880,1612578270
projectmushroom.social,up,mastodon,9294,34676,1,1668572864
mastodon.nz,up,mastodon,9141,1399908,46395,1612578268
mastodont.cat,up,mastodon,8861,1377810,35231,1612578269
h4.io,up,mastodon,8813,135495,27769,1651682903
socel.net,up,mastodon,8741,502403,46604,1612578267
101010.pl,up,mastodon,8644,804368,24120,1612578269
hostux.social,up,mastodon,8596,544808,32409,1612578266
aipi.social,up,mastodon,8559,27042,20089,1612578266
twit.social,up,mastodon,8327,560201,49198,1612578268
me.ns.ci,up,mastodon,8244,1309988,27119,1612578270
pol.social,up,mastodon,8150,302434,36631,1635770435
econtwitter.net,up,mastodon,8023,235993,21613,1667605044
livellosegreto.it,up,mastodon,7916,475862,40294,1648511628
mstdn.science,up,mastodon,7302,470017,31528,1667197941
nerdculture.de,up,mastodon,7176,811928,28788,1612578269
social.librem.one,up,mastodon,7045,177359,47724,1612578267
vocalodon.net,up,mastodon,7004,5401921,27900,1612578268
nojack.easydns.ca,up,mastodon,6945,16449,26860,1612578267
bark.lgbt,up,mastodon,6892,352349,34895,1671200896
link.baai.ac.cn,up,mastodon,6876,25705,2823,1693627486
ruby.social,up,mastodon,6570,424527,76121,1612578266
urbanists.social,up,mastodon,6482,705656,44040,1667260279
vis.social,up,mastodon,6263,231436,49720,1612578269
zirk.us,up,mastodon,6184,993666,48391,1667517909
mastodontti.fi,up,mastodon,5954,521066,41019,1612578266
union.place,up,mastodon,5936,298401,32985,1668130028
metalhead.club,up,mastodon,5922,681898,48850,1612578270
fediscience.org,up,mastodon,5886,725672,45205,1612578270
imastodon.net,up,mastodon,5719,16894439,20615,1612578266
dju.social,up,mastodon,5716,185719,30845,1651251870
mastodon.eus,up,mastodon,5691,648043,35323,1612578270
toot.funami.tech,up,mastodon,5665,279583,23812,1665984385
cupoftea.social,up,mastodon,5579,326337,41489,1668904962
sciences.social,up,mastodon,5558,339703,40721,1667197941
mastodonczech.cz,up,mastodon,5550,432711,32043,1668156684
social.politicaconciencia.org,up,mastodon,5518,339238,36913,1612578268
kirakiratter.com,up,mastodon,5463,2694878,21929,1612578265
ecoevo.social,up,mastodon,5415,413753,41323,1667426972
toot.aquilenet.fr,up,mastodon,5354,327243,42261,1612578268
convo.casa,up,mastodon,5350,62426,41291,1668572374
masto.pt,up,mastodon,5347,573981,49691,1612578270
phpc.social,up,mastodon,5325,411291,45657,1612578266
mstdn.guru,up,mastodon,4724,1768471,19755,1612578268
sociale.network,up,mastodon,4597,712347,42031,1612578266
todon.eu,up,mastodon,4536,840551,44227,1612578269
gensokyo.town,up,mastodon,4496,529851,19942,1612578266
linuxrocks.online,up,mastodon,4473,250702,49012,1612578265
mastoturk.org,up,mastodon,4461,561384,2453,1674611164
wien.rocks,up,mastodon,4451,337710,28115,1620986504
kind.social,up,mastodon,4443,680907,45032,1612578267
rubber.social,up,mastodon,4440,258653,32373,1612578269
muenster.im,up,mastodon,4364,305534,35071,1612578266
1234.as,up,mastodon,4336,921104,26267,1612578266
fairy.id,up,mastodon,4224,255070,32079,1644249296
ichiji.social,up,mastodon,4195,1930168,18193,1612578267
mastodon.zaclys.com,up,mastodon,4113,355240,44445,1612578266
lou.lt,up,mastodon,4100,142303,29909,1612578270
uri.life,up,mastodon,4081,1221835,20409,1612578387
dresden.network,up,mastodon,3972,541483,37592,1612578267
bgme.me,up,mastodon,3967,6485037,34802,1612578270
genomic.social,up,mastodon,3949,246584,37773,1667385374
mastodon.berlin,up,mastodon,3941,49024,32585,1612579012
artsio.com,up,mastodon,3938,20643,21964,1651010199
mastodon.ml,up,mastodon,3927,1145116,54877,1612578271
freeatlantis.com,up,mastodon,3918,2009240,26347,1628611184
mastodon.radio,up,mastodon,3916,478626,45338,1612578266
wehavecookies.social,up,mastodon,3893,87648,27548,1668296264
expressional.social,up,mastodon,3886,210370,25317,1668278006
wandering.shop,up,mastodon,3844,2725831,55653,1612578269
social.targaryen.house,up,mastodon,3774,112224,39587,1612578269
yiff.life,up,mastodon,3756,1327477,45427,1612578267
discuss.systems,up,mastodon,3750,293559,32211,1667878005
writing.exchange,up,mastodon,3734,590628,53598,1612578267
liker.social,up,mastodon,3733,472234,26527,1612578267
qdon.space,up,mastodon,3729,882089,19011,1612578270
rheinneckar.social,up,mastodon,3640,199413,36540,1650131184
gensokyo.social,up,mastodon,3639,131433,36113,1612578268
ursal.zone,up,mastodon,3567,381483,37528,1612578266
veganism.social,up,mastodon,3496,210544,38042,1668940777
toad.social,up,mastodon,3484,790262,38949,1667903460
tooot.im,up,mastodon,3484,661101,43859,1612578266
mathtod.online,up,mastodon,3470,91268,18595,1612578271
donphan.social,up,mastodon,3416,158690,38563,1612578271
masto.nobigtech.es,up,mastodon,3408,126884,32646,1635871966
androiddev.social,up,mastodon,3328,108410,38278,1667396811
iztasocial.site,up,mastodon,3291,61393,6558,1612578347
photog.social,up,mastodon,3283,507607,51367,1612578268
digitalcourage.social,up,mastodon,3271,1053925,26127,1612578271
sunny.garden,up,mastodon,3235,547833,41475,1651075040
bildung.social,up,mastodon,3231,542048,45763,1612578268
fulda.social,up,mastodon,3203,67743,18168,1612578270
ffxiv-mastodon.com,up,mastodon,3197,933595,10462,1612578267
equestria.social,up,mastodon,3183,324363,43464,1612578266
lile.cl,up,mastodon,3171,583696,35947,1651004483
tabletop.social,up,mastodon,3160,162375,41259,1612578269
berlin.social,up,mastodon,3156,568173,49566,1612578347
best-friends.chat,up,mastodon,3151,13833294,30605,1612578266
ika.queloud.net,up,mastodon,3150,2013353,14447,1612578268
tooting.ch,up,mastodon,3111,298812,38741,1612578269
peoplemaking.games,up,mastodon,3110,308857,38452,1651064566
cubhub.social,up,mastodon,3101,296965,21943,1668617824
wetdry.world,up,mastodon,3083,1407081,42416,1627998822
mastodon.in.th,up,mastodon,3075,316595,26421,1612578271
feuerwehr.social,up,mastodon,3046,39477,18039,1619827854
woof.group,up,mastodon,3031,462705,37178,1612578266
mastodon.arch-linux.cz,up,mastodon,3024,196266,32756,1614098350
ani.work,up,mastodon,3009,130574,28670,1612578269
graphics.social,up,mastodon,3006,47999,36196,1667628718
backend.newsmast.org,up,mastodon,2990,97100,31310,1692718625
journa.host,up,mastodon,2988,488232,44092,1667650887
todon.nl,up,mastodon,2983,1710292,48153,1612578267
disabled.social,up,mastodon,2962,483910,38001,1667883830
freeradical.zone,up,mastodon,2958,756712,40418,1612578266
kemonodon.club,up,mastodon,2953,908028,18881,1612578266
hispagatos.space,up,mastodon,2875,130871,22990,1612578270
toot.cafe,up,mastodon,2871,431415,48812,1612578268
snabelen.no,up,mastodon,2861,211292,147135,1612578266
toot.cat,up,mastodon,2861,900322,59610,1612578265
oc.todon.fr,up,mastodon,2831,219116,41484,1612578270
freiburg.social,up,mastodon,2761,315363,36706,1612822702
mastodon.london,up,mastodon,2757,38799,160514,1612578270
tribe.net,up,mastodon,2755,20626,20050,1667788943
mastodon.me.uk,up,mastodon,2744,708522,48818,1612578270
hci.social,up,mastodon,2741,167790,36257,1651593490
gaygeek.social,up,mastodon,2708,117153,18877,1676074169
mastodon.la,up,mastodon,2654,635694,35715,1612578270
acg.mn,up,mastodon,2636,212853,16648,1612578266
noauthority.social,up,mastodon,2627,1288396,23508,1705151215
mstdn.games,up,mastodon,2579,461747,42534,1670020575
mapstodon.space,up,mastodon,2575,137753,39600,1667618616
tea.codes,up,mastodon,2564,50141,18231,1639647840
mastodon.partipirate.org,up,mastodon,2541,54025,22083,1612578270
rivals.space,up,mastodon,2536,463148,40764,1612578270
layer8.space,up,mastodon,2531,340640,61448,1612578265
blorbo.social,up,mastodon,2523,581061,33412,1668029658
hello.2heng.xin,up,mastodon,2513,267485,20809,1612578266
gameliberty.club,up,mastodon,2506,872832,50976,1612578268
mstdn.fr,up,mastodon,2499,420913,27172,1612578270
oslo.town,up,mastodon,2456,124792,45231,1612578268
typo.social,up,mastodon,2450,168294,31538,1667728125
mastodon-belgium.be,up,mastodon,2444,223301,33154,1667430788
donotban.com,up,mastodon,2443,799795,28578,1612578269
mast.dragon-fly.club,up,mastodon,2441,243410,17961,1612578348
mesmerized.online,up,mastodon,2407,15925,10736,1696722098
federated.press,up,mastodon,2401,275850,32929,1667840655
swiss.social,up,mastodon,2380,313293,41506,1667401199
dizl.de,up,mastodon,2374,179773,36745,1612578265
elekk.xyz,up,mastodon,2352,1615718,40626,1612578269
libretooth.gr,up,mastodon,2339,336403,40307,1612578268
mstdn.dk,up,mastodon,2337,64358,29094,1667342222
mastodon.oeru.org,up,mastodon,2331,13339,29115,1612578267
matx.eus,up,mastodon,2314,14066,111,1747664868
eletusk.club,up,mastodon,2311,2322889,9776,1612578269
girlcock.club,up,mastodon,2304,669456,37945,1612578267
etalenta.social,up,mastodon,2302,2399,9038,1739285542
mastodon.cipherbliss.com,up,mastodon,2291,83723,18525,1612578268
freeframe.masto.host,up,mastodon,2260,22854,13361,1612578267
social.veraciousnetwork.com,up,mastodon,2259,6664,26097,1666657389
tilde.zone,up,mastodon,2250,433765,49059,1612578269
mastoot.fr,up,mastodon,2242,52847,23226,1669264684
mastorol.es,up,mastodon,2241,280532,25787,1668281931
twiukraine.com,up,mastodon,2222,208475,25475,1667863737
mstdn.maud.io,up,mastodon,2207,7313662,32107,1612578267
mstdn.kemono-friends.info,up,mastodon,2112,10755248,19866,1612578266
anarchism.space,up,mastodon,2106,283933,39717,1612578269
bolha.us,up,mastodon,2105,121582,36380,1653161008
pouet.chapril.org,up,mastodon,2068,714067,43072,1612578268
mustard.blog,up,mastodon,2056,294034,13189,1668166330
hometech.social,up,mastodon,2052,14350,25819,1669317303
mastodon.com.br,up,mastodon,2051,218570,32547,1612578271
mastodon.de,up,mastodon,2011,330587,34903,1689098489
social.coop,up,mastodon,2007,906194,58656,1612578270
mastodon.org.uk,up,mastodon,1984,265563,48285,1612578271
shelter.moe,up,mastodon,1979,568128,40058,1612578268
photodn.net,up,mastodon,1963,152241,16432,1612578266
anticapitalist.party,up,mastodon,1951,349260,63840,1612578267
mastodon.cc,up,mastodon,1942,104027,40532,1612578270
kurry.social,up,mastodon,1935,177774,16413,1666766962
furry.engineer,up,mastodon,1900,594362,38237,1612578267
pawb.fun,up,mastodon,1894,238101,32167,1667581007
mastodon.gougere.fr,up,mastodon,1892,240870,39010,1612578270
sunbeam.city,up,mastodon,1886,555441,43456,1612578269
masto.nyc,up,mastodon,1877,73882,32704,1668062736
urusai.social,up,mastodon,1866,262159,21186,1668333482
spore.social,up,mastodon,1841,412232,39067,1669240341
scicomm.xyz,up,mastodon,1831,191404,46592,1612578267
qaf.men,up,mastodon,1829,46009,26962,1612578270
mastodon.juggler.jp,up,mastodon,1822,817361,17384,1612578266
vkl.world,up,mastodon,1821,69211,15458,1668904961
shakedown.social,up,mastodon,1815,313356,32415,1668743615
mastodon.mnetwork.co.kr,up,mastodon,1781,239766,8787,1612579013
lounge.town,up,mastodon,1777,8914,32318,1668775978
seaofog.com,up,mastodon,1771,378365,18706,1632382237
is.nota.live,up,mastodon,1753,400230,48011,1612578267
lgbtqia.space,up,mastodon,1747,571944,42276,1667691316
pnw.zone,up,mastodon,1735,111936,35056,1668940013
witter.cz,up,mastodon,1727,85967,31706,1667750042
awoo.space,up,mastodon,1723,648935,306,1612578270
blacktwitter.io,up,mastodon,1721,102577,32188,1612578387
mastodon.pirateparty.be,up,mastodon,1708,84598,22035,1612578267
arvr.social,up,mastodon,1704,19067,25066,1668499404
kinkycats.org,up,mastodon,1702,174434,13999,1698140157
computerfairi.es,up,mastodon,1700,540213,41262,1612578267
mental.social,up,mastodon,1695,1488561,15235,1612578269
aleph.land,up,mastodon,1687,254783,42586,1612578266
kanoa.de,up,mastodon,1685,89852,23281,1612578270
social.lol,up,mastodon,1685,531223,42658,1657993625
ludosphere.fr,up,mastodon,1679,162354,35916,1612578266
otoya.space,up,mastodon,1670,84131,12883,1612578268
m.otter.homes,up,mastodon,1667,1081352,184735,1672636577
go5.dev,up,mastodon,1659,544826,52705,1612578266
graz.social,up,mastodon,1656,168750,36266,1612578266
burma.social,up,mastodon,1650,13940,12405,1675634484
norcal.social,up,mastodon,1638,55582,19974,1612585465
famichiki.jp,up,mastodon,1636,553692,30204,1667798262
blabber.lu-rp.net,up,mastodon,1634,16439,1661,1647369705
social.treehouse.systems,up,mastodon,1624,691827,42144,1649205655
mastodon.uy,up,mastodon,1623,180522,27132,1612578267
mastodon.com.pl,up,mastodon,1613,256377,28213,1612578267
respublicae.eu,up,mastodon,1592,1817877,21138,1648942558
4bear.com,up,mastodon,1588,167363,26536,1669162869
hkust.social,up,mastodon,1586,8949,15,1750503241
bonn.social,up,mastodon,1584,410278,33996,1612578266
mastodon.hypnoguys.com,up,mastodon,1578,35602,24657,1612578266
fandom.ink,up,mastodon,1575,451388,44430,1612578267
h-net.social,up,mastodon,1558,39508,27922,1668463287
mona.do,up,mastodon,1544,833444,101399,1658990299
organica.social,up,mastodon,1543,32101,10148,1746770776
woof.tech,up,mastodon,1542,99387,28004,1668988267
pkm.social,up,mastodon,1542,57098,36812,1668090379
jorts.horse,up,mastodon,1531,1162390,43946,1612578269
pokemon.mastportal.info,up,mastodon,1520,4064636,21304,1612578269
social.opendesktop.org,up,mastodon,1517,4340,23330,1612578346
gulp.cafe,up,mastodon,1516,215562,34754,1612578266
uwu.social,up,mastodon,1515,362387,42754,1612578269
douchi.space,up,mastodon,1511,565754,23762,1612578268
musicworld.social,up,mastodon,1510,265101,25046,1670016895
gruene.social,up,mastodon,1505,339034,42508,1612578270
opalstack.social,up,mastodon,1503,90697,17242,1668064184
eupolicy.social,up,mastodon,1500,216281,33591,1651860486
social.freysa.ai,up,mastodon,1471,3933788,2760,1740221285
poweredbygay.social,up,mastodon,1450,22255,16793,1668038882
mstdn.mx,up,mastodon,1449,283402,44480,1612578268
neuromatch.social,up,mastodon,1446,138620,32774,1669726348
mstdn.in.th,up,mastodon,1433,80345,17302,1669407956
social.sciences.re,up,mastodon,1426,318243,36125,1667217691
chitter.xyz,up,mastodon,1407,1540740,45818,1612578268
zeroes.ca,up,mastodon,1394,422243,41825,1651055761
social.chinwag.org,up,mastodon,1385,164211,43142,1612578266
darmstadt.social,up,mastodon,1380,168796,33748,1612578269
mastodon.design,up,mastodon,1377,144435,44989,1612578268
podcastindex.social,up,mastodon,1369,139482,36076,1612578267
alpha.argyle.social,up,mastodon,1367,221027,2962,1743282915
social.coletivos.org,up,mastodon,1363,34115,30521,1612578270
mastodon.coffee,up,mastodon,1358,347503,62933,1612578392
iosdev.space,up,mastodon,1357,125982,34483,1667623753
beta.argyle.social,up,mastodon,1357,217919,3574,1737504921
tablegame.mstdn.cloud,up,mastodon,1354,1198404,10692,1612578267
akamdon.com,up,mastodon,1344,492621,11,1674312847
mastodon.gal,up,mastodon,1338,192028,27331,1652744714
eigadon.net,up,mastodon,1331,27574,12007,1612578267
retro.pizza,up,mastodon,1312,548429,41354,1666751760
mastodon.acm.org,up,mastodon,1310,80692,31484,1670615583
lilymagic.com,up,mastodon,1310,34389,6285,1644801840
social.slat.org,up,mastodon,1308,30341,25412,1612578268
floss.social,up,mastodon,1308,579583,73280,1612578268
mastodon.energy,up,mastodon,1297,124693,32067,1667865428
tyrol.social,up,mastodon,1296,91060,24059,1651881420
otogamer.me,up,mastodon,1282,1157259,13853,1612578269
social.kyiv.dcomm.net.ua,up,mastodon,1278,399663,30938,1660103358
vocalounge.cafe,up,mastodon,1267,79999,33030,1612578270
nofan.xyz,up,mastodon,1264,927582,22237,1614398720
dotnet.social,up,mastodon,1263,93119,29331,1667023084
apobangpo.space,up,mastodon,1263,186809,22818,1668499404
stereodon.social,up,mastodon,1262,26143,15597,1612578267
kopiti.am,up,mastodon,1259,79237,33198,1612578266
seocommunity.social,up,mastodon,1244,38878,23759,1667622856
yeeti.io,up,mastodon,1242,333,223,1765969408
scholar.social,up,mastodon,1234,696981,53003,1612578267
sukebe.hostdon.ne.jp,up,mastodon,1230,10832,2192,1639649494
toot.lv,up,mastodon,1220,294429,99310,1652585743
esperanto.masto.host,up,mastodon,1220,102210,36606,1612578268
oldbytes.space,up,mastodon,1219,479500,48803,1612578268
social.edu.nl,up,mastodon,1201,61021,27534,1675095550
glammr.us,up,mastodon,1184,246439,40254,1612578267
toot.turbo.chat,up,mastodon,1169,29090,5554,1612578269
oulipo.social,up,mastodon,1164,177740,32696,1612578266
vt.social,up,mastodon,1156,151729,33981,1667802253
est.social,up,mastodon,1141,27323,14932,1668904962
neurodifferent.me,up,mastodon,1131,310249,36700,1667821346
en.osm.town,up,mastodon,1127,188920,45097,1612578270
trpg.cloud,up,mastodon,1108,223335,10475,1612578267
dobbs.town,up,mastodon,1106,298061,42560,1612578267
wobbl.xyz,up,mastodon,1097,186903,15987,1668533637
im-in.space,up,mastodon,1096,141870,40700,1612578267
mapsupport.de,up,mastodon,1076,72484,9407,1679867053
macaw.social,up,mastodon,1063,90445,34284,1667445521
vtdon.com,up,mastodon,1062,115651,11026,1670161734
literatur.social,up,mastodon,1061,605523,39977,1612578266
masto.yttrx.com,up,mastodon,1058,10459,27887,1667728126
mastodon.mim-libre.fr,up,mastodon,1050,49285,20663,1629756087
hear-me.social,up,mastodon,1039,73287,26579,1671465358
macrofurs.social,up,mastodon,1037,148051,21514,1667959846
mastodon.hk,up,mastodon,1030,64360,25076,1612578270
mastodol.jp,up,mastodon,1024,199838,3743,1612578267
archaeo.social,up,mastodon,1018,97531,19030,1667837640
machteburch.social,up,mastodon,1013,132929,27744,1612578267
bitbang.social,up,mastodon,1011,229521,36670,1667887879
beige.party,up,mastodon,1005,2577647,45943,1667786637
mastodon.zuiriben.com,up,mastodon,1000,50000,50,1742902178
tooter.social,up,mastodon,999,44838,27123,1612578269
jawns.club,up,mastodon,994,148725,43112,1612578266
pointless.chat,up,mastodon,984,255931,15862,1683721690
epicure.social,up,mastodon,982,120097,18246,1668701532
toot.berlin,up,mastodon,972,98553,36778,1612578267
toots.social,up,mastodon,967,50526,12829,1612578266
thicc.horse,up,mastodon,967,245027,28041,1612578266
masto.bike,up,mastodon,963,713843,23184,1667812998
vmst.io,up,mastodon,958,370252,30937,1665156351
mastodon.free-solutions.org,up,mastodon,952,22180,19524,1668019446
todon.ploud.fr,up,mastodon,947,7648,6757,1612578392
rebel.ar,up,mastodon,943,67756,25464,1668632102
maly.io,up,mastodon,939,193527,45703,1612578267
mastodon.mit.edu,up,mastodon,929,246527,37973,1612578269
toot.portes-imaginaire.org,up,mastodon,929,63419,25694,1612578346
mastodon-swiss.org,up,mastodon,926,5702,19839,1668511132
babka.social,up,mastodon,917,340016,39625,1668622505
mstdn.beer,up,mastodon,912,7360378,153167,1612578266
mastodon.tetaneutral.net,up,mastodon,911,230228,35565,1612578267
yakyudon.net,up,mastodon,906,149639,1942,1612578267
mastodon.triggerphra.se,up,mastodon,904,45083,27243,1612578268
toot.thoughtworks.com,up,mastodon,900,17291,32849,1612578271
icosahedron.website,up,mastodon,900,592388,48423,1612578267
functional.cafe,up,mastodon,893,280060,31128,1612578270
otadon.com,up,mastodon,882,624738,15192,1612578388
lewacki.space,up,mastodon,879,30282,21956,1668022427
trpg-o.xyz,up,mastodon,877,581159,7294,1674448174
colearn.social,up,mastodon,870,28793,14878,1668821230
types.pl,up,mastodon,869,538848,39244,1612578270
furries.club,up,mastodon,868,101842,30743,1667988049
drumstodon.net,up,mastodon,858,4338,23057,1669500875
social.mindplex.ai,up,mastodon,856,6346,6255,1696890327
e.fo,up,mastodon,856,119684,12724,1668070057
academiccloud.social,up,mastodon,851,12626,17931,1671727943
dtp-mstdn.jp,up,mastodon,848,35907,11799,1612578266
9kb.me,up,mastodon,846,292875,18441,1612578270
musicians.today,up,mastodon,841,98140,33155,1668384804
tldr.nettime.org,up,mastodon,838,221659,32960,1669223254
social.bau-ha.us,up,mastodon,819,142498,43135,1612578267
mstdn.io,up,mastodon,814,1408707,46976,1612578270
mastodon.hams.social,up,mastodon,810,57786,28475,1667875981
toot.blue,up,mastodon,810,1002845,33037,1612578269
flower.afn.social,up,mastodon,804,11363472,10456,1612578271
mast.moe,up,mastodon,800,395984,13653,1612578270
mementomori.social,up,mastodon,798,325306,39554,1667684635
biplus.date,up,mastodon,796,232712,20890,1631572699
moresci.sale,up,mastodon,795,722083,27820,1612578269
col.social,up,mastodon,788,216087,24300,1667445601
cztwitter.cz,up,mastodon,788,91123,20976,1667441931
digforfire.org,up,mastodon,788,254788,6955,1612578265
test.cztwitter.cz,up,mastodon,787,88907,20415,1762284781
livester.net,up,mastodon,783,7037,11999,1667919979
muri.network,up,mastodon,782,343626,10551,1671420720
toot.kif.rocks,up,mastodon,782,196494,36992,1612578271
jasette.facil.services,up,mastodon,774,98178,25409,1612578266
toki.social,up,mastodon,772,13953,18532,1633942501
wargamers.social,up,mastodon,762,41470,24324,1669061957
mountains.social,up,mastodon,761,57691,33581,1668904961
rngm-zakaecommu.fedicity.net,up,mastodon,755,821133,27,1692424439
federatedfandom.net,up,mastodon,753,343718,22251,1668478124
transfur.social,up,mastodon,751,53069,26872,1669488658
gardenstate.social,up,mastodon,747,59132,32611,1669127664
ramen-fsm.eu.org,up,mastodon,740,386456,18812,1656241218
social.y-gallery.net,up,mastodon,738,1311,4449,1669658043
theatl.social,up,mastodon,738,60401,32288,1669094233
toot.si,up,mastodon,732,67344,38432,1612578266
social.seattle.wa.us,up,mastodon,726,64496,41459,1612578270
be-lieve.hostdon.ne.jp,up,mastodon,725,249830,4674,1670879321
xoxo.zone,up,mastodon,722,286398,39305,1612578266
spacey.space,up,mastodon,721,144732,35701,1667660006
sauropods.win,up,mastodon,717,332390,41145,1615594870
social.epfl.ch,up,mastodon,717,4673,13566,1739184745
mast.hpc.social,up,mastodon,715,41903,29198,1668823611
hub.mtf.party,up,mastodon,713,7320,27024,1612578267
kirche.social,up,mastodon,710,188002,38385,1612578269
merovingian.club,up,mastodon,709,294739,18216,1656981249
tenforward.social,up,mastodon,708,703068,46117,1612578270
mastodonsweden.se,up,mastodon,705,215546,34829,1667556307
fedi.at,up,mastodon,702,39095,158658,1657152437
indieauthors.social,up,mastodon,699,76578,26354,1669113764
bologna.one,up,mastodon,694,10860,19882,1612578267
mastodon.education,up,mastodon,691,70151,15558,1667513750
mastodon.li,up,mastodon,689,5225,19272,1612578266
blimps.xyz,up,mastodon,685,319825,28888,1612578266
pone.social,up,mastodon,685,65892,17511,1612578270
body.social,up,mastodon,680,28165,20855,1653391487
plush.city,up,mastodon,678,1425767,46907,1612578270
dmv.community,up,mastodon,675,214084,37237,1669682879
mastodon.content.town,up,mastodon,667,18769,29158,1650952002
better.boston,up,mastodon,664,104351,30245,1667919979
bahn.social,up,mastodon,663,89012,26710,1667646666
mstdn-bike.net,up,mastodon,660,1129629,14124,1612578269
hawirkitabak.com,up,mastodon,659,1116,4,1760438127
esq.social,up,mastodon,657,159623,35571,1668031495
corteximplant.com,up,mastodon,649,286755,67269,1651003107
elizur.me,up,mastodon,645,5548,12566,1667606214
mastobate.social,up,mastodon,643,43912,14690,1669706768
mastodon.cisti.org,up,mastodon,641,399332,29830,1612578266
heads.social,up,mastodon,635,211038,33463,1668906733
rcsocial.net,up,mastodon,633,43229,23542,1612578270
drupal.community,up,mastodon,629,52131,34191,1668730057
federate.social,up,mastodon,629,144681,40442,1667409118
quokka.city,up,mastodon,628,755401,5375,1717469209
rpvortex.online,up,mastodon,624,33300,4150,1612578269
datasci.social,up,mastodon,619,12623,29487,1668683345
social.freetalklive.com,up,mastodon,619,136273,20050,1612578269
mastodon.wien,up,mastodon,618,8123,24342,1668663876
social.narsol.org,up,mastodon,618,56594,0,1740247796
social.datalabour.com,up,mastodon,610,70927,13173,1635421764
mikumikudance.cloud,up,mastodon,609,67056,15490,1612578270
genealysis.social,up,mastodon,608,44500,27641,1668482942
mastodon.scollectif.fr,up,mastodon,606,34952,7431,1682172022
fedihum.org,up,mastodon,605,130046,31168,1668268469
m.ai6yr.org,up,mastodon,604,702441,28009,1667968492
mastoart.social,up,mastodon,600,71653,28618,1698639030
radikal.social,up,mastodon,598,35167,24458,1678542377
retirenow.top,up,mastodon,594,178464,17866,1644674860
musician.social,up,mastodon,592,71670,30463,1670115208
zug.network,up,mastodon,591,495062,33556,1667599566
akademienl.social,up,mastodon,591,51412,33173,1667344389
rss-mstdn.studiofreesia.com,up,mastodon,591,3459166,16877,1682379989
ciberlandia.pt,up,mastodon,585,115580,30789,1667282580
khiar.net,up,mastodon,584,51752,23855,1612578267
jsemholkacz.todon.de,up,mastodon,581,13179,4379,1684563862
mograph.social,up,mastodon,580,65160,40859,1612578266
social.darc.de,up,mastodon,577,26459,20999,1669295005
pdx.social,up,mastodon,575,216083,33925,1612578269
deadinsi.de,up,mastodon,575,433202,42550,1612578266
cwb.social,up,mastodon,569,86207,24244,1668290532
mastodon.bsd.cafe,up,mastodon,565,65735,24521,1689812124
toot.garden,up,mastodon,565,44598,30988,1667937779
kirishima.cloud,up,mastodon,564,2642581,19976,1612578268
social.silicon.moe,up,mastodon,560,140507,23484,1667926222
bookwor.ms,up,mastodon,559,432077,32512,1612578267
moe.cat,up,mastodon,551,90138,23542,1612578268
birds.town,up,mastodon,549,56269,26790,1669062995
linux.social,up,mastodon,543,4757,19785,1672207132
unstable.icu,up,mastodon,538,155104,14975,1612578269
glaceon.social,up,mastodon,538,781092,36886,1612578267
techtoots.com,up,mastodon,536,8337,24985,1682016271
waag.social,up,mastodon,533,40049,26148,1668063657
c7.io,up,mastodon,532,53782,17442,1674440495
hypno.social,up,mastodon,531,1291,6192,1668281301
ponies.social,up,mastodon,530,275146,3497,1669750098
mastodon.vlaanderen,up,mastodon,528,42140,23572,1667693659
library.love,up,mastodon,528,10858,20195,1674139559
feral.cafe,up,mastodon,527,14041,16372,1670549057
bzh.social,up,mastodon,524,19423,23249,1673029642
tweesecake.social,up,mastodon,524,464325,36898,1668183597
mastodon.bayern,up,mastodon,509,104368,30346,1612578267
mastodon.bachgau.social,up,mastodon,506,8351,18149,1625731259
privacysafe.social,up,mastodon,505,10886,18218,1731961848
genart.social,up,mastodon,503,92335,27658,1666637992
paktodon.asia,up,mastodon,501,15185,25290,1669660329
social.mikutter.hachune.net,up,mastodon,500,2492013,29942,1612578266
cyberfurz.social,up,mastodon,495,63846,26868,1667244903
abyss.fun,up,mastodon,493,663198,21171,1612578270
osna.social,up,mastodon,493,67689,28672,1612578270
idlethumbs.social,up,mastodon,493,40668,30362,1612578266
slashine.onl,up,mastodon,491,368229,27707,1612578267
aoir.social,up,mastodon,491,27717,32929,1677831970
zpravobot.news,up,mastodon,490,184182,2360,1679784809
fikaverse.club,up,mastodon,489,8629,30282,1612578266
mastodon.schule,up,mastodon,488,898,7914,1669684589
mstdn.nere9.help,up,mastodon,488,1354145,24496,1612578267
mastodon.acc.sunet.se,up,mastodon,487,87314,37460,1612578268
mastodon.hosnet.fr,up,mastodon,482,2774,13738,1612579016
meemu.org,up,mastodon,481,225592,31807,1612578267
bangdream.space,up,mastodon,477,105279,148129,1612578267
mastodon.im,up,mastodon,477,152846,13631,1614700437
denden.world,up,mastodon,477,116869,19602,1689392435
friendsofdesoto.social,up,mastodon,475,132857,29521,1667932482
imastodon.org,up,mastodon,466,33754,142965,1612578265
birdon.social,up,mastodon,465,60602,24008,1671125805
dragonscave.space,up,mastodon,464,712877,45247,1612578269
gingadon.com,up,mastodon,463,478082,19721,1612578266
wisskomm.social,up,mastodon,462,48286,18692,1668534910
mastodon.africa,up,mastodon,456,79945,31784,1667835861
pony.social,up,mastodon,456,62661,36381,1612578271
a2mi.social,up,mastodon,455,335856,34223,1612578269
kafeneio.social,up,mastodon,454,525857,18604,1652301150
www.zohup.com,up,mastodon,444,47,1,1683780401
mastodon.cr,up,mastodon,443,97656,31901,1668416876
fetistodon.com,up,mastodon,442,4507,1914,1706050546
ni.hil.ist,up,mastodon,441,241682,34114,1612578268
podcasts.social,up,mastodon,441,56994,31974,1667074620
mstdn.animexx.de,up,mastodon,439,45100,22265,1667617462
deacon.social,up,mastodon,437,45494,27520,1668093657
social.ulysseus.eu,up,mastodon,436,1303,152,1639725047
social.diva.exchange,up,mastodon,435,2202,16147,1612578270
mastodon.ee,up,mastodon,435,8076,13410,1652865947
chaosfem.tw,up,mastodon,427,360748,35071,1672013304
ura-mstdn.com,up,mastodon,427,4414,22,1612578270
tchafia.be,up,mastodon,415,28340,24015,1667449079
puntarella.party,up,mastodon,414,256150,26594,1620153673
social.prepedia.org,up,mastodon,413,522620,6791,1612578265
njust.club,up,mastodon,413,2604,30,1667232387
ruhrpott.social,up,mastodon,409,32491,20277,1668612367
glitch.social,up,mastodon,409,489572,35476,1612578268
chinanews.social,up,mastodon,408,30734,9468,1675874981
mastodon.nzoss.nz,up,mastodon,408,145728,43026,1612578268
indieapps.space,up,mastodon,407,9941,18008,1669433996
linernotes.club,up,mastodon,406,51594,37455,1612578270
podvibes.co,up,mastodon,405,33362,26782,1668327634
bayes.club,up,mastodon,405,20140,21220,1667419929
dair-community.social,up,mastodon,401,71158,38192,1667500029
squawk.mytransponder.com,up,mastodon,400,20964,104075,1668548734
catcatnya.com,up,mastodon,399,351797,37061,1650051322
chirp.enworld.org,up,mastodon,397,60802,24655,1650950849
imastodon.blue,up,mastodon,396,45522,2802,1612578269
mastodon.pirati.cz,up,mastodon,395,13661,23948,1612578267
fnordon.de,up,mastodon,394,391110,37615,1612578266
xarxa.cloud,up,mastodon,393,156881,23312,1612578270
fisting.social,up,mastodon,392,2154,6631,1669051395
rail.chat,up,mastodon,392,31852,26965,1651104049
biologists.social,up,mastodon,388,268289,22789,1687366276
pullopen.xyz,up,mastodon,388,941405,20374,1612578266
mstdn.love,up,mastodon,388,583339,21925,1612578265
xn--69aa8bzb.xn--y9a3aq,up,mastodon,387,85526,28019,1612578268
mastodon.skrimmage.com,up,mastodon,387,19762,21421,1668187208
burningboard.net,up,mastodon,386,28093,16088,1676830316
mastodon.sk,up,mastodon,386,266151,21834,1612578266
mahiradon.com,up,mastodon,384,754326,6596,1621681994
planetearth.social,up,mastodon,383,7810,19566,1689588052
gaydadon.jp,up,mastodon,383,19988,11650,1675411687
triangletoot.party,up,mastodon,378,104583,39790,1612578270
artoot.xyz,up,mastodon,378,12216,17297,1612578269
mastodon.compositecomputer.club,up,mastodon,376,1288226,6671,1612578269
occom.masto.host,up,mastodon,369,448340,10,1716539404
imsb.app,up,mastodon,367,81115,9198,1674982844
brettspiel.space,up,mastodon,365,88320,20514,1667257361
cultur.social,up,mastodon,364,18549,20631,1667990153
theres.life,up,mastodon,361,69327,29950,1612578270
precure.ml,up,mastodon,361,366076,10750,1612578267
helvede.net,up,mastodon,360,221783,35958,1651064939
neopaquita.es,up,mastodon,360,214232,18138,1741559004
handon.club,up,mastodon,358,4432115,17464,1612578266
kancolle.social,up,mastodon,356,564282,15943,1612578271
pcgamer.social,up,mastodon,354,40000,16395,1612578270
janogdon.net,up,mastodon,351,5626,5022,1612578387
social.spejset.org,up,mastodon,351,179279,29048,1672414661
toot.re,up,mastodon,351,24372,21597,1667493570
social.horrorhub.club,up,mastodon,350,96080,25458,1667739771
mstdn.hyogo.jp,up,mastodon,349,53472,11162,1612578269
mastodon.pnpde.social,up,mastodon,345,213064,16103,1670806807
7144.party,up,mastodon,341,32401,6468,1612578266
floofy.tech,up,mastodon,341,242616,26436,1668330203
mastodon.tedomum.net,up,mastodon,339,220351,40470,1612578268
legal.social,up,mastodon,339,86625,31052,1612578268
opencoaster.net,up,mastodon,337,7035,29886,1668904985
ukadon.shillest.net,up,mastodon,337,361970,8324,1612578270
lingo.lol,up,mastodon,336,68336,35108,1667641372
hole.ucas.wtf,up,mastodon,335,2119,18,1726673502
friends.cafe,up,mastodon,334,1545513,12616,1612578267
masto.globaleas.org,up,mastodon,331,436467,14486,1681620528
senigallia.one,up,mastodon,331,23691,7714,1656109326
kiritan.work,up,mastodon,330,2395403,14023,1612578268
social.circl.lu,up,mastodon,329,60317,18826,1669223751
mustardon.tokyo,up,mastodon,328,50765,13501,1612578266
mastodo.neoliber.al,up,mastodon,327,110931,24962,1672488337
m6n.onsen.tech,up,mastodon,324,70634,13717,1612578270
nicuverse.org,up,mastodon,323,4243,10511,1668156367
mastodon.hongkongers.net,up,mastodon,323,849088,25327,1669080546
odakyu.app,up,mastodon,323,390787,18242,1612578269
mastodon.atikoro.net,up,mastodon,322,1872,7263,1612578266
mastodon.antisocial.science,up,mastodon,322,44760,102542,1614871855
owo.cafe,up,mastodon,322,222974,24072,1668330637
social.toplap.org,up,mastodon,322,10107,17133,1703979693
gamepad.club,up,mastodon,321,183673,35228,1674713175
synapse.cafe,up,mastodon,320,7813,21995,1669000370
xn--j5r817a.com,up,mastodon,320,9375,12237,1668833028
social.sdf.org,up,mastodon,320,76197,27183,1669334407
mastodon.beer,up,mastodon,318,28011,29255,1667061162
frikiverse.zone,up,mastodon,317,73179,30637,1667353238
rettiwtkcuf.social,up,mastodon,317,13865,13717,1612578270
front-end.social,up,mastodon,316,187449,39227,1667613476
soc.ua-fediland.de,up,mastodon,316,26949,20810,1653926708
dragon.style,up,mastodon,316,410864,40727,1612578265
drosophila.social,up,mastodon,315,18919,23597,1667325291
india.goonj.xyz,up,mastodon,315,66711,15338,1657390674
worldkey.io,up,mastodon,315,150769,32848,1651087213
hed.im,up,mastodon,314,27533,17181,1668125249
mastodon.economiasocial.org,up,mastodon,310,19524,13874,1652789660
wonkodon.com,up,mastodon,310,43216,24720,1667203580
jazztodon.com,up,mastodon,309,20307,22774,1670569530
efdn.club,up,mastodon,307,1170516,27000,1612578268
www.librepunk.club,up,mastodon,307,153298,35204,1612578267
dftba.club,up,mastodon,307,103791,24979,1667723307
chilemasto.casa,up,mastodon,305,45326,30058,1612578267
kcmo.social,up,mastodon,305,133910,26685,1612578268
23.social,up,mastodon,302,94090,26933,1705589494
puritan.pub,up,mastodon,302,11162,0,1640911463
k8s.social,up,mastodon,301,6029,23020,1652568269
pounced-on.me,up,mastodon,299,240137,37718,1612578270
allships.run,up,mastodon,299,362188,17998,1612578266
cathode.church,up,mastodon,298,210557,34885,1612578270
fanfare.horse,up,mastodon,295,15869,5637,1612578270
dragonchat.org,up,mastodon,295,102427,24265,1667894425
brands.town,up,mastodon,295,20004,20713,1668058519
vermont.masto.host,up,mastodon,295,40244,29284,1667666996
mstdn.y-zu.org,up,mastodon,293,544420,18696,1612578269
canada.masto.host,up,mastodon,292,74189,33695,1612578266
localization.cafe,up,mastodon,291,9732,21658,1670943071
tabletop.vip,up,mastodon,291,26252,159694,1651246145
mastodon-tw.com,up,mastodon,290,1264,5570,1744713733
social.ridetrans.it,up,mastodon,290,99971,30326,1667032699
thecanadian.social,up,mastodon,289,252533,28177,1668045714
wug.fun,up,mastodon,288,127141,17274,1612578269
nwb.social,up,mastodon,288,1354,16218,1665446369
mastodon.opencloud.lu,up,mastodon,286,58853,33888,1612578266
duk.space,up,mastodon,286,89902,10947,1612578269
foresdon.jp,up,mastodon,285,383654,14761,1612578267
procursus.social,up,mastodon,283,3510,17632,1674526954
anisaga.life,up,mastodon,283,2980,8313,1741713640
fpl.social,up,mastodon,282,28915,6421,1676061560
learningdisability.social,up,mastodon,280,1221,14597,1667902144
bne.social,up,mastodon,278,149843,34385,1612578266
iwatedon.net,up,mastodon,278,491634,12115,1612578268
augsburg.social,up,mastodon,277,66721,21065,1612578266
mastodon.quebec,up,mastodon,276,84267,55632,1619390050
masto.donte.com.br,up,mastodon,271,605273,39225,1612578266
fandom.garden,up,mastodon,270,60099,32709,1629443424
mastodon.jalgi.eus,up,mastodon,270,42530,16250,1612578271
foojay.social,up,mastodon,268,20662,20102,1668531935
mstdn.poyo.me,up,mastodon,268,1492425,23313,1612578269
masto.bg,up,mastodon,268,14026,16490,1669817383
diaspodon.fr,up,mastodon,267,205510,30919,1612578269
channel.org,up,mastodon,267,33850,17912,1725614956
cville.online,up,mastodon,264,63901,29192,1668391738
mendeddrum.org,up,mastodon,263,215368,31830,1667344389
silversword.online,up,mastodon,263,6049,30869,1667426056
cyberpunk.lol,up,mastodon,263,139341,26547,1703702285
mastodos.com,up,mastodon,262,212520,21537,1612578268
animal-crossing.mastportal.info,up,mastodon,261,120702,12739,1612578269
forall.social,up,mastodon,260,64677,18990,1668667163
mastdn.social,up,mastodon,259,34880,124839,1669595891
cosocial.ca,up,mastodon,256,221240,34952,1670762452
social.sndevs.com,up,mastodon,254,2105,21008,1670273747
fairmove.net,up,mastodon,254,74872,23361,1669568918
meteo.social,up,mastodon,254,77451,24731,1651863827
lsbt.me,up,mastodon,253,45202,142578,1667558061
fedi.yesmap.net,up,mastodon,253,19867,8217,1705908579
pipou.academy,up,mastodon,253,703570,37577,1612578268
cybervillains.com,up,mastodon,252,7183,22975,1667832246
raphus.social,up,mastodon,251,26501,30432,1667798340
unvernunft.social,up,mastodon,251,8189,6646,1670279084
tiny.tilde.website,up,mastodon,251,191023,34103,1612578269
nomanssky.social,up,mastodon,250,36011,17592,1668101163
m.g3l.org,up,mastodon,250,221625,25181,1612578266
mst3k.interlinked.me,up,mastodon,249,345270,33657,1612578268
persadon.com,up,mastodon,249,155400,29704,1612578266
unbound.social,up,mastodon,247,22977,31275,1612578266
genealogie.social,up,mastodon,244,14689,11904,1698649332
calculate.social,up,mastodon,244,10107,15284,1612578270
mastodon.sergal.org,up,mastodon,243,85105,29405,1612578270
elonsucks.org,up,mastodon,241,14115,31059,1669135741
edumasto.org,up,mastodon,240,7948,18549,1667890016
mastox.eu,up,mastodon,240,68438,6424,1755443982
utopia.cool,up,mastodon,239,345107,19789,1612578265
skastodon.com,up,mastodon,238,8509,24556,1666915764
gochisou.photo,up,mastodon,238,99019,11350,1612578268
mastodon.irex.aretex.ca,up,mastodon,237,540,750,1628957017
tzcafe.com,up,mastodon,237,25321,10752,1612578268
toot.lgbt,up,mastodon,237,105679,36143,1667613982
ladies.community,up,mastodon,237,223774,1427,1656038826
mstdn.uec.tokyo,up,mastodon,236,11701,3299,1612578344
towns.gay,up,mastodon,235,53042,30158,1635596119
episcodon.net,up,mastodon,235,6397,22045,1668566495
dataplatform.social,up,mastodon,235,12321,20181,1669143588
w3c.social,up,mastodon,235,16939,35217,1612578270
frankfurt.social,up,mastodon,234,36778,20316,1650962894
mofu.kemo.no,up,mastodon,234,51831,14580,1612578267
unnerv.jp,up,mastodon,234,1744691,17297,1612578269
penfount.social,up,mastodon,234,32257,20695,1686577507
norrebro.space,up,mastodon,234,56417,32523,1612578268
minohdon.jp,up,mastodon,233,131247,21829,1612578270
kotlin.social,up,mastodon,232,2006,11832,1668904961
mastodon.iow.social,up,mastodon,231,14013,18689,1667781777
sjtu.closed.social,up,mastodon,231,730,25,1612578348
heislandmine.work,up,mastodon,231,1445340,18365,1612578268
shrike.club,up,mastodon,229,1681670,31175,1612578269
mastodon.sg,up,mastodon,229,15494,15421,1668981453
blahaj.social,up,mastodon,228,97334,28745,1650923475
town.voyager.blue,up,mastodon,227,342625,7391,1711995276
umbracocommunity.social,up,mastodon,225,15105,17083,1687446357
climatejustice.global,up,mastodon,225,88229,31251,1612578268
autistics.life,up,mastodon,225,182413,31893,1671648347
social.sunet.se,up,mastodon,222,1735,17353,1669397274
mastodon.teia.art,up,mastodon,222,14411,21576,1668359252
okla.social,up,mastodon,221,11332,26615,1669591677
comunidad.nvda.es,up,mastodon,220,46673,16225,1667773392
social.rebellion.global,up,mastodon,220,58693,32759,1612578267
linke.social,up,mastodon,220,13691,18185,1652264887
babyfurs.social,up,mastodon,219,11191,13394,1668778623
muso.social,up,mastodon,218,749,7057,1672465456
snaggletooth.life,up,mastodon,218,271336,30651,1612578265
network.seqular.net,up,mastodon,217,2013,5845,1732280244
zhub.link,up,mastodon,217,191913,24494,1612578267
hsnl.social,up,mastodon,217,40173,102599,1667281904
thepit.social,up,mastodon,217,45046,34528,1667238267
mstdn.schoolidol.club,up,mastodon,215,34803,11884,1612578268
fursuits.online,up,mastodon,215,36005,18786,1668622616
wikis.world,up,mastodon,215,87643,36564,1665559609
nightcord.de,up,mastodon,214,10128,15490,1653396176
feedbeat.me,up,mastodon,214,14178,19661,1620963476
leftist.network,up,mastodon,213,52898,24188,1612578270
songbird.cloud,up,mastodon,212,412766,23515,1668985470
mastodon.roflcopter.fr,up,mastodon,210,3687,25068,1612578267
autonomous.zone,up,mastodon,210,30389,34106,1612578269
ayom.media,up,mastodon,209,37200,28536,1670029668
piipitin.fi,up,mastodon,209,146538,29935,1651095845
frontrange.co,up,mastodon,209,234792,36449,1667711644
critter.cafe,up,mastodon,209,104193,18707,1726185655
bertha.social,up,mastodon,205,34973,26071,1669501128
aana.site,up,mastodon,204,44685,23494,1612578270
mstdn.ro,up,mastodon,204,8279,26298,1668181978
blackrock.city,up,mastodon,203,5173,21669,1612578268
eduresearch.social,up,mastodon,203,7595,9714,1718857343
electroverse.tech,up,mastodon,202,14498,16289,1668267974
plustodon.net,up,mastodon,202,166593,10216,1612578267
mo-me.social,up,mastodon,200,1025,11212,1753193442
masto.social,up,mastodon,200,5485,96489,1612578269
sawakai.space,up,mastodon,200,1530,1627,1612578269
23.illuminati.org,up,mastodon,197,43452,24444,1668307383
alaskan.social,up,mastodon,197,56308,28445,1686437122
tuiter.rocks,up,mastodon,197,168394,26874,1667754014
technodon.org,up,mastodon,197,8490,19790,1676579414
mastodon.rogiken.org,up,mastodon,195,47896,,1758953078
x0r.be,up,mastodon,195,38564,41534,1612578268
cloudisland.nz,up,mastodon,194,410626,42566,1612578269
ikebukuro.city,up,mastodon,194,194379,20,1699630595
fedigroups.social,up,mastodon,194,33110,11648,1706572313
arabi.gay,up,mastodon,194,9215,20440,1685340095
gayfr.social,up,mastodon,194,87873,23336,1671212417
mstdn.moe,up,mastodon,193,46962,12514,1629787025
saptodon.org,up,mastodon,191,5323,17497,1667821346
m-i.im,up,mastodon,190,189447,15950,1612578270
3dp.chat,up,mastodon,190,11520,24849,1667109897
social.uibk.ac.at,up,mastodon,189,23315,21996,1690962805
f.cz,up,mastodon,189,67879,27399,1668533134
mastodon.kitchen,up,mastodon,188,51356,13071,1612578267
tacobelllabs.net,up,mastodon,187,242960,34419,1625072837
mastodon.matrix.org,up,mastodon,186,10233,36098,1612578267
gamedev.lgbt,up,mastodon,186,78381,33527,1667599573
brandenburg.social,up,mastodon,186,26101,13310,1612578347
no-pony.farm,up,mastodon,185,79897,27854,1678883982
crashtodon.net,up,mastodon,185,1369,1421,1644011575
mastodon.ph,up,mastodon,185,4852,19181,1670169903
s.ourneu.space,up,mastodon,184,2068,22,1667309019
mastodon.galileivr.org,up,mastodon,182,151,6540,1703089348
creators.social,up,mastodon,182,8998,11028,1668377554
music-social.com,up,mastodon,181,17137,5819,1708071263
t.chadole.com,up,mastodon,181,54865,11024,1669297548
makegayfriends.com,up,mastodon,181,204,2483,1701537348
verkehrswende.social,up,mastodon,180,40604,21250,1667059445
homoo.social,up,mastodon,180,625342,13375,1612578266
plushie.town,up,mastodon,179,406719,41,1728474826
medievalist.masto.host,up,mastodon,179,21852,27684,1612578270
mastodon.eduresearch.svc.educs-hosting.net,up,mastodon,178,3874,7328,1744749107
social.garudalinux.org,up,mastodon,178,2477,19293,1668109386
earpnation.social,up,mastodon,178,7292,11061,1667541886
devianze.city,up,mastodon,178,7018,18182,1672448681
mastodon.slg-aachen.de,up,mastodon,177,570,0,1653233336
umas.social,up,mastodon,177,883,149,1623732047
ecologie.social,up,mastodon,176,1397,6671,1695318670
code4lib.social,up,mastodon,174,41729,17398,1612578266
mstdn.superspeed-fall.com,up,mastodon,174,112105,4801,1612578268
guild.pmdcollab.org,up,mastodon,174,15971,19218,1668811712
nfdi.social,up,mastodon,172,43155,15970,1677228879
leipzig.town,up,mastodon,172,8338,23788,1668797479
hydrate.space,up,mastodon,171,1055,3313,1675314857
mastodon.fr,up,mastodon,171,388,7484,1740217145
mastodon.codingfield.com,up,mastodon,170,4314,18395,1612578270
masto.hackers.town,up,mastodon,170,72328,23314,1744443195
rhetos.net,up,mastodon,170,417875,2175,1761138350
adlsolarpunk.net,up,mastodon,170,5876,7507,1740218144
ibite.lol,up,mastodon,169,2891,11514,1668802262
machikadon.online,up,mastodon,168,187691,17976,1612578270
agilealliance.social,up,mastodon,167,11528,24443,1669245845
occm.work,up,mastodon,167,567185,8,1727146392
balkan.fedive.rs,up,mastodon,167,5244,23188,1612578270
poliversity.it,up,mastodon,166,38502,20782,1667856606
gamelinks007.net,up,mastodon,165,363530,13402,1612578270
m.lanciano.it,up,mastodon,165,7271,17836,1670298503
social.bitwig.community,up,mastodon,164,10955,30975,1651008397
mastd.racing,up,mastodon,164,58480,24574,1612578267
indiehackers.social,up,mastodon,164,17783,27901,1667336218
masto.hitorino.tv,up,mastodon,164,2681,2981,1653490779
weird.autos,up,mastodon,164,143470,28690,1667938250
mastodon.ktachibana.party,up,mastodon,164,79037,10844,1612578270
ifrit.gaia.ff14-mstdn.xyz,up,mastodon,164,13799,7320,1612578270
toots.nu,up,mastodon,164,14668,25858,1669423725
tincanphone.club,up,mastodon,163,3226,413,1612578347
terere.social,up,mastodon,163,3178,21902,1668904961
mcr.wtf,up,mastodon,162,32194,25089,1668440958
pubeurope.com,up,mastodon,162,3827909,14543,1687822568
open3dlab.social,up,mastodon,161,8912,16191,1690448100
meta.masto.host,up,mastodon,160,39899,26219,1667335277
c18.masto.host,up,mastodon,160,35628,32661,1667259785
mastodon.catgirl.cloud,up,mastodon,159,182046,29055,1686594107
beach.city,up,mastodon,159,314459,35197,1612578269
mastoxiv.page,up,mastodon,159,2110016,12144,1668707758
radiosocial.de,up,mastodon,157,45384,25496,1632585778
mastodon.well.com,up,mastodon,156,14205,17672,1699516247
xn--baw-joa.social,up,mastodon,156,50583,27543,1612578266
dariox.club,up,mastodon,155,3915,21319,1666424691
social.bund.de,up,mastodon,154,80260,28767,1612578267
mast.eu.org,up,mastodon,154,151034,31074,1612578267
girldick.gay,up,mastodon,154,109000,29865,1645631122
crosstalk.tech,up,mastodon,153,12428,17353,1669200349
sonomu.club,up,mastodon,153,101382,42232,1612578268
astral.camp,up,mastodon,153,14369,28319,1666530406
obufalus.jp,up,mastodon,153,91729,3182,1674367782
liberal.city,up,mastodon,152,35758,34247,1612578266
sw-development-is.social,up,mastodon,152,15251,16359,1667931029
kinktroet.social,up,mastodon,152,3853,14271,1651166688
systemli.social,up,mastodon,151,46049,25400,1667617921
infosec.space,up,mastodon,150,239961,29823,1703996524
tty0.social,up,mastodon,150,18302,22753,1667752422
mstdn.isometry.group,up,mastodon,150,91354,19358,1667858235
klog.tw,up,mastodon,150,31533,8350,1669727816
shao.life,up,mastodon,150,137197,8,1700410867
corneill.es,up,mastodon,150,55992,25807,1667959129
mstdn.lalafell.org,up,mastodon,149,20887,7323,1612578270
systerserver.town,up,mastodon,149,42894,35176,1612578268
pfalz.social,up,mastodon,149,100505,31101,1667456683
tiggi.es,up,mastodon,149,164359,30790,1612578269
mastodon.scop.coop,up,mastodon,148,1949,10781,1668187208
mastodon.cl,up,mastodon,148,104889,19588,1612578269
idf.social,up,mastodon,148,41448,24642,1612578270
cmdr.social,up,mastodon,148,6265,17788,1612578267
mas.whippy.kr,up,mastodon,148,93,8,1698763764
indiepocalypse.social,up,mastodon,147,112703,33987,1667022368
social.moment.at,up,mastodon,147,3769,9851,1669223254
solarpunk.moe,up,mastodon,147,159717,36709,1634361698
costodon.social,up,mastodon,146,3726,6756,1668133902
fedilove.cyou,up,mastodon,146,17531,16017,1630837274
v2br.social,up,mastodon,146,13442,20673,1666939159
mastodon.cemea.org,up,mastodon,146,4347,17809,1612578266
wue.social,up,mastodon,146,35047,22395,1612578268
caneandable.social,up,mastodon,145,86464,19556,1725064464
techpolicy.social,up,mastodon,145,34129,28466,1668119634
nso.group,up,mastodon,144,9329,23243,1679071078
mastodon.rpicloud.de,up,mastodon,144,824,7919,1672788038
appdot.net,up,mastodon,144,260765,43501,1612578270
raru.re,up,mastodon,144,472676,39963,1612578265
entheoconnect.social,up,mastodon,143,293,856,1671496413
socialbc.ca,up,mastodon,143,11717,20200,1727319464
mastodon.faktorzehn.de,up,mastodon,143,1453,0,1712072408
musicdn.jp,up,mastodon,143,9015,6193,1612578266
schleuss.online,up,mastodon,143,649947,29705,1612578268
mastodon.louisematic.site,up,mastodon,142,993,3532,1614099543
nagoyadon.jp,up,mastodon,142,215672,6826,1612578267
fr.osm.social,up,mastodon,142,2532,10288,1612578271
hoosier.social,up,mastodon,141,58623,32008,1671504416
fluttercommunity.social,up,mastodon,141,6685,16242,1668023323
mastodon.wssmagazine.com,up,mastodon,141,7507,17992,1667369544
indg.club,up,mastodon,141,18456,23948,1669397274
squawk.social,up,mastodon,141,49348,20984,1668107921
social.saarland,up,mastodon,140,77004,33900,1612578270
uddannelse.social,up,mastodon,140,13277,20053,1669212115
chattrbx.com,up,mastodon,140,365121,12499,1713755415
urtier.corvi.schule,up,mastodon,140,271,0,1689003214
conversafiada.net,up,mastodon,139,36148,19597,1655727045
mastodon.pub.solar,up,mastodon,139,31188,26689,1617827768
clube.social,up,mastodon,139,3181,15271,1651138512
booktoot.club,up,mastodon,138,11349,25709,1612578267
wx.social,up,mastodon,138,30490,23334,1668922719
fribygda.no,up,mastodon,138,72235,33593,1667505789
bakedbean.xyz,up,mastodon,136,181947,14410,1668165601
monocles.social,up,mastodon,135,458,12272,1618088519
mcyt.cc,up,mastodon,134,1288,9715,1671758180
nahe.social,up,mastodon,134,58214,13512,1653918949
bantu.social,up,mastodon,134,169747,27365,1612578270
rheinhessen.social,up,mastodon,133,48576,24272,1668166791
oceanplayground.social,up,mastodon,133,90690,24141,1667402175
links.potsda.mn,up,mastodon,133,9227,22152,1612578270
don.linxx.net,up,mastodon,132,163171,20996,1667156292
monads.online,up,mastodon,132,4321104,35079,1612578267
mastodon.zip,up,mastodon,131,73,8855,1740433604
snailedit.social,up,mastodon,130,4288,22771,1669172747
gamerr.cyou,up,mastodon,130,23454,13447,1612578267
itabashi.0j0.jp,up,mastodon,130,143842,16805,1612578270
mstdn.mini4wd-engineer.com,up,mastodon,130,146016,13276,1612578268
mastodon.bv.linksjugend-solid.de,up,mastodon,129,7211,20255,1653236880
wspanialy.eu,up,mastodon,129,36592,21991,1686249325
bonequest.net,up,mastodon,129,29007,17604,1667726348
gdcm.space,up,mastodon,128,194052,18,1701098449
maratang.life,up,mastodon,128,3984,3858,1668245828
hedgehog.pub,up,mastodon,128,3650,15929,1612578267
energiewende.social,up,mastodon,128,9108,14740,1682075225
red.fox.yt,up,mastodon,128,13098,21017,1668904971
wptoots.social,up,mastodon,128,15788,19591,1668855806
bots.krohsnest.com,up,mastodon,128,56307,8480,1672559136
camp.smolnet.org,up,mastodon,127,29083,28246,1650070333
mstdn.res.ac,up,mastodon,125,235271,12787,1612578265
wp-social.net,up,mastodon,125,14454,20365,1612578269
iu.social,up,mastodon,125,68,1506,1668904975
social.noleron.com,up,mastodon,125,63276,20353,1687989748
social.anartist.org,up,mastodon,125,37411,25805,1612578267
syringa.social,up,mastodon,125,36584,13581,1669459107
notacult.social,up,mastodon,124,38714,32467,1665574502
universites.social,up,mastodon,124,4660,8854,1737136780
xantronix.social,up,mastodon,124,11868,24014,1667877718
social.ds106.us,up,mastodon,124,54438,20493,1668106385
kpop.social,up,mastodon,124,144921,24319,1612578265
mstdn.hokkaido.jp,up,mastodon,123,94778,8605,1612578267
fluffs.au,up,mastodon,123,4373,17974,1671517614
blueplanet.social,up,mastodon,123,14226,16873,1667394184
mastodon.mg,up,mastodon,123,11602,23661,1612578268
socialclub.nyc,up,mastodon,123,7357,22035,1612578346
mastodon.babb.no,up,mastodon,123,14175,26064,1682000477
mastodon.underworld.fr,up,mastodon,122,23274,11434,1612578270
shadowverdon.info,up,mastodon,122,117257,3959,1612578268
burnthis.town,up,mastodon,121,58482,25225,1668381956
vivere.uno,up,mastodon,121,296345,2919,1667441797
glauca.space,up,mastodon,121,33395,29750,1651336181
lajna.si,up,mastodon,121,2025,12815,1669058931
mstdn.sublimer.me,up,mastodon,120,124211,18932,1612578267
craftodon.social,up,mastodon,120,13986,24173,1650989897
graeber.social,up,mastodon,120,8285,21976,1677137535
social.taker.fr,up,mastodon,120,11818,29003,1612578267
squeak.social,up,mastodon,119,1802,175307,1666939159
mastodon.stuttgart.international,up,mastodon,119,4176,11515,1651184239
lust4love.eu.org,up,mastodon,119,8465,4695,1681028825
kitty.town,up,mastodon,119,127913,35643,1612578266
gay.camera,up,mastodon,118,3422,7146,1672811301
jiaojiao.org,up,mastodon,118,3866,12195,1704530302
avgeek.social,up,mastodon,118,12181,24770,1671161385
mastodon.fedi.bzh,up,mastodon,118,25512,23130,1612578266
waha.work,up,mastodon,118,857503,10604,1612578267
freesewing.social,up,mastodon,118,1815,12160,1697741964
fashionsocial.host,up,mastodon,118,19036,28912,1668083509
du.capricom.info,up,mastodon,117,9066,16339,1666493541
comics.town,up,mastodon,117,24125,29561,1612578266
dreamcatchers.whippy.kr,up,mastodon,117,325387,2,1731677294
m.quaoar.xyz,up,mastodon,117,74536,104316,1655117787
d-64.social,up,mastodon,117,30140,28437,1667498822
sportsfeed.me,up,mastodon,116,535936,14609,1669417880
suma-ev.social,up,mastodon,115,11165,20944,1639647840
social.bim.land,up,mastodon,115,22534,22435,1612578265
openedtech.social,up,mastodon,115,2593,13857,1668089685
livers.jp,up,mastodon,114,2894,7511,1612578266
syndicat.solidaires.org,up,mastodon,114,35698,19271,1671497898
mstdn.hostdon.jp,up,mastodon,114,948,6679,1612578269
august-don.site,up,mastodon,113,1063,8954,1612578266
opensimsocial.com,up,mastodon,113,3335,9788,1679008168
seyyahh.com.tr,up,mastodon,113,170665,1599,1756565872
polaris.masto.host,up,mastodon,112,75566,2,1696284488
topspicy.social,up,mastodon,112,149255,37011,1650918506
packmates.org,up,mastodon,111,51976,21780,1672303576
inari.opencocon.org,up,mastodon,111,39887,12690,1612578269
natter.wtf,up,mastodon,111,478706,12572,1612578267
triggeron.net,up,mastodon,111,893159,156,1695889243
cutie.city,up,mastodon,110,138509,29316,1677539473
nbaden.club,up,mastodon,110,157,1880,1668756105
mastodon.wellperns.com,up,mastodon,109,9054,17430,1668122823
soc.gsg.live,up,mastodon,109,37744,14965,1667840848
mistodon.cloud,up,mastodon,109,471040,8266,1612578268
eattherich.club,up,mastodon,108,29253,32062,1612578270
die-partei.social,up,mastodon,108,180887,27747,1612578267
weatherishappening.network,up,mastodon,108,183574,27559,1667897050
meow.lgbt,up,mastodon,108,12194,25393,1667567993
toot.works,up,mastodon,107,31602,28462,1612578392
douban.city,up,mastodon,107,16869,13978,1612578267
franken.social,up,mastodon,107,30582,14706,1668451863
narikiri.hostdon.ne.jp,up,mastodon,107,9825,1169,1612578346
pr0mised.life,up,mastodon,107,26008,8396,1612578270
furs.social,up,mastodon,105,35972,182068,1671488388
homeless.group,up,mastodon,105,232,387,1612578345
katholisch.social,up,mastodon,105,9194,7660,1711325175
msdyn365bc.social,up,mastodon,105,751,16107,1668388222
ocli.masto.host,up,mastodon,104,400,20,1747942163
mastodon.boston,up,mastodon,104,9734,15242,1668372124
pao.moe,up,mastodon,104,27695,18693,1612578268
insoumis.social,up,mastodon,103,4737,13631,1612578268
staging.patchwork.online,up,mastodon,103,0,2202,1724630433
drizzle-damp.net,up,mastodon,103,428504,13698,1612578267
teal.social,up,mastodon,102,11267,12143,1668904961
vacatureforum.nl,up,mastodon,101,1981,7790,1673481533
penguicon.social,up,mastodon,101,15151,27333,1612578266
mastodon.maobui.com,up,mastodon,101,816431,5796,1752253549
blooming-land.icu,up,mastodon,101,47121,6273,1669256087
suomi.social,up,mastodon,101,10739,31190,1667423435
swingset.social,up,mastodon,101,35845,29099,1612578271
mastodon.opencollective.com,up,mastodon,100,308,11008,1667859198
social.masto.host,up,mastodon,100,45550,27848,1612578267
mstdn.penguinhub.org,up,mastodon,100,3696,2092,1689601429
craba.cab,up,mastodon,100,19100,13752,1689039169
subversive.zone,up,mastodon,99,79668,34210,1612578267
retrochat.online,up,mastodon,99,30008,28010,1651044929
eliitin-some.fi,up,mastodon,99,251626,29492,1668274099
social.kharkiv.dcomm.net.ua,up,mastodon,99,6475,10603,1660267597
kollegin.eu,up,mastodon,99,481300,3218,1612578345
sizecraft.social,up,mastodon,98,5105,4004,1688844197
higher-edu.social,up,mastodon,98,5343,13722,1716359937
mastodon.eco,up,mastodon,98,1768,15565,1667993722
recsys.social,up,mastodon,98,8646,24806,1666507959
pub.communistparty.org.uk,up,mastodon,98,1173,3504,1673482831
toot.shoes,up,mastodon,98,368,10866,1612578270
wokka.be,up,mastodon,97,8055,15343,1612578268
niedersachsen.social,up,mastodon,97,41500,9274,1612578266
mastodon.frl,up,mastodon,97,5398,15903,1669846165
rhabarberbarbara.bar,up,mastodon,97,151622,15286,1612578270
m6n.io,up,mastodon,97,17628,28684,1667289483
samenet.social,up,mastodon,97,19861,48960,1667718678
trekkies.social,up,mastodon,97,11616,29976,1667603322
netzkms.de,up,mastodon,97,19660,17518,1667572445
xelebre.com,up,mastodon,96,6540,4285,1708570488
social.apreslanu.it,up,mastodon,96,24196,24248,1612578270
fuckaas.space,up,mastodon,95,20942,13298,1759884152
sharlayan.in,up,mastodon,95,703224,7748,1668837483
momou.social,up,mastodon,94,2034,11223,1740217447
mstdn.starnix.network,up,mastodon,94,93271,62190,1644790710
social.testvivaldi.tech,up,mastodon,94,458,6,1689962264
mastodon.escepticos.es,up,mastodon,94,4341,8769,1669054784
airpollution.science,up,mastodon,93,1528,18081,1668060702
furries.init.engineer,up,mastodon,93,2072,3588,1668908209
metam.my,up,mastodon,93,6281,6,1753980488
ailbhean.co-shaoghal.net,up,mastodon,93,12775,15970,1665880251
0x3c.pl,up,mastodon,93,2833,18580,1612578265
oomfie.city,up,mastodon,93,72081,23140,1689852459
screencastsonline.social,up,mastodon,93,1891,14023,1675008004
toot.paris,up,mastodon,93,4757,19806,1676231249
retro-gaiden.com,up,mastodon,92,22432,17701,1713307198
social.boom.army,up,mastodon,92,813,12471,1689116196
gorone.xyz,up,mastodon,92,467164,16136,1612578268
counterforce.social,up,mastodon,92,1998,7350,1740221284
krpgpub.net,up,mastodon,92,31170,8457,1668580722
schach.social,up,mastodon,91,5258,20311,1649492335
tum.social,up,mastodon,91,7393,16768,1654398567
mastodon.mx,up,mastodon,91,3225,11966,1668904985
ms.maritime.social,up,mastodon,91,64,14640,1672080565
social.tulsa.ok.us,up,mastodon,91,56795,22596,1612578270
exquisite.social,up,mastodon,91,23880,26353,1670867181
mastodon.thirring.org,up,mastodon,90,89544,26346,1668773318
darkwitch.net,up,mastodon,90,58621,8585,1674957219
mastodon.bot,up,mastodon,90,476882,11774,1678810646
splat00n.ink,up,mastodon,90,109329,4313,1681785919
a11y.social,up,mastodon,89,3431,18997,1663046347
gnulinux.social,up,mastodon,88,3942,17452,1667753907
hameln.social,up,mastodon,88,15271,14167,1651969778
karlsruhe-social.de,up,mastodon,88,31768,26259,1668450973
fedifreu.de,up,mastodon,88,56309,15746,1721532216
venner.network,up,mastodon,88,2514,10095,1740217226
gladtech.social,up,mastodon,88,13010,20199,1665361226
retro.social,up,mastodon,88,304091,39617,1612578266
journodon.com,up,mastodon,88,682,18222,1668216403
s-t.club,up,mastodon,88,152786,2316,1651168158
biplus.social,up,mastodon,88,14777,16767,1668965411
mastodon.bits-und-baeume.org,up,mastodon,87,12426,24748,1612578270
gs.leftic.club,up,mastodon,87,97182,21914,1615671527
voi.social,up,mastodon,87,7225,19640,1612578346
illo.social,up,mastodon,87,5910,21651,1678352094
kamu.social,up,mastodon,87,27983,28016,1667230653
bolha.one,up,mastodon,87,71266,24432,1669003648
waskuisland.com,up,mastodon,86,25133,8712,1668424547
appellate.social,up,mastodon,86,2154,17785,1667629108
mstdn.hokkaidosm.net,up,mastodon,86,1100586,276,1612578346
pokemon.men,up,mastodon,86,23175,11719,1612578268
social.shahroodut.ac.ir,up,mastodon,85,481,3871,1744266215
punkstodon.de,up,mastodon,85,9714,13274,1740217226
alpaca.gold,up,mastodon,85,11581,30431,1671505582
grafana.social,up,mastodon,85,1926,17324,1668008765
mstdn-jp.site,up,mastodon,85,20351,20753,1612578269
worm.horse,up,mastodon,84,25554,20063,1649178879
mastodon.tn,up,mastodon,84,22005,23522,1614144704
laserdisc.party,up,mastodon,84,157068,39926,1612578268
savageworlds.social,up,mastodon,83,1479,8328,1651567501
social.sigsoft.org,up,mastodon,83,1366,16900,1677625758
hexadon.net,up,mastodon,83,1414190,7643,1612578267
turtleisland.social,up,mastodon,83,68420,28920,1691917916
imd.social,up,mastodon,83,16457,19552,1612578267
biodiversity.social,up,mastodon,83,14171,12940,1737677950
misp-community.org,up,mastodon,82,335,2850,1668941516
mastodns.net,up,mastodon,82,3002,12681,1671578281
a11y.info,up,mastodon,82,15547,31240,1612578267
maho.app,up,mastodon,82,1693574,9332,1612578269
kzoo.to,up,mastodon,82,24441,41477,1672781169
mastodom.social,up,mastodon,82,54,6962,1669323711
fluffy.family,up,mastodon,81,70406,29966,1651281836
joomla.social,up,mastodon,81,1527,4694,1676592090
comm.cx,up,mastodon,81,13439,19099,1612578269
sandiegourbanists.com,up,mastodon,81,3432,14121,1650932220
higheredweb.social,up,mastodon,81,9698,15769,1668160995
mstdn.gunma.jp,up,mastodon,81,6974,8784,1612578265
patesadon.com,up,mastodon,81,108448,242,1669175832
thebristolcable.social,up,mastodon,81,86,7209,1759431363
tsukihi.me,up,mastodon,81,57690,25205,1670918649
privacyofficers.social,up,mastodon,81,1481,21679,1668105130
swecyb.com,up,mastodon,80,8030,24845,1668398746
regenerate.social,up,mastodon,80,41412,30734,1668028995
mastodon.bofhers.es,up,mastodon,80,12548,25137,1653600387
social.ferrocarril.net,up,mastodon,80,4136,17445,1668222228
aircrew.rocks,up,mastodon,79,5700,13730,1612578266
nashtodon.com,up,mastodon,79,2038,17121,1670412434
sardegna.social,up,mastodon,79,3227,9475,1668164970
fem.social,up,mastodon,79,57639,28931,1612578270
nfld.me,up,mastodon,79,44860,31139,1667858358
the.voiceover.bar,up,mastodon,79,6812,31993,1667562612
closednetwork.social,up,mastodon,79,1036,13516,1668198580
tkm.eus,up,mastodon,78,79697,8567,1737144997
ozhika.me,up,mastodon,78,17809,109728,1612578268
social.makerforums.info,up,mastodon,78,23250,23259,1654264997
patchwork.io,up,mastodon,78,82,6463,1755443982
mastodon.no2nd.earth,up,mastodon,78,20815,18696,1653062653
geno.social,up,mastodon,77,11431,24662,1612578270
tomorrowlike.today,up,mastodon,77,185230,79,1759172552
weserbergland.social,up,mastodon,77,4499,217330,1670006443
orc.forest.hostdon.ne.jp,up,mastodon,77,119791,553,1690883649
sector6.ttobot.kr,up,mastodon,77,115609,2,1762046361
futen.work,up,mastodon,77,274059,10982,1612578268
plushies.social,up,mastodon,76,110767,23487,1651882767
hub.raf.rs,up,mastodon,76,54,10938,1707074052
undefined.social,up,mastodon,76,9668,21123,1668623220
gamingjp.org,up,mastodon,76,170081,16386,1612578271
hostsharing.coop,up,mastodon,76,42504,34040,1612578268
speedlines.stctp.zone,up,mastodon,75,36648,25978,1668037958
bears.town,up,mastodon,75,23242,20205,1670204535
mastodon.coffee-break.cc,up,mastodon,75,10132,10468,1709187945
riin.fr,up,mastodon,75,5358,9531,1698947996
catswords.social,up,mastodon,75,50945,25481,1669655361
ipv6.social,up,mastodon,75,23599,90120,1658966299
akiba.party,up,mastodon,75,3593,13831,1668208662
metasocial.com,up,mastodon,74,13044,23446,1612578345
fanglitch.space,up,mastodon,74,19694,25904,1668838057
avalatte.kr,up,mastodon,74,61731,6,1719764371
arslansah.com.tr,up,mastodon,73,5009,9,1742807965
mhz.social,up,mastodon,73,3038,13181,1612578266
stefanbohacek.online,up,mastodon,73,36260,24746,1667664785
mastodon.fooddrinklife.com,up,mastodon,73,829,3844,1713287702
standup-comics.net,up,mastodon,73,2172,14500,1667805195
assortedflotsam.com,up,mastodon,73,379176,28693,1612578267
social.restless.systems,up,mastodon,72,41069,18546,1667783307
discordian.social,up,mastodon,72,338792,26118,1668457059
mastocomm.org,up,mastodon,72,5047,17105,1668554730
rassilni.com,up,mastodon,72,10957,5819,1740247795
reliverse.social,up,mastodon,72,4572,13236,1673539450
spd.social,up,mastodon,72,6974,14972,1650624040
social.gnuweeb.org,up,mastodon,72,1380,7621,1688386752
social.globalpirates.net,up,mastodon,72,5970,22072,1622398846
ukrainian.network,up,mastodon,72,5110,13038,1668451494
social.furry.nz,up,mastodon,71,25155,22647,1612578265
glitch.lgbt,up,mastodon,71,8988,28981,1668727493
twoot.site,up,mastodon,71,129881,22880,1704470733
lipn.info,up,mastodon,70,9452,18861,1651935953
allpro.social,up,mastodon,70,84754,26838,1612578270
mastodon.akhepcat.com,up,mastodon,69,11755,19259,1667871844
hpi.social,up,mastodon,69,361,6757,1677849521
social.heise.de,up,mastodon,69,125457,30414,1673680629
freefree.ps,up,mastodon,69,17418,19597,1726427615
recht.social,up,mastodon,69,7458,9434,1666400160
leds.social,up,mastodon,69,12275,27101,1667288339
lviv.social,up,mastodon,69,4121,16158,1667768696
publicgood.social,up,mastodon,69,4026,126463,1668152187
quantumdives.site,up,mastodon,69,499145,4,1747067413
newsmast.community,up,mastodon,68,576811,21912,1702438825
taruntarun.net,up,mastodon,68,280676,19335,1612578268
alpaka.social,up,mastodon,68,8056,19378,1641942118
mamutovo.cz,up,mastodon,68,31674,13449,1698309861
yukari.cafe,up,mastodon,68,15576,4402,1612578271
masto.measure.chat,up,mastodon,68,982,11866,1669064515
social.servus.at,up,mastodon,68,6940,22716,1612578269
saronno.one,up,mastodon,68,29338,3204,1657774615
sicem.social,up,mastodon,68,462,6170,1667447176
rls.social,up,mastodon,68,18234,28997,1667551322
poyoro.id,up,mastodon,68,1148,3471,1688344672
wetshaving.social,up,mastodon,68,5181,9848,1669645315
nuernberg.social,up,mastodon,68,2428,11355,1612584689
yakumo.foundation,up,mastodon,68,476994,14448,1612578266
mastodon.motcha.tech,up,mastodon,67,351023,18760,1612578266
laterracita.online,up,mastodon,67,35456,20773,1667759390
theplant.social,up,mastodon,67,91,4701,1701308956
chirp.im,up,mastodon,67,353,3372,1740156558
queer.garden,up,mastodon,66,63902,36420,1612578271
social.overheid.nl,up,mastodon,66,20996,18931,1688895882
growers.social,up,mastodon,66,25317,26109,1667812359
yamabi.co,up,mastodon,66,1033,9698,1612578266
dosgame.club,up,mastodon,66,65682,32290,1650982825
m.webtoo.ls,up,mastodon,66,9295,29772,1670342390
musain.cafe,up,mastodon,66,69860,8925,1653377294
samstodon.net,up,mastodon,66,2134,7013,1675592163
kishkush.net,up,mastodon,65,4917,8264,1668644141
integrity.hostdon.ne.jp,up,mastodon,65,50915,1,1612578346
paxation.info,up,mastodon,65,1274,10885,1612578266
mastodon.stickbear.me,up,mastodon,65,160935,20385,1669373940
streamers.social,up,mastodon,65,8211,16682,1612579012
childcare.hostdon.ne.jp,up,mastodon,65,11006,2032,1612578268
someone.elses.computer,up,mastodon,64,17727,26683,1666960634
toot.whatever.cz,up,mastodon,64,3828,19446,1612578267
social.hackerspace.pl,up,mastodon,64,33529,32340,1668706692
tux.social,up,mastodon,64,8479,24132,1668268618
clockwork.monster,up,mastodon,64,12597,18244,1684099007
zone.liolok.com,up,mastodon,64,3118,8539,1612578270
pan.rent,up,mastodon,64,8305,25133,1669216684
social.fabulr.de,up,mastodon,64,361,1392,1740242981
sauna.social,up,mastodon,64,16974,25354,1667820357
darticulate.com,up,mastodon,63,1187,5208,1679279149
krefeld.life,up,mastodon,63,44700,26485,1612578268
fryday.monster,up,mastodon,63,45322,3,1763220405
social.sdfeu.org,up,mastodon,63,10507,18558,1682432633
curling.social,up,mastodon,63,5867,13359,1668225520
atx.pub,up,mastodon,63,5098,15034,1667728127
wakuwakuwayama.net,up,mastodon,63,7609,158,1709421369
net.miaumuh.ch,up,mastodon,63,540,4468,1753135185
mastodon-projekt.uni-muenster.de,up,mastodon,63,913,7738,1718184979
nitiasa.com,up,mastodon,62,14814,9250,1612578266
social.sp-codes.de,up,mastodon,62,9588,24442,1622233256
attractive.space,up,mastodon,62,22255,29183,1668124320
vrc-ins.net,up,mastodon,62,22287,7211,1675930375
starbase80.wtf,up,mastodon,62,78915,122466,1667416931
social.jwunited.org,up,mastodon,62,1513,384,1612578346
trans.house,up,mastodon,62,2047,19884,1667815556
mascodon.jp,up,mastodon,62,20701,8141,1674437702
cuties.social,up,mastodon,62,203826,24412,1612578270
snf-19213.ok-kno.grnetcloud.net,up,mastodon,62,56,,1620859546
techeasy.org,up,mastodon,61,12830,9627,1663770586
know.me.uk,up,mastodon,61,6107,24307,1667854562
mstdn.yakitamago.info,up,mastodon,61,673320,13204,1612578267
pinkorange.red,up,mastodon,61,113943,16874,1612578267
crazylab.online,up,mastodon,61,1935,14567,1621350254
homies.social,up,mastodon,61,535,7632,1747838887
hackaday.social,up,mastodon,61,11287,20160,1668373305
newwest.social,up,mastodon,60,4168,14688,1668780775
artsoqueer.com,up,mastodon,60,156,5597,1719115887
libori.social,up,mastodon,60,15179,21166,1657661275
m.qqs.tw,up,mastodon,60,2347,8588,1677431898
techfieldday.net,up,mastodon,60,15178,20013,1668788089
dewp.space,up,mastodon,60,7777,23149,1612578269
masto.ink,up,mastodon,60,264353,8584,1708211199
philately.social,up,mastodon,59,2110,6847,1671230183
djs.social,up,mastodon,59,5423,22666,1612578267
hsjz.engenderchina.com,up,mastodon,59,7124,,1638637252
drk.network,up,mastodon,59,3667,11132,1667309520
rheinland.social,up,mastodon,58,1579,8880,1642622368
social.kryta.app,up,mastodon,58,1677,9072,1672962215
toot.gnous.eu,up,mastodon,58,7219,13489,1612578270
ocf.masto.host,up,mastodon,58,5372,4860,1612578346
shark.community,up,mastodon,58,20357,23560,1668842992
mastodon.opportunis.me,up,mastodon,58,284591,34861,1612578266
mofmof.coffee,up,mastodon,58,85846,8601,1625491357
tweet.gleamorb.co.jp,up,mastodon,58,1592,270,1616414803
amicale.net,up,mastodon,58,1162243,24943,1612578269
gamerstavern.online,up,mastodon,57,23679,21665,1722908063
vandrare.page,up,mastodon,57,61778,14497,1629731280
montereybay.social,up,mastodon,57,42844,25863,1669166886
dreamin.online,up,mastodon,57,2528,13131,1665474194
tombraidersocial.com,up,mastodon,57,1165,6317,1671510675
shadowofpalm.world,up,mastodon,57,88066,2,1761043353
plusraid.com,up,mastodon,57,129740,0,1760390233
eu.mastodon.green,up,mastodon,57,8089,22411,1668952249
milliways.social,up,mastodon,56,8924,25271,1669851893
onlycasino.legal,up,mastodon,56,75166,14240,1612578269
birdbutt.com,up,mastodon,56,47459,20955,1674930911
social.5th.ro,up,mastodon,56,678,4254,1765126361
owo.town,up,mastodon,56,8801,13793,1667949849
mstdn.forfun.su,up,mastodon,56,12227,4546,1724738262
grants.cafe,up,mastodon,56,3120,20978,1656038780
lepoulsdumonde.com,up,mastodon,56,14638,13757,1673882531
jit.social,up,mastodon,56,6790,20094,1612578269
mastodon.sl,up,mastodon,56,1640,15552,1670261125
anti-social.online,up,mastodon,55,5530,21214,1667871716
piupiupiu.com.br,up,mastodon,55,4502,22353,1668069339
computerclub.social,up,mastodon,55,1365,11598,1703701859
port87.social,up,mastodon,55,9683,25050,1667609299
mastodon.obspm.fr,up,mastodon,55,6157,14639,1612578268
vebinet.com,up,mastodon,55,1533,10987,1707903238
kosmos.social,up,mastodon,55,43631,37656,1612578268
spotoftheball.com,up,mastodon,55,67296,0,1758879103
mastodon.communick.com,up,mastodon,55,2732,24856,1612578268
chaosphere.hostdon.jp,up,mastodon,55,2338131,17868,1612578266
techlover.eu,up,mastodon,55,5501,14929,1612578269
this.mouse.rocks,up,mastodon,54,570778,35427,1612578269
veronaxxx.masto.host,up,mastodon,54,12454,11665,1612578270
xeno.glyphpress.com,up,mastodon,54,42936,26786,1651974072
mastodon.derveni.org,up,mastodon,54,53565,11871,1612578267
uestc.social,up,mastodon,54,501,42,1678708679
freifunk.social,up,mastodon,54,6354,15381,1665411676
amarinha.gal,up,mastodon,54,8507,10753,1717505101
vtuber.house,up,mastodon,54,15298,20368,1667289377
colter.social,up,mastodon,53,1660,8303,1673035189
ublog.tech,up,mastodon,53,3736,129281,1668963220
haunted.computer,up,mastodon,53,31860,43538,1667790792
subdued.social,up,mastodon,53,4800,24262,1672811301
coolmathgam.es,up,mastodon,53,5422,20655,1612578268
stpauli.social,up,mastodon,53,6225,13994,1677191234
mastadano.com,up,mastodon,53,30347,8497,1635664071
epistolary.org,up,mastodon,53,18933,20961,1667790659
solarsystem.social,up,mastodon,53,1199,16376,1682242375
mastodon.fedivienne.org,up,mastodon,53,5574,14433,1695318327
barcamp.social,up,mastodon,53,9656,19004,1612578268
rstats.me,up,mastodon,53,14815,18559,1696671525
ttrpg-hangout.social,up,mastodon,53,5970,18473,1667065100
thehappyfamily.stream,up,mastodon,53,9913,13659,1688769503
re.lire.im,up,mastodon,53,3675,12360,1652904922
nicaloro.com,up,mastodon,52,484,5266,1690500895
hortensia.social,up,mastodon,52,4377,8901,1740217156
mastodon.ozioso.online,up,mastodon,52,104441,21257,1678627038
gamemaking.social,up,mastodon,52,30018,31748,1612578270
social.python-gsoc.org,up,mastodon,52,281,2649,1706956846
blackqueer.life,up,mastodon,52,51538,25322,1688704978
raspidon.mamemo.online,up,mastodon,51,135367,8758,1612578266
fedi.halcyon-is.land,up,mastodon,51,14793,8797,1690448724
mastodon.libre-entreprise.com,up,mastodon,51,19756,31498,1612578268
ifwo.eu,up,mastodon,51,21567,28094,1612578271
mastodon.macsnet.cz,up,mastodon,51,36823,172483,1612578266
fediunam.site,up,mastodon,51,6616,12206,1622542919
v0dev.social,up,mastodon,51,2229,3477,1742302970
ocworld.masto.host,up,mastodon,51,105544,4,1767260128
four-nine.club,up,mastodon,51,84963,11907,1619018951
potate.space,up,mastodon,51,26444,22896,1614098030
bunt.social,up,mastodon,51,86394,26343,1612578267
social.cybre.town,up,mastodon,51,16511,19205,1612578270
wikimedia.social,up,mastodon,51,89518,19673,1687849619
boing.world,up,mastodon,51,27496,30285,1612578267
society.oftrolls.com,up,mastodon,51,63310,34496,1612578268
lux-nightclub.com,up,mastodon,50,1609,7905,1669227032
mastodon.tokyo,up,mastodon,50,8084,16959,1612579442
liveplatform.ca,up,mastodon,50,722,6101,1626426253
besties.com,up,mastodon,50,17,4762,1677415769
synthoverse.com,up,mastodon,50,3225,4,1752591504
social.data.coop,up,mastodon,50,32181,31460,1651959589
gochisou.dev,up,mastodon,50,4541,6860,1612578266
borahae.love,up,mastodon,50,11630,22057,1667947207
social.timespiral.co.jp,up,mastodon,49,405006,17653,1612578270
loveor.me,up,mastodon,49,83419,2,1763995022
liraeth.masto.host,up,mastodon,49,80236,75,1762893372
el5.net,up,mastodon,49,11723,15235,1646213828
xn--y9a6bah4ck.xn--y9a3aq,up,mastodon,49,11132,10269,1628710554
hunterlife.net,up,mastodon,49,27939,4301,1679073716
mastodon.kronk.info,up,mastodon,49,773,36,1708625026
chaosfurs.social,up,mastodon,49,33602,25236,1668266931
hulvr.com,up,mastodon,49,66958,27926,1612578268
social.numerique.gouv.fr,up,mastodon,48,10399,9472,1697208434
barkclub.xyz,up,mastodon,48,2771,9149,1667988049
mastodon.newsmast.org,up,mastodon,48,300,7820,1687934997
mast.shitpostbot.com,up,mastodon,48,104924,12057,1669044332
arthropod.social,up,mastodon,48,4013,18863,1669019238
qa.social,up,mastodon,48,144,8751,1668303211
violetgarden.pe.kr,up,mastodon,48,2341,40,1743874414
courbet.social,up,mastodon,48,10109,6960,1671397920
shadowland.social,up,mastodon,48,2506,9480,1652496945
weremember.social,up,mastodon,48,3634,18091,1668375647
moessingen.social,up,mastodon,48,8733,22816,1654356321
mastodooooooon.xyz,up,mastodon,48,314247,14124,1612578266
witches.pub,up,mastodon,48,196,6504,1612578268
lorendezvous.space,up,mastodon,48,113667,49,1756260391
bigrat.social,up,mastodon,48,379,3115,1704857196
az.social,up,mastodon,48,9381,22644,1667932482
freiewaehler.social,up,mastodon,48,883,4192,1672934378
thoughtbot.social,up,mastodon,48,2328,13209,1669339459
tuebingen.network,up,mastodon,47,5788,18555,1686753329
hannover.town,up,mastodon,47,49855,19596,1669882984
channels.im,up,mastodon,47,1987479,12540,1685096196
antabaka.me,up,mastodon,47,16862,25271,1612578268
ohyeahcss.com,up,mastodon,47,142191,124,1740232717
owo.rs,up,mastodon,47,324,12859,1679855547
social.antifa.gmbh,up,mastodon,47,8355,21238,1612578270
bagarrosphere.fr,up,mastodon,47,18191,11818,1667422666
neos.social,up,mastodon,47,6741,20211,1651104049
toot.mantyke.icu,up,mastodon,47,211173,14705,1638074261
barca.dix.asia,up,mastodon,47,545694,9460,1678970807
posting.onl,up,mastodon,47,328221,3434,1726303782
dotgr.id,up,mastodon,47,3129,22478,1612578266
compassion.host,up,mastodon,47,6877,396,1709444416
social.mochi.academy,up,mastodon,47,559817,28326,1612578270
lesbian.solutions,up,mastodon,46,412679,27857,1612578267
jmm.kr,up,mastodon,46,6253,11803,1612578266
skrt.social,up,mastodon,46,11964,11640,1612578269
schuppentier.social,up,mastodon,46,1474,19518,1650942689
pogs.cafe,up,mastodon,46,8731,7828,1672355789
godforsaken.website,up,mastodon,46,522159,40350,1612578267
rockcd.jp,up,mastodon,46,44453,10867,1670738240
unredacted.social,up,mastodon,46,782,14227,1673810809
collapsible.systems,up,mastodon,46,2469,10590,1693561584
mast.linuxgamecast.com,up,mastodon,46,31191,33531,1612578268
social.ordinal.garden,up,mastodon,46,9072,23717,1612578270
tukkers.online,up,mastodon,46,3739,29441,1612578348
miltodon.social,up,mastodon,46,221,8976,1688467805
mastodon.bahia.no,up,mastodon,46,3860,11825,1738259074
pkutalk.com,up,mastodon,46,5742,21633,1674766069
r.town,up,mastodon,45,3941,12316,1692738458
mediapart.social,up,mastodon,45,16537,15547,1694089534
animal.business,up,mastodon,45,22450,20133,1612578271
bots.defencegeeks.net,up,mastodon,45,71986,5173,1679639810
fuglies.club,up,mastodon,45,27169,5,1667993722
txs.es,up,mastodon,45,967,10190,1612579380
everything.happens.horse,up,mastodon,45,12308,19278,1612578268
social.schleswig-holstein.de,up,mastodon,45,2828,13232,1685634688
mastodon.archive.org,up,mastodon,45,90882,24805,1668132054
partyon.xyz,up,mastodon,45,59060,30000,1669873838
uwyn.net,up,mastodon,45,3581,16722,1667944707
mastodon.dias.ie,up,mastodon,44,10220,17877,1667813357
iyasaretai.pw,up,mastodon,44,204601,11433,1614097854
4d2.social,up,mastodon,44,633,15088,1719298096
www.gctaisentl.com,up,mastodon,44,28537,1970,1708184047
b5-software.blog,up,mastodon,44,141,9,1746202305
ubuntu.social,up,mastodon,44,18037,30462,1612578270
kompektiva.org,up,mastodon,44,10508,9694,1737505424
zoo.retro-ink.com,up,mastodon,44,6172,2806,1669156524
reporter.social,up,mastodon,44,17114,26603,1668373813
ps.s10y.eu,up,mastodon,44,4876,25609,1612578267
social.afront.org,up,mastodon,44,57671,28189,1636239657
social.pixie.town,up,mastodon,44,117830,35287,1612578268
netsphere.one,up,mastodon,44,6586,13935,1677238561
wandzeitung.xyz,up,mastodon,44,71567,26442,1612578266
social.edist.ro,up,mastodon,44,15041,25707,1669705785
muknown.jp,up,mastodon,44,300582,15890,1612578268
oliphaunt.social,up,mastodon,43,5454,22907,1668033621
fedifeed.net,up,mastodon,43,129883,6931,1681942590
fruef.social,up,mastodon,43,24004,19215,1668379536
pocketpixels.club,up,mastodon,43,2805,9629,1671678142
discuss.smash.today,up,mastodon,43,4619,16936,1668450715
mastodon.ouvaton.coop,up,mastodon,43,9098,12570,1670702179
social.nekover.se,up,mastodon,43,25666,22514,1621744831
defenseofliberty.social,up,mastodon,43,17691,13332,1740165874
artistalley.space,up,mastodon,43,1130,9931,1671288046
einbeck.social,up,mastodon,43,15807,16120,1668788394
sparrow.cs.uni-magdeburg.de,up,mastodon,43,770,3615,1656970899
ooe.social,up,mastodon,43,685,17791,1667427675
minamina3710.com,up,mastodon,43,7901,1653,1674202967
ceilidh.online,up,mastodon,43,3205,12488,1667877979
mstdn.b-shock.org,up,mastodon,43,131304,10961,1612578268
ijug.social,up,mastodon,43,3782,13121,1671250946
h.kokuda.org,up,mastodon,43,46707,7705,1612578269
mstdn.vodka,up,mastodon,43,16250,17100,1612578269
social.linksfraktion.de,up,mastodon,43,12077,18079,1651664188
bcom.moe,up,mastodon,42,2532,22733,1615907088
boriken.social,up,mastodon,42,17084,15138,1740260533
qwwwq.cat,up,mastodon,42,4936,2312,1669185754
mas.nzcow.com,up,mastodon,42,32246,4293,1688917190
greennet.social,up,mastodon,42,4108,15159,1668711540
mastodon.nycmesh.net,up,mastodon,42,1308,11984,1669113859
maximux.mooo.com,up,mastodon,42,13974,158,1740234263
mastodon.infodocs.eu,up,mastodon,42,757,4632,1698900717
cultofshiv.wtf,up,mastodon,42,66783,30147,1668274628
fwoof.space,up,mastodon,42,170348,16578,1696915995
mainz.social,up,mastodon,42,23553,12501,1630346169
duebelwein.de,up,mastodon,42,193,2118,1748359436
dasuniversum.social,up,mastodon,42,246,9395,1671586876
social.zdx.fr,up,mastodon,42,20685,20850,1612578270
tvitero.com,up,mastodon,42,10434,7065,1612578270
rigcz.club,up,mastodon,42,7538,29014,1612578266
vapers.jp,up,mastodon,41,353710,12189,1612578269
seoul.earth,up,mastodon,41,4379,7638,1668104056
innoq.social,up,mastodon,41,3034,15518,1668211188
aschaffenburg.social,up,mastodon,41,17119,17885,1681336034
mastodon.ethibox.fr,up,mastodon,41,660,10680,1612578270
plus.qlub.social,up,mastodon,41,5094,7028,1743909079
friends.ravergram.club,up,mastodon,41,2526,19918,1649492502
librarysocialism.social,up,mastodon,41,1921,19290,1690538681
globalskywatch.social,up,mastodon,41,1381,18052,1698451256
futuregadgetlab.cc,up,mastodon,41,13317,17105,1612578270
mastodon.systemisch.dev,up,mastodon,41,80,5884,1729205270
thecooltable.wtf,up,mastodon,41,6718,16520,1669414585
friends.librescrum.org,up,mastodon,41,3830,12956,1651704986
etw.uk,up,mastodon,41,425,11212,1667837640
mastodon.linuxmuster.net,up,mastodon,41,397,13109,1670025392
absolutelyhar.am,up,mastodon,41,1660,48070,1667898591
f-ckendehoelle.de,up,mastodon,40,25349,15845,1667697559
taur.zone,up,mastodon,40,12266,14944,1612578267
mastodon.bawue.social,up,mastodon,40,14176,23116,1667761986
petlover.eu.org,up,mastodon,40,1945,3513,1678544513
ageofsilence.masto.host,up,mastodon,40,13747,7,1766315299
social.mastodon.my,up,mastodon,40,85,10706,1669104977
billys.mom,up,mastodon,40,3799,16595,1669328857
mastodon.ecnelises.com,up,mastodon,40,1884,3337,1612578346
mastodon.moule.world,up,mastodon,40,60555,29188,1676134008
retrogaming.social,up,mastodon,40,10624,21226,1668482942
nunc.quovadis.my,up,mastodon,40,50088,4,1740231507
social.wikimedia.de,up,mastodon,40,2877,10031,1669819277
rodent.life,up,mastodon,40,1028,7339,1672867379
social.cwts.nl,up,mastodon,40,6918,14827,1670412434
signs.codes,up,mastodon,40,18510,29885,1612578269
silentspring.online,up,mastodon,40,167423,75,1747742094
pataterie.ca,up,mastodon,40,115622,13441,1738465867
bullcity.space,up,mastodon,40,1615,7772,1668790089
kommuverse.ru,up,mastodon,40,276,62,1762847817
mastodon.illumos.cafe,up,mastodon,39,1496,5371,1755451656
yyc.bike,up,mastodon,39,2803,19425,1668623599
persona298.space,up,mastodon,39,64952,289,1743816230
linuxhotel.social,up,mastodon,39,560,11731,1616726993
hub.moon.moe,up,mastodon,39,10301,3908,1688988115
social.mykolayiv.dcomm.net.ua,up,mastodon,39,7076,15715,1660100183
social-test.sunet.se,up,mastodon,39,108,396,1668623599
i1.no,up,mastodon,39,1878,5445,1671454301
makersocial.online,up,mastodon,39,3315,22787,1668904961
turath.tn,up,mastodon,39,37294,10495,1707248461
noythern.shop,up,mastodon,39,47222,1,1763061408
social.hardlimit.com,up,mastodon,39,10646,12148,1667844764
fidelis.social,up,mastodon,39,8921,19548,1672432256
gnu.gl,up,mastodon,39,1943,23888,1673582051
learninginpublic.jimmyzhang.space,up,mastodon,39,901,79,1750333768
twt.channel.org,up,mastodon,39,174,3126,1762447044
snowwhiteshard.site,up,mastodon,39,150081,0,1751802044
social.vates.tech,up,mastodon,38,353,11218,1668825824
impreg.net,up,mastodon,38,1694,3843,1690498294
patavium.social,up,mastodon,38,1814,13513,1668908605
selfhosted.cafe,up,mastodon,38,13250,24225,1674081587
biscuit.town,up,mastodon,38,182872,22140,1612578268
mastodon.gardensoul.org,up,mastodon,38,1258,13125,1667341113
carhenge.club,up,mastodon,38,15852,20824,1668042229
bonito.cafe,up,mastodon,38,8424,12263,1707796979
5280.city,up,mastodon,38,562,20905,1667713509
hamradio.tel,up,mastodon,38,105,6050,1668088318
puls.social,up,mastodon,38,17464,2335,1671291078
social.leinde.de,up,mastodon,38,224,112,1672122218
don.mamemo.online,up,mastodon,38,301117,14209,1612578270
circumstances.run,up,mastodon,38,188706,35386,1667839861
displayeurope.social,up,mastodon,38,471,7307,1695398051
1999-asylum-of-margaret.cc,up,mastodon,38,46868,1,1763800668
fediverse.science,up,mastodon,37,2244,150929,1669756710
social.beachcom.org,up,mastodon,37,96170,28456,1612578270
geraffel.social,up,mastodon,37,8212,22503,1667252814
staging.mastodon.social,up,mastodon,37,386,12,1642769286
chalk.moe,up,mastodon,37,41914,6167,1669135635
rtsn.dev,up,mastodon,37,757,15456,1701193568
mastodon.furrycon.social,up,mastodon,37,4572,10860,1669525074
social.lviv2.dcomm.net.ua,up,mastodon,37,109,4802,1660100183
researchbuzz.masto.host,up,mastodon,37,15826,31269,1612578265
fortunaefons.masto.host,up,mastodon,37,54463,2,1763384445
fem.elbarri.online,up,mastodon,37,4094,5798,1738415634
spoonie.community,up,mastodon,37,9132,15355,1668471841
lyingvoid.social,up,mastodon,37,10655,23898,1668369150
hhsocial.de,up,mastodon,37,8690,9900,1670622449
greenhill.zone,up,mastodon,37,10271,5294,1670334903
trumbeta.me,up,mastodon,37,3784,4159,1668046362
exoria.pe.kr,up,mastodon,37,19404,7,1762554828
social.mapolist.com,up,mastodon,37,7291,7407,1696966895
vixen.zone,up,mastodon,37,19042,16499,1671527141
liberdon.com,up,mastodon,37,402339,43104,1612578268
mastodon.ameth.org,up,mastodon,37,2566,21962,1668905031
farmgarden.nora.social,up,mastodon,37,5491,4316,1677958381
oisaur.com,up,mastodon,36,24507,29445,1667968777
social.nog.community,up,mastodon,36,139,16167,1670180182
dev.handon.club,up,mastodon,36,2515,384,1612578269
fedi.my.id,up,mastodon,36,1090,7718,1735553124
amastodon.uk,up,mastodon,36,6884,21870,1667419558
social.crip.conacyt.mx,up,mastodon,36,113,7,1723335787
cuddly.space,up,mastodon,36,1809,13641,1612578347
lonely.town,up,mastodon,36,11629,22019,1612578266
underwear.social,up,mastodon,36,7120,10614,1669609362
officiell-info.se,up,mastodon,36,90797,9113,1689625813
base.lc,up,mastodon,36,1007,14480,1668040646
teh.entar.net,up,mastodon,36,60714,27901,1667804085
qn.krig.jp,up,mastodon,36,211004,128,1695883813
silverbay.space,up,mastodon,36,17113,7627,1728579273
jbo.social,up,mastodon,36,1049,10730,1668634348
goingdark.social,up,mastodon,36,1147,13292,1753951365
mstdn.anqou.net,up,mastodon,36,149264,10418,1612578268
mstdn-amadeus.tech,up,mastodon,36,154383,12358,1612578266
aquatan.net,up,mastodon,36,66040,1405,1680214902
scipost.social,up,mastodon,36,1614,9657,1651104049
syzito.xyz,up,mastodon,36,46549,27934,1690574259
fishsci.com,up,mastodon,36,1220,3906,1717278660
socialnotwork.net,up,mastodon,36,11714,22500,1667289483
mysticshift.world,up,mastodon,36,16,1,1767025197
connectop.us,up,mastodon,36,27413,19247,1678239611
social.design.systems,up,mastodon,36,1808,21354,1667604572
social.tinygo.org,up,mastodon,35,3699,17302,1667592161
dmouttod.store,up,mastodon,35,12689,2,1766721308
katzebot.space,up,mastodon,35,7886,10460,1688681838
polsci.social,up,mastodon,35,1629,10381,1669781753
yeg.bike,up,mastodon,35,44566,26009,1670476288
focal.social,up,mastodon,35,1218,23480,1651337706
others.city,up,mastodon,35,26005,1,1751528712
wpmastodon.es,up,mastodon,35,971,9709,1674990656
awaymessage.club,up,mastodon,35,12514,16598,1669159932
t.freesky.im,up,mastodon,35,733,24,1671661265
toot.snipesearch.co.uk,up,mastodon,35,1947,19200,1669335401
program-theia.monster,up,mastodon,35,66279,3,1693708987
cunnin.me,up,mastodon,35,9728,22308,1668633761
scientificnetwork.de,up,mastodon,35,5249,10500,1667951490
explore.alt.store,up,mastodon,35,400,3488,1755637260
mn.siru.tokyo,up,mastodon,35,149813,1552,1688534282
mastodon.yuuta.moe,up,mastodon,35,6225,15525,1671324351
under-bank.blue,up,mastodon,34,536905,19971,1612578268
troet.burg-halle.de,up,mastodon,34,1463,7192,1668107921
mastodon.usal.es,up,mastodon,34,76,1616,1753797524
avision-it.social,up,mastodon,34,3226,5755,1675195500
newspapers.se,up,mastodon,34,886688,7029,1691488570
3zi.ru,up,mastodon,34,431898,17329,1668673584
vzla.masto.host,up,mastodon,34,11158,13396,1728371637
reseed.today,up,mastodon,34,16349,3,1766028927
toot.teckids.org,up,mastodon,34,11490,23812,1692017935
cornichon.me,up,mastodon,34,5275,28893,1612578268
mdn.hinaloe.net,up,mastodon,34,18700,13072,1612578267
mastodon.kodesumber.com,up,mastodon,34,15061,7207,1764571497
jauntygoat.net,up,mastodon,34,18396,26132,1612578348
unstraight.club,up,mastodon,34,6338,25292,1652796064
schaumburg.social,up,mastodon,34,131482,13269,1667569725
frameperfect.space,up,mastodon,34,609,9834,1668223143
flokinet.social,up,mastodon,34,48033,15433,1612578348
10211104.fedicity.net,up,mastodon,33,26530,13,1697858674
kompost.cz,up,mastodon,33,20770,23995,1612578270
sphere.fx4.net,up,mastodon,33,12245,19593,1669540190
mastodon.land,up,mastodon,33,318,14213,1612579013
mastodon.enitin.xyz,up,mastodon,33,3614,17771,1708843381
medium-sandbox.social,up,mastodon,33,5,846,1672646729
mast.qixto.com,up,mastodon,33,8050,882,1669355955
4four.org,up,mastodon,33,122,16194,1668952172
mastodon.testausserveri.fi,up,mastodon,33,149,12218,1669079269
catharsis.cafe,up,mastodon,33,5902,14040,1668263435
moonbow.garden,up,mastodon,33,17200,23869,1680675421
mstdn.ikebuku.ro,up,mastodon,33,27360,11426,1612578269
zzuli.closed.social,up,mastodon,33,786,27,1673401974
c3d2.social,up,mastodon,33,23710,29029,1669833881
mastodon.calitabby.net,up,mastodon,33,1999,14926,1732848507
social.rivne.dcomm.net.ua,up,mastodon,33,111,5603,1660096585
mastodon.libretic.fr,up,mastodon,33,949,7142,1653818594
mastodon.yyyyy.world,up,mastodon,33,68515,14455,1612578270
baka.ink,up,mastodon,33,1303,8698,1729366056
space.ministryoftesting.com,up,mastodon,33,241,2934,1723738525
artsandculture.social,up,mastodon,33,1416,13406,1668992327
serenityos.social,up,mastodon,33,22049,17752,1669061427
mas.atmx.ca,up,mastodon,33,2585,21666,1620527573
mst.universoalterno.es,up,mastodon,33,14474,8017,1667719000
nluug.social,up,mastodon,32,876,10219,1669749706
s.zholnay.name,up,mastodon,32,1086,14303,1612578270
social.kit.edu,up,mastodon,32,1204,6235,1750712847
piraten-partei.social,up,mastodon,32,10668,22426,1652648081
fairground.moe,up,mastodon,32,5087,83178,1612578267
real-escape.jp,up,mastodon,32,17965,18967,1612578267
unstable.systems,up,mastodon,32,34002,29323,1651122351
433.world,up,mastodon,32,26894,29393,1612578269
mstdn.ofraglapis.net,up,mastodon,32,5884,560,1688529567
tivia.social,up,mastodon,32,766,17093,1671465989
bewegung.social,up,mastodon,32,5866,8205,1668633306
social.on2it.net,up,mastodon,32,293,19222,1668574149
softwaremill.social,up,mastodon,32,1712,5270,1669975894
normal.style,up,mastodon,32,174762,19756,1671081444
seattle.pink,up,mastodon,32,677,5803,1753414521
bardown.space,up,mastodon,32,5777,15466,1667686357
bridport.social,up,mastodon,32,113,612,1674423492
social.nazlo.space,up,mastodon,32,108,4874,1755544085
jugendtrier.de,up,mastodon,32,477,228,1704108279
recordon.mamemo.online,up,mastodon,31,7736,7222,1669161021
vonhaller.social,up,mastodon,31,9153,2722,1678480141
beta.stacky.social,up,mastodon,31,305,2610,1718463602
zeppelin.flights,up,mastodon,31,19563,25255,1612578266
occult.town,up,mastodon,31,1175,9607,1689374372
gayretard.club,up,mastodon,31,259,8982,1727728518
snowdon.jp,up,mastodon,31,19466,5108,1612578269
embracing.space,up,mastodon,31,58122,29990,1612578269
calamity.masto.host,up,mastodon,31,589,5355,1612578266
social.annacon.be,up,mastodon,31,485,7385,1690946560
social.fossdle.org,up,mastodon,31,9661,22815,1667547712
jako.social,up,mastodon,31,1942,14062,1612578266
social.chaotikum.org,up,mastodon,31,20165,12918,1655495994
fedi.lat,up,mastodon,31,19033,18873,1696149957
social.chiefgyk3d.com,up,mastodon,31,13567,32626,1667311646
mstdn.omisosiru.net,up,mastodon,31,72426,12015,1612578266
terapeldigitaal.nl,up,mastodon,31,1064,5777,1674449288
mstdn.gamercast.net,up,mastodon,31,4382,20629,1668945764
physics.social,up,mastodon,31,167,8906,1668913475
wiesbaden.social,up,mastodon,31,1468,6816,1630175316
flightclub.social,up,mastodon,31,846,207643,1667977413
social.vit-connect.de,up,mastodon,31,2,279,1675763660
trg.social,up,mastodon,31,3679,9221,1676958186
fo0bar.org,up,mastodon,31,1011,6831,1612579115
oye.social,up,mastodon,31,5246,15623,1668744723
clacks.link,up,mastodon,31,59449,28315,1612578266
modelrailroadballast.com,up,mastodon,31,258,432,1680358482
s.cafe,up,mastodon,31,336,2671,1750503241
mastodon.iut-larochelle.fr,up,mastodon,30,369,5715,1612578389
caleida.com,up,mastodon,30,284,11150,1673539450
blueben.club,up,mastodon,30,5205,2401,1738956672
mastodon.fsinf.at,up,mastodon,30,930,15618,1667464155
bbbdn.jp,up,mastodon,30,59128,3304,1612578265
fundraising.social,up,mastodon,30,1150,14395,1669723341
boitam.eu,up,mastodon,30,129457,29620,1612578266
boskovice.social,up,mastodon,30,2884,18910,1639652885
social.troll.academy,up,mastodon,30,27306,30424,1612578269
mastodon.vanlife.is,up,mastodon,30,984,12111,1668707692
social.odessa.dcomm.net.ua,up,mastodon,30,1202,12436,1660096585
gemination.xyz,up,mastodon,30,8189,0,1766646179
terreta.org,up,mastodon,30,4552,6644,1728805253
poils.pachyderme.net,up,mastodon,30,1916,16343,1612578267
fireplace.cafe,up,mastodon,30,4818,16761,1668780436
asso.lgbt,up,mastodon,30,1913,16864,1691096067
shadows.rest,up,mastodon,30,486,15672,1687435794
elict.net,up,mastodon,30,1003,2179,1612578344
mastodon.trueten.de,up,mastodon,30,101564,13310,1658415350
cursoryreview.org,up,mastodon,30,871,11383,1667628718
conidia2023.masto.host,up,mastodon,30,140178,75,1704351487
mstdn.soine.site,up,mastodon,30,29025,3798,1680094501
freie-re.de,up,mastodon,30,13410,19449,1682895788
x0f.org,up,mastodon,30,27987,31186,1612578268
cryonox.world,up,mastodon,30,52389,2,1751888191
meowr.me,up,mastodon,30,3498,135946,1667836382
toot.foundation,up,mastodon,30,1671,22667,1678611053
lux7777777.masto.host,up,mastodon,30,79427,1,1757169374
snowfan.it,up,mastodon,29,3858,9015,1762296301
stoat.zone,up,mastodon,29,26937,20209,1676087056
tekkadon.manimani.cc,up,mastodon,29,43394,9115,1612578267
social.catppuccin.com,up,mastodon,29,751,7519,1729022052
algufr.com,up,mastodon,29,115,3480,1612578347
raildon.online,up,mastodon,29,1761,3960,1612578266
sivar.cafe,up,mastodon,29,6034,19824,1612585048
www.psychocloud.tech,up,mastodon,29,2577,75,1688375301
mastodon.demo2.jp,up,mastodon,29,9598,3557,1745322612
toot.fan,up,mastodon,29,1580,26520,1674682976
lustigetiernamenbubble.de,up,mastodon,29,34141,27723,1667081485
ploen.social,up,mastodon,29,5508,19089,1667453079
mysportgallery.com,up,mastodon,29,34033,14736,1667905313
progressivecafe.social,up,mastodon,29,250228,28254,1677262585
social.avali.zone,up,mastodon,29,822,7560,1722945648
social.openhood.ru,up,mastodon,29,8575,7819,1661608825
idearevision.site,up,mastodon,29,62171,7,1763254571
social.cs.swarthmore.edu,up,mastodon,29,1001,4512,1689395076
inane.chat,up,mastodon,29,567,17250,1668270151
social.tsst.net,up,mastodon,29,4836,1601,1669371732
eimsbuettel.social,up,mastodon,29,1426,14007,1699307885
pravdasocial.net,up,mastodon,29,3034,5035,1636606038
social.secret-wg.org,up,mastodon,29,7620,22427,1612578268
snowyxroad.xyz,up,mastodon,29,48466,0,1761420580
medic.cafe,up,mastodon,29,20382,12669,1651235016
metsubo-jinrai.net,up,mastodon,29,17357,3223,1668912322
mstdn.shinkaifan.com,up,mastodon,29,191290,819,1678356877
r2.do,up,mastodon,29,8400,17813,1641707801
formu1a.social,up,mastodon,29,878,12227,1668041258
szdiy.social,up,mastodon,29,592,6260,1743691227
redwombat.social,up,mastodon,29,45955,31513,1612578268
magincia.cafe,up,mastodon,29,2655,26229,1659750647
15-15-15.social,up,mastodon,28,2069,9425,1672645362
nya.lemonade.moe,up,mastodon,28,15096,11473,1612578270
sayansi.social,up,mastodon,28,190,5062,1740217447
dirt.social,up,mastodon,28,528,7535,1724874292
fiasco.social,up,mastodon,28,5366,23018,1612578712
mast.abc.se,up,mastodon,28,216,6676,1740256464
foxsay.southfox.me,up,mastodon,28,5868,19712,1640887035
mstdn.shalyu.run,up,mastodon,28,192039,13912,1651535455
formosa.aspa.idv.tw,up,mastodon,28,200,642,1749058584
ahsocial.ar,up,mastodon,28,2133,4426,1755444137
fedi.omada.cafe,up,mastodon,28,1595,16212,1680568744
mastodon.hackerdrinks.social,up,mastodon,28,906,19204,1644007001
sbg-social.at,up,mastodon,28,548,7580,1667660154
selfy.army,up,mastodon,28,32172,23943,1612578271
social.asraelvudogel.de,up,mastodon,28,4597,5649,1668377554
mastodon.indie.host,up,mastodon,28,19835,28059,1612578270
smolhaj.social,up,mastodon,28,3754,12550,1700000200
mastodon.multimob.be,up,mastodon,28,5764,6093,1612578270
religious.social,up,mastodon,28,2341,11344,1671452671
mastodon.star-one.org.uk,up,mastodon,28,5304,15550,1612578347
m.prt.si,up,mastodon,28,1118,12454,1668697437
anticapitalista.it,up,mastodon,28,2901,5868,1700162807
mastodon.otherworldsink.com,up,mastodon,28,30574,22230,1672986874
mastodon.boiler.social,up,mastodon,27,9159,20831,1652773786
page.lgbt,up,mastodon,27,10252,13013,1675486305
mastodon.jwsoat.com,up,mastodon,27,315152,61,1762382234
mtgjudge.social,up,mastodon,27,855,11524,1670754603
mastodon.garden,up,mastodon,27,1402,14844,1667360699
mastodon.co.id,up,mastodon,27,1,13,1729179963
saltylike.us,up,mastodon,27,5088,17130,1672732401
securitycafe.ca,up,mastodon,27,3943,17338,1667773901
cosmos.social,up,mastodon,27,593,8772,1612578347
rockosbasilisk.com,up,mastodon,27,208175,24934,1670169903
mastodon.is-a.horse,up,mastodon,27,2526,14127,1671896420
social.fast-break.de,up,mastodon,27,45914,497,1668185234
anarres.family,up,mastodon,27,126045,28675,1686217052
helmholtz.social,up,mastodon,27,14771,21038,1671214583
social.dog-s.global,up,mastodon,27,1655,5211,1652843983
queer.cool,up,mastodon,27,24303,24939,1691671524
soziale.cloud,up,mastodon,27,2519,16723,1667725283
mtd.pythonasia.org,up,mastodon,27,1531,8098,1668089685
mstdn.md,up,mastodon,27,873,12824,1669415300
hacks.fi,up,mastodon,27,74,23745,1668646796
webdev.so,up,mastodon,27,1889,8110,1675423014
afterspace.rocks,up,mastodon,27,81689,18947,1673121423
mato.social,up,mastodon,27,6805,22517,1622703818
social.randomserver.org,up,mastodon,27,3802,10407,1668904961
dev.ard.social,up,mastodon,27,18420,7762,1671735075
social.itu.dk,up,mastodon,27,1145,12406,1669271877
promise-of-aperture.world,up,mastodon,27,51560,1,1762795114
mastodon.apievangelist.com,up,mastodon,27,999,11163,1669452032
awoo.chat,up,mastodon,27,1273,9410,1612578266
snooker.uk.to,up,mastodon,27,25431,10377,1668266931
pandapla.net,up,mastodon,27,18225,13390,1669304785
discourse.helenprejean.org,up,mastodon,27,9325,2782,1669104378
social.uji.es,up,mastodon,27,1418,5215,1669171085
daydream.ink,up,mastodon,27,26858,4195,1691062385
detmi.social,up,mastodon,27,1501,14045,1668785121
dordrecht.social,up,mastodon,27,316,3718,1746805172
ambercons.masto.host,up,mastodon,26,148,1450,1612578270
tootr.co,up,mastodon,26,30293,24685,1668396226
allovertheplace.ca,up,mastodon,26,46034,15093,1707496148
restof.social,up,mastodon,26,1397,18842,1667369544
sociabl.be,up,mastodon,26,7887,16624,1669603070
social.rootaccess.org,up,mastodon,26,1258,22020,1655505964
onlyarts.social,up,mastodon,26,1129,13275,1668726568
dm824.fedicity.net,up,mastodon,26,6304,315,1692894065
don.nzws.me,up,mastodon,26,66234,18625,1612578270
social.34-64-252-148.nip.io,up,mastodon,26,13904,5,1766325242
community.publicinfrastructure.org,up,mastodon,26,173,,1669064515
ne.codes,up,mastodon,26,932,9646,1612578269
mastodon.jj5fxl.net,up,mastodon,26,18766,1714,1688666455
martine.life,up,mastodon,26,17481,1,1756237913
khuntercollege.online,up,mastodon,26,64046,7,1749056286
pbs.idv.tw,up,mastodon,26,693880,2881,1690571727
mastodon.chrisduffley.com,up,mastodon,26,140247,10945,1669122130
meinungsschubla.de,up,mastodon,26,1540,17597,1612578270
idic.social,up,mastodon,26,2440,116374,1668070057
bigballchunkyverse.online,up,mastodon,26,3640,4228,1668013244
social.barcelona,up,mastodon,26,840,8699,1707179668
sdasocial.org,up,mastodon,26,196,36,1706546608
masto.uno,up,mastodon,26,12443,0,1668079691
mzn-potatochips.me,up,mastodon,26,55330,10557,1612578270
beppo.online,up,mastodon,25,43865,6934,1668389358
dook.business,up,mastodon,25,8860,17942,1612578267
my.elven.pw,up,mastodon,25,5124,10767,1613547082
mstdn.myifn.de,up,mastodon,25,12473,10428,1612578267
dcerberus.com,up,mastodon,25,9226,57252,1667660467
social.butnot.today,up,mastodon,25,8381,7988,1674101115
xn--69a.xn--99axc.xn--y9a3aq,up,mastodon,25,11635,20776,1628710554
vhs.social,up,mastodon,25,6517,8971,1668185917
social.esmarconf.org,up,mastodon,25,7517,18602,1667913874
snake.club,up,mastodon,25,2012,12174,1612578348
taidum.social,up,mastodon,25,117,14190,1691974030
nayukana.info,up,mastodon,25,50924,11637,1612578270
pouet.space,up,mastodon,25,9505,11169,1612578713
338338.xyz,up,mastodon,25,1252,937,1612579379
superhappy.social,up,mastodon,25,2533,5691,1709747564
screaming.com,up,mastodon,25,303,15684,1668744723
merping.synth.download,up,mastodon,25,31165,10889,1751531692
skeptics.social,up,mastodon,25,45380,24686,1612579013
moe.social,up,mastodon,25,11382,12210,1702001735
were.party,up,mastodon,25,4031,17394,1668505256
harz.social,up,mastodon,25,253,8362,1651241674
mastodon.ninth-sekai.monster,up,mastodon,25,2233,128,1688514434
ponjour.com,up,mastodon,25,1391,5697,1690507432
beep.town,up,mastodon,25,56666,6839,1709228478
der-echte-nerden.social,up,mastodon,25,14711,593,1730572189
digisociety.social,up,mastodon,25,1240,17838,1667936287
publicsquare.global,up,mastodon,25,2920,28512,1671798145
homestead.social,up,mastodon,25,18440,19242,1720635050
firekitten.social,up,mastodon,25,912,13804,1668074164
mastodon.halibut.com,up,mastodon,24,12517,21625,1651082870
thefolklore.cafe,up,mastodon,24,34385,25713,1669113343
mastodon.devua.club,up,mastodon,24,1686,13742,1667804381
wiggle.website,up,mastodon,24,20038,15236,1612578271
euphorian.net,up,mastodon,24,14802,214,1698550762
masto.dopiaza.org,up,mastodon,24,652,12492,1668361015
blop.social,up,mastodon,24,4731,27545,1667918998
mvm.lol,up,mastodon,24,1897,5306,1748304461
bihar.social,up,mastodon,24,764,14424,1669419045
mtg.garden,up,mastodon,24,1819,11287,1682881039
m.panspermia.kr,up,mastodon,24,13197,9,1765860090
fellies.social,up,mastodon,24,34581,27860,1612578268
community.orixon.org,up,mastodon,24,140,892,1718302139
uff.rip,up,mastodon,24,91318,13589,1669819277
mstdn.at,up,mastodon,24,154,11443,1612578266
stay.woke.institute,up,mastodon,24,18630,129012,1671639294
kimpire.net,up,mastodon,24,107817,4770,1665193308
lsngl.us,up,mastodon,24,4396,28913,1612578268
1984.vu,up,mastodon,24,15329,5,1762431976
inductive.space,up,mastodon,24,4161,20740,1678657941
halo.nu,up,mastodon,24,67605,7984,1706684660
social.soraharu.app,up,mastodon,24,1141,11151,1712498500
transforthe.win,up,mastodon,24,11,5585,1667718485
grumble.social,up,mastodon,24,17275,23276,1668972624
mastodon.douvk.co.uk,up,mastodon,24,151968,10354,1668856405
mastodon.inferiorlattice.com,up,mastodon,24,2925,17956,1612578270
colloquium.social,up,mastodon,24,1085,8001,1669936732
krigskunst.social,up,mastodon,24,34713,27097,1673471781
mastodon.juniperrae.net,up,mastodon,24,3813,,1708706073
adforward.org,up,mastodon,24,1997,15139,1668784908
highway.ttobot.kr,up,mastodon,24,10703,5,1759777126
mastodon.tinyfox.dev,up,mastodon,24,49279,9116,1675654832
toot.earth,up,mastodon,23,8375,20264,1668686390
celestialscribe.online,up,mastodon,23,12789,632,1612605416
nfb.social,up,mastodon,23,1602,10434,1683058390
amormor.art,up,mastodon,23,5514,6,1695319324
social.roadfm.fr,up,mastodon,23,201637,7027,1734717935
m.blablu.de,up,mastodon,23,68,1739,1653935402
iys.io,up,mastodon,23,81,11021,1612585465
osten.social,up,mastodon,23,366,20926,1669239868
tty.icu,up,mastodon,23,134,11492,1671290660
bunni.social,up,mastodon,23,47911,12494,1688046408
blazecat.social,up,mastodon,23,190,,1723772343
social.sgf.dev,up,mastodon,23,94,3183,1711947821
lejaua6.club,up,mastodon,23,11194,146254,1612578268
theha.us,up,mastodon,23,1732,15983,1612578345
starcitizen.name,up,mastodon,23,718,7453,1669992748
social.wps.de,up,mastodon,23,2928,11959,1670525487
social.nuberu.org,up,mastodon,23,8049,6045,1740256386
ghost.pe.kr,up,mastodon,23,29588,1,1764574840
nine.land,up,mastodon,23,3255,5412,1651413283
retrorewind.social,up,mastodon,23,3246,13246,1671253984
room19.com,up,mastodon,23,10131,3113,1674069731
masturbated.one,up,mastodon,23,16943,11273,1675532505
fedi.chadthundercock.com,up,mastodon,23,2514,9062,1742394757
lightcrystal.fedicity.net,up,mastodon,23,29450,3217,1688550895
fiera.social,up,mastodon,23,5832,18015,1722460499
loutre.info,up,mastodon,23,18795,26987,1612578267
toot.gemeinschaffen.com,up,mastodon,23,240,7999,1669910330
batchats.net,up,mastodon,23,4809,11702,1668242731
mastodon.faithtree.social,up,mastodon,23,3377,14501,1674892418
troet.fediverse.at,up,mastodon,23,4410,6065,1669830316
mstdn.otyakai.xyz,up,mastodon,23,1204,9983,1612578266
umaikebab.xyz,up,mastodon,23,143627,4654,1692718513
41020.social,up,mastodon,23,6058,13829,1668807535
mastodon.medienzentrenbw.de,up,mastodon,23,79,5617,1704215215
social.phoenixradio1208.com,up,mastodon,23,13384,8438,1675961734
pomdon.work,up,mastodon,22,406251,7338,1612578269
contenttechtodon.org,up,mastodon,22,2197,16130,1667236647
nyanya.net,up,mastodon,22,1312,6857,1668356190
pouet.it,up,mastodon,22,29170,23932,1612578269
mastodon.spotek.io,up,mastodon,22,5940,15701,1660099257
d3f4ult.space,up,mastodon,22,675,14230,1668212037
ard.social,up,mastodon,22,66811,25333,1683438440
interledger.social,up,mastodon,22,356,12072,1689937751
longcovid.social,up,mastodon,22,463,10643,1671326406
social.illegalpornography.com,up,mastodon,22,778708,31794,1612578271
pnw-mastodon.com,up,mastodon,22,83,6874,1650952002
maestas.us,up,mastodon,22,1671,4,1705840860
me.memories.am,up,mastodon,22,2773,14373,1656328222
mastodon.cde.social,up,mastodon,22,916,12802,1650933668
social.ffmuc.net,up,mastodon,22,1965,23277,1668935418
social.epicuro.net,up,mastodon,22,153,13,1766667569
zenyasai.g-fukurowl.club,up,mastodon,22,129977,11379,1612578267
fangl.in,up,mastodon,22,12242,10542,1639649494
republik.social,up,mastodon,22,1186,13506,1669372416
mst.canor.kr,up,mastodon,22,62227,8743,1612578269
social.ngi.eu,up,mastodon,22,781,9306,1725283820
ma.fono.jp,up,mastodon,22,65442,9058,1612578270
webworker.social,up,mastodon,22,422,12943,1669553119
melon.blue,up,mastodon,22,412,3195,1698036002
social.lfx.dev,up,mastodon,22,2114,18670,1674867226
retroverse.social,up,mastodon,22,14524,12739,1668531935
hub.uckermark.social,up,mastodon,22,19978,26921,1651952967
libera.tokyo,up,mastodon,22,42283,11167,1612578270
mastodon.360.cymru,up,mastodon,22,22920,2339,1675872280
mastodon.z27.ch,up,mastodon,22,6054,2969,1612578344
social.nouveau.community,up,mastodon,22,3691,10539,1755443982
dfir.social,up,mastodon,21,1233,8424,1677395013
toot.igniterealtime.org,up,mastodon,21,2510,13100,1668359252
social.hostnetwork.xyz,up,mastodon,21,2945,13514,1754307916
social.khmelnytskyi.dcomm.net.ua,up,mastodon,21,128,4913,1668193644
someplace.social,up,mastodon,21,29566,14643,1729822995
kagahana.whippy.kr,up,mastodon,21,23299,1,1746202305
epsilon-ix.masto.host,up,mastodon,21,74269,26043,1666042505
scalie.club,up,mastodon,21,49606,23522,1612578267
social.drastical.tech,up,mastodon,21,11963,18703,1612578270
social.flipboard.com,up,mastodon,21,504,4201,1675983944
social-groups.ulysseus.eu,up,mastodon,21,180,0,1644634486
social.naguski.pl,up,mastodon,21,292,1167,1755446640
mastodon.grin.hu,up,mastodon,21,3100,12508,1612578269
burn.capital,up,mastodon,21,36813,20530,1612578267
mastodon.eternalaugust.com,up,mastodon,21,25171,21767,1669030947
timeloop.cafe,up,mastodon,21,69274,18119,1740217213
whitesmokebbq.social,up,mastodon,21,2725,12606,1663267947
tutter.org,up,mastodon,21,1366,10217,1725405215
neighborli.xyz,up,mastodon,21,855,8223,1614364557
mellified.men,up,mastodon,21,116530,33678,1612578265
mastodon.totmin.ru,up,mastodon,21,2577,4938,1686840741
heyvegans.icu,up,mastodon,21,1308,39,1753219882
corporatetravel.social,up,mastodon,21,326,539,1675535264
nautical.social,up,mastodon,21,235,10127,1692717024
bots.robots.rodeo,up,mastodon,21,32227,14240,1734464290
mastodon.hccp.org,up,mastodon,21,14325,17210,1651715291
varese.social,up,mastodon,21,697,8675,1741831273
social.daspr.io,up,mastodon,21,400,5401,1612578268
fedi.lynnesbian.space,up,mastodon,21,129775,24563,1612578265
ischool.social,up,mastodon,21,1139,17000,1612578266
mastodon.esmevane.com,up,mastodon,21,17736,18993,1612578266
gamerplus.org,up,mastodon,21,13446,17435,1686784336
m.sysops.tv,up,mastodon,21,121,5219,1740217304
some.hacklab.fi,up,mastodon,21,232,3972,1707424429
josa.social,up,mastodon,21,76,5120,1670261125
social.chatik.pl,up,mastodon,21,1172,56,1761608806
socialserver.science,up,mastodon,21,11761,21639,1667316533
fedi.computernewb.com,up,mastodon,21,34263,10694,1705723553
ulmd.de,up,mastodon,21,281,5123,1673262697
welldn.net,up,mastodon,21,78343,3771,1612578269
mastodon.1984.cz,up,mastodon,21,4417,11089,1612578268
social.fairphone.community,up,mastodon,21,1369,17213,1688578084
nodutiesowed.com,up,mastodon,21,112,10375,1612578268
inuh.net,up,mastodon,21,3436,19335,1667176946
mt.shc.kanagawa.jp,up,mastodon,21,136,12975,1630250072
thevipvipers.space,up,mastodon,21,9110,18319,1650948312
m.einverne.info,up,mastodon,21,48291,137154,1667302137
erica.moe,up,mastodon,21,8024,4653,1621059203
social.xinghaizhandui.com,up,mastodon,21,15357,8712,1663679906
mastodon.buzhangjiuzhou.com,up,mastodon,21,4008,102016,1637926773
energydon.fi,up,mastodon,21,10796,14213,1681403290
sexworkers.social,up,mastodon,21,108,856,1740231245
social.penguinability.net,up,mastodon,20,366512,9084,1612578270
sofa.rosetree.de,up,mastodon,20,986,1,1670960308
fedi.xamk.fi,up,mastodon,20,437,13630,1671040774
toots.deds.nl,up,mastodon,20,568,6728,1669060818
opensocial.media,up,mastodon,20,3079,15978,1696725512
social.eqver.se,up,mastodon,20,438,8576,1672688014
fujun-bungaku.com,up,mastodon,20,2470,252,1716532822
wellesley100.masto.host,up,mastodon,20,198,24,1717718173
bien-etre.social,up,mastodon,20,3194,13992,1669597901
social.mootech.eu,up,mastodon,20,172395,21800,1612578265
calamity.world,up,mastodon,20,4830,23141,1676460778
social.devopsdays.org,up,mastodon,20,1032,12142,1677137701
social.kuester7.com,up,mastodon,20,5612,13115,1612578268
v2.nyoki.club,up,mastodon,20,224348,12074,1612578268
mastodon.blaster.com.ar,up,mastodon,20,3620,8494,1668032378
family.foxworthy.name,up,mastodon,20,1705,10,1612578345
mastodon.math.unipd.it,up,mastodon,20,174,514,1653507164
mastodon.tails.ch,up,mastodon,20,3676,18815,1677186809
faculty.mastodon.stanford.edu,up,mastodon,20,14,3049,1699013987
hatchee.bz,up,mastodon,20,9803,12161,1669012461
canadapt.social,up,mastodon,20,105,16,1730000651
mastodon.indiegames.online,up,mastodon,20,427,8944,1665987615
pfadi.social,up,mastodon,20,2109,11283,1655669108
nya.coffee,up,mastodon,20,100136,4115,1629740011
kono.pub,up,mastodon,20,7949,7658,1675484496
forgi.social,up,mastodon,20,9816,15756,1669247543
social.gwsberlin.de,up,mastodon,20,22,2788,1726141995
teqpot.info,up,mastodon,20,920,25,1708895263
mastodon.palewi.re,up,mastodon,20,54509,12778,1669836809
mastodon.clinicians-exchange.org,up,mastodon,20,31685,13030,1669664343
neander.social,up,mastodon,20,2776,6181,1747069845
social.e-editiones.org,up,mastodon,20,373,4330,1668123518
kommentakerfid.is,up,mastodon,20,866,8712,1668173248
mastodon.melin.org,up,mastodon,20,18353,16486,1652026247
mastodon.xn--9cs231j0ji.xn--p8s937b.net,up,mastodon,20,1586,4198,1667832681
friend.baai.ac.cn,up,mastodon,20,1651,13,1689319072
osintua.eu,up,mastodon,20,1239255,12004,1668802304
bara.gallery,up,mastodon,20,962,9779,1740217390
networked-media.itp.io,up,mastodon,20,10894,5,1731208104
loci.onl,up,mastodon,20,15510,15201,1612578270
staging.mastodon.ml,up,mastodon,20,59,1,1758951131
obapom.work,up,mastodon,20,127210,6533,1612578271
mastodon.derg.nz,up,mastodon,20,45160,31150,1667184975
jeju.social,up,mastodon,20,54,2902,1751068028
masto.deoan.org,up,mastodon,20,26957,25145,1668203233
is-a.cat,up,mastodon,20,28311,39949,1651269067
oberberg.nrw,up,mastodon,20,4031,8094,1669153227
edi.social,up,mastodon,19,2883,21757,1651498077
owo.ff15.eu,up,mastodon,19,4026,17864,1669735522
bots.fedi.cr,up,mastodon,19,114175,8774,1696539711
bibliodiversidade.club,up,mastodon,19,480,6438,1740217288
oldinternet.net,up,mastodon,19,23956,9396,1650944302
mastodon.femboyfurry.net,up,mastodon,19,537,5417,1680196462
mastodon.seattlematrix.org,up,mastodon,19,23303,19739,1669685358
flyovercountry.social,up,mastodon,19,39306,27427,1667752733
malu.today,up,mastodon,19,120311,14802,1612578270
travelling-lurtles.world,up,mastodon,19,2078,11,1612578345
toots.ch,up,mastodon,19,5452,10055,1669903843
odenwald.social,up,mastodon,19,1884,16393,1656567948
kwick.rip,up,mastodon,19,130,807,1683055035
amberpapilio.masto.host,up,mastodon,19,388,33,1678810646
mastodon.thenewoil.org,up,mastodon,19,2219,15371,1700437973
masto.krashboyz.org,up,mastodon,19,3648,17944,1622482362
mastodon.crazynewworld.net,up,mastodon,19,444837,25382,1612578267
masto.popgeeks.com,up,mastodon,19,7616,4508,1667960320
tutut.delire.party,up,mastodon,19,20751,27970,1612578269
mastodon.acerbo.me,up,mastodon,19,3110,2186,1613256740
cybersecurity.masto.host,up,mastodon,19,80,10446,1640822754
m.fru.bar,up,mastodon,19,2506,16964,1669575861
diaspora.im,up,mastodon,19,8659,20493,1698106053
cybersecurity.theater,up,mastodon,19,4066,23403,1651168938
mastodon.libreon.fr,up,mastodon,19,999,9538,1668098991
brontosin.space,up,mastodon,19,13939,17207,1670952916
toot.finfur.net,up,mastodon,19,2715,17669,1668423216
terra.incognita.net,up,mastodon,19,10734,24070,1650076709
mtn.selfre.cc,up,mastodon,19,1374,1556,1716324555
async.social,up,mastodon,19,580,21179,1671783343
benehomini.social,up,mastodon,19,1374,15028,1652585743
lubbock.social,up,mastodon,19,130,7066,1757243164
westvisions.social,up,mastodon,19,304,12870,1677962467
sakh.social,up,mastodon,19,3014,8744,1690395726
greennuclear.online,up,mastodon,19,27601,23476,1667777112
unfug.social,up,mastodon,19,30564,18557,1674122491
hackerspace.au,up,mastodon,19,653,10638,1667913692
don.kenmo.fm,up,mastodon,19,10177,10901,1667818628
perfumefan.jp,up,mastodon,19,115919,3223,1671340705
cheekibreeki.express,up,mastodon,19,745,12469,1668814501
i.cancn.com,up,mastodon,19,4296,93372,1673109781
doujin.biz,up,mastodon,19,349399,3868,1702364850
bbiz.io,up,mastodon,19,1291,13240,1667940804
isocial.cloud,up,mastodon,19,1755,11273,1697886017
social.v.st,up,mastodon,19,107290,32019,1612578268
oursky.social,up,mastodon,19,148,6426,1675370713
dogno.se,up,mastodon,19,956,131684,1667986008
fairpoints.social,up,mastodon,19,936,8819,1668808455
kde.social,up,mastodon,19,3202,18922,1683976961
tootbot.org,up,mastodon,19,606,9353,1673883476
ucb.social,up,mastodon,19,606,4761,1612578347
theradio.au,up,mastodon,19,4066,15018,1668494939
mastodon.murkworks.net,up,mastodon,19,118005,29057,1667726494
ballhaus.community,up,mastodon,19,591,8876,1669145210
mstdn.rkunkunr.com,up,mastodon,18,19365,2570,1612578388
chablis.social,up,mastodon,18,163,7931,1612578266
falk.cafe,up,mastodon,18,248,14362,1686409375
astronomy.city,up,mastodon,18,15250,26560,1667541886
mastodon.imagisphe.re,up,mastodon,18,74,3191,1694545640
retrodon.jp,up,mastodon,18,699,4212,1612578270
bb5.social,up,mastodon,18,636,5551,1699763355
lediva.masto.host,up,mastodon,18,3178,72265,1658583201
bookish.community,up,mastodon,18,2013,19507,1668623599
sachsen-medien.social,up,mastodon,18,5609,13286,1693833624
orfodon.org,up,mastodon,18,231885,5341,1699402978
sylvesfamily.com,up,mastodon,18,851,0,1740247795
social.twotenlabs.net,up,mastodon,18,17675,9610,1674265511
mastodon.zeus.gent,up,mastodon,18,159,7415,1667863737
mastodon.neometropolis.net,up,mastodon,18,92377,12373,1721436193
alpaka.garden,up,mastodon,18,14137,15884,1669837264
mastodon.rozhlas.cz,up,mastodon,18,19096,10410,1670409121
fuckgov.org,up,mastodon,18,7436,20580,1650940793
social.iris.upc.edu,up,mastodon,18,147,6157,1740217156
mastodon.praxis.red,up,mastodon,18,2507,26212,1677402514
valenciapa.ws,up,mastodon,18,6683,22050,1670366493
beta.tapbots.social,up,mastodon,18,266,183622,1668417383
social.dcomms.colnodo.apc.org,up,mastodon,18,45,692,1747829165
salieri.hostdon.ne.jp,up,mastodon,18,1170,566,1675579663
reseauculture.fr,up,mastodon,18,248,3055,1752068225
mastodon.elevenways.be,up,mastodon,18,865,191452,1667412800
an.exchange,up,mastodon,18,1824,154711,1668499185
flausch.social,up,mastodon,18,10596,21274,1612578268
goodass.dog,up,mastodon,18,610,14175,1612578269
social.furryrefuge.com,up,mastodon,18,1248,4016,1668361643
gumzo.africa,up,mastodon,18,713,12323,1703891187
bumscode.com,up,mastodon,18,8101,21904,1671202728
disobey.net,up,mastodon,18,24909,27903,1612578270
nora.social,up,mastodon,18,5861,5477,1674417363
san-antonio.social,up,mastodon,18,1830,9422,1669588707
mas.erb.pw,up,mastodon,18,17305,20443,1684781822
propulse.club,up,mastodon,18,196663,6328,1612578266
raggedfeathers.com,up,mastodon,18,36398,34489,1612578271
beef.moe,up,mastodon,18,1057,150542,1614636484
zomglol.wtf,up,mastodon,18,7623,24220,1612578268
social.netz.org,up,mastodon,18,1495,19523,1671545321
mastodon.hofud.com,up,mastodon,18,2129,16727,1612578267
mstdn.delmulin.com,up,mastodon,18,36185,7674,1615687747
pasx.fr,up,mastodon,18,5452,814,1740217145
mariconear.social,up,mastodon,18,517,5222,1760166716
dasforum.org,up,mastodon,18,2531,19713,1669249722
x.continuity.space,up,mastodon,18,18,1438,1741881835
mastodon.brol.tech,up,mastodon,18,57,12462,1751043833
ippandon.hopto.org,up,mastodon,18,79791,9242,1612578268
pornanime.club,up,mastodon,18,166222,4094,1612578266
social.boc47.org,up,mastodon,18,126,5011,1716655029
don.kuropon.dev,up,mastodon,18,9771,167,1688529567
mastodon.moscow,up,mastodon,18,29251,12862,1704711527
mastodon.tacoma.community,up,mastodon,18,5240,15080,1740217447
stigma.whippy.kr,up,mastodon,18,21040,1,1723744978
mastodon.madhammer.club,up,mastodon,18,730,13488,1668808199
social.erg.be,up,mastodon,18,192,3900,1740246152
abraum.social,up,mastodon,18,1589,14584,1696983750
social.ksite.de,up,mastodon,18,2239,13222,1612578270
jiong.us,up,mastodon,18,2021,3665,1689321583
lasersare.fun,up,mastodon,18,7647,36769,1669003445
fosstodon.su,up,mastodon,18,898,1834,1753640040
802.3ether.net,up,mastodon,18,289117,6844,1699556722
feedmirror.social,up,mastodon,18,137229,1621,1730553097
social.jesuislibre.net,up,mastodon,17,65561,21472,1612578266
social.liip.ch,up,mastodon,17,296,12053,1660859751
movimientos.social,up,mastodon,17,1057,6582,1751904865
mastodon.ctseuro.com,up,mastodon,17,11596,16792,1612578267
laviadililith.social,up,mastodon,17,9358,12210,1612578267
mikrobloggen.no,up,mastodon,17,4918,15488,1689458158
thinkydoers.social,up,mastodon,17,1979,18765,1668323540
bvb.social,up,mastodon,17,304,6033,1668250865
usr.cloud,up,mastodon,17,562,10945,1667885482
odd.social,up,mastodon,17,222,13579,1740217218
knse.net,up,mastodon,17,225,22969,1679388490
social.noparking.net,up,mastodon,17,50,703,1703197218
mastodon.rosiesosocial.com,up,mastodon,17,488,7734,1740217448
melb.social,up,mastodon,17,2892,23521,1612578267
pupy.cafe,up,mastodon,17,6695,12794,1667768169
nycity.social,up,mastodon,17,84,15797,1669092087
deen.social,up,mastodon,17,148,1743,1752720684
streetwi.se,up,mastodon,17,8810,3679,1755956156
untrusted.website,up,mastodon,17,3708,23496,1668316449
computational.agency,up,mastodon,17,13,86,1612578341
1foo.net,up,mastodon,17,8651,0,1673084799
mastodon.tymoon.eu,up,mastodon,17,13832,21818,1612578269
social.la10cy.net,up,mastodon,17,13450,20860,1654386562
kawaii.gdn,up,mastodon,17,106990,10324,1731597266
place-of-refuge.com,up,mastodon,17,24566,66,1612578345
m.abunchtell.com,up,mastodon,17,2170,20412,1612578268
social.oddly-influenced.dev,up,mastodon,17,1007,8955,1668532399
scz.social,up,mastodon,17,7698,5050,1678511470
philly.vs-the.world,up,mastodon,17,81229,14205,1669350602
social.undrground.org,up,mastodon,17,4025,14559,1667629108
mastodon.mathnum.inrae.fr,up,mastodon,17,216,634,1750318240
fpv.social,up,mastodon,17,683,10576,1671598996
social.completext.com,up,mastodon,17,779,23,1677186946
social.ucc.au,up,mastodon,17,232,5788,1730074184
hachyderm.wtf,up,mastodon,17,97,1095,1669179914
mastodon.blackblock.rocks,up,mastodon,17,554,208068,1667657337
social.medienzentrum.rocks,up,mastodon,17,294,7997,1688088503
rcj1.mstdon.app,up,mastodon,17,12735,311,1612578346
butts.team,up,mastodon,17,38173,26516,1612578267
darkprism.christmas,up,mastodon,17,10601,746,1740234263
psu.social,up,mastodon,17,43987,2222,1669046014
tomkahe.com,up,mastodon,17,453551,18293,1702687230
mastodon.joaoleitao.org,up,mastodon,17,221,15958,1694279634
toot.majorshouse.com,up,mastodon,17,35380,19852,1668209016
dc801.space,up,mastodon,17,265,14722,1651691226
greenfield.masto.host,up,mastodon,17,49555,15664,1666694625
muslimsorganize.masto.host,up,mastodon,17,251,4854,1675103662
social.crabs.life,up,mastodon,17,679,8028,1667876606
mastodon.sandbox.skygrid-test.com,up,mastodon,17,1884,1,1701403402
arkm.social,up,mastodon,17,3211,10037,1700840136
magpie.masto.host,up,mastodon,17,302,8753,1612578347
solarcene.community,up,mastodon,17,15208,13262,1695757931
almajlis.me,up,mastodon,17,122,4779,1667629108
typo3.social,up,mastodon,17,1264,6060,1671118316
mastodon.cesko.digital,up,mastodon,17,1438,10825,1695833796
wkly.ws,up,mastodon,17,3429,2535,1670961567
transden.lgbt,up,mastodon,17,929,10728,1687196281
social.mushroomfm.com,up,mastodon,17,56099,11459,1669188665
theweird.space,up,mastodon,17,284,19592,1688948335
games.ngo,up,mastodon,17,4896,19459,1674981336
social.laaw.nrw,up,mastodon,17,598,4804,1669051424
frogs.lgbt,up,mastodon,17,22892,16573,1668064332
mstdn.rinsuki.net,up,mastodon,17,70983,15933,1612578266
social.wejxa.colnodo.co,up,mastodon,17,25,216,1763213857
mastodon.fkpk.org,up,mastodon,16,299,9544,1612578266
mastodon.theshowshow.tv,up,mastodon,16,662,17448,1668800818
tuffidon.de,up,mastodon,16,3198,8461,1689570210
kufeldt.net,up,mastodon,16,537,0,1755479616
campdarling.com,up,mastodon,16,23,2428,1653881191
talkedabout.social,up,mastodon,16,30593,18175,1669149975
swissodon.ch,up,mastodon,16,162,13065,1705421680
bbq.golf,up,mastodon,16,488,7211,1638279044
strangeminds.social,up,mastodon,16,1602,26645,1671206919
social.accum.se,up,mastodon,16,11892,13824,1688431360
social.perspective-daily.de,up,mastodon,16,1569,12180,1668904971
mastodon.roundpond.net,up,mastodon,16,19599,20971,1667877979
mastodon.kampong.social,up,mastodon,16,141,9391,1725534850
mastodon.octofriends.garden,up,mastodon,16,1764,6727,1757587018
mastodon.sc07.group,up,mastodon,16,80,1629,1656793963
vorny-animals.online,up,mastodon,16,555,3050,1690398989
fedi.opendronemap.org,up,mastodon,16,46,4243,1740217156
res.social,up,mastodon,16,78,5608,1695318306
arrifana.org,up,mastodon,16,464,9266,1671046553
techopolis.social,up,mastodon,16,5270,16163,1668609245
666.glitchwit.ch,up,mastodon,16,24547,22883,1650919144
univention.social,up,mastodon,16,989,12988,1674827746
glitterkitten.co.uk,up,mastodon,16,52117,42267,1612578267
news.piaf.im,up,mastodon,16,62376,1362,1690252458
shitpost.school,up,mastodon,16,50,11881,1668980359
orz.uno,up,mastodon,16,20300,12340,1612578268
travel-friends.chat,up,mastodon,16,1440,18828,1612578267
ligma.pro,up,mastodon,16,32727,15850,1612578267
mastodon.yshi.org,up,mastodon,16,15647,19985,1651625654
pets.contact,up,mastodon,16,351,6169,1651598985
rfj.social,up,mastodon,16,472,5719,1669107179
noot.pingu4.me,up,mastodon,16,8052,6188,1696364390
mastodon.transneptune.net,up,mastodon,16,4004,24626,1612578269
boteden.com,up,mastodon,16,141925,13408,1682398984
mastodon.dragonbox.de,up,mastodon,16,5478,10689,1670195077
does.social,up,mastodon,16,3084,13187,1612585465
social.unturf.com,up,mastodon,16,498,5562,1612578267
phparch.social,up,mastodon,16,2934,12445,1669832971
social.cu2d.com,up,mastodon,16,101472,11008,1669969719
mastodon.macstories.net,up,mastodon,16,16525,28080,1671136595
mastodon.calacademy.org,up,mastodon,16,40,4765,1683166937
social.ndlug.org,up,mastodon,16,1124,10954,1690918749
xn--ratatskr-r4a.de,up,mastodon,16,2164,7982,1668153427
ist-ur.org,up,mastodon,16,1057,8952,1669991446
social.tripelix.com,up,mastodon,16,57,337,1646371359
sensitive.hostdon.ne.jp,up,mastodon,16,772,299,1676024033
burnout.cafe,up,mastodon,16,1101,20256,1692321965
felesitas.cloud,up,mastodon,16,493378,19140,1612578269
social.flipdot.org,up,mastodon,16,837,20357,1668904947
onlycmbot.top,up,mastodon,16,1082,2,1740231507
supervolcano.angryshark.eu,up,mastodon,16,7301,25677,1667020826
sota.sotamedia.org,up,mastodon,16,159,975,1699383704
don.wsoft.ws,up,mastodon,16,1828,12202,1670940352
acc4e.com,up,mastodon,16,3202,21941,1667697559
toot.beep.computer,up,mastodon,16,2571,17815,1677014003
masto.doskel.net,up,mastodon,16,29305,19229,1725678071
d3stodon.com,up,mastodon,16,13011,332,1668398851
bayerwald.social,up,mastodon,16,4187,13988,1711911032
mastinsaan.in,up,mastodon,16,9538,16666,1670354553
uldegrova.com,up,mastodon,16,5715,13137,1668466625
entomophagy.world,up,mastodon,16,542,5575,1631440667
museum.community,up,mastodon,16,574,5471,1668545746
social.aldiserver.de,up,mastodon,16,209,7455,1635448349
telefant.net,up,mastodon,16,2883,15319,1674045347
brokkoli.social,up,mastodon,16,404,2084,1677710144
woodworking.group,up,mastodon,16,473,15412,1682658638
mastoscat.club,up,mastodon,16,5775,4462,1679847581
mamut.tic-ac.org,up,mastodon,16,678,5893,1628891040
outergod.art,up,mastodon,16,118,1216,1671828722
shout.3xd.eu,up,mastodon,16,771,12028,1636110203
femos.trobada.social,up,mastodon,16,274,3704,1738231410
social.jabjab.de,up,mastodon,15,1738,5481,1666952881
social.sineware.ca,up,mastodon,15,3518,22145,1667863737
h-i.social,up,mastodon,15,15862,18349,1698212966
solidcharity.net,up,mastodon,15,410,538,1656814678
hamont.social,up,mastodon,15,55789,7697,1668058356
hal9.ooo,up,mastodon,15,9960,19837,1612578267
goose.directory,up,mastodon,15,2831,15577,1675741964
dragon-lair.social,up,mastodon,15,8086,20953,1668091493
masts.lv,up,mastodon,15,2051,14602,1673661841
creative.ai,up,mastodon,15,27115,11014,1612578348
social.ipfire.org,up,mastodon,15,951,9039,1612578442
an.errant.cloud,up,mastodon,15,3325,22267,1670362999
waf.social,up,mastodon,15,212,8242,1694089598
social.mjohnson.tech,up,mastodon,15,56,2608,1667725283
hydrocube.space,up,mastodon,15,2808,21895,1672473275
toot.melonland.net,up,mastodon,15,2721,3854,1674420958
tiniest.world,up,mastodon,15,2147,1,1643376600
omani.social,up,mastodon,15,266,5436,1667629108
anothersuper.social,up,mastodon,15,187,3627,1668403611
gweep.cat,up,mastodon,15,3589,9084,1669707451
chat.globulous.com,up,mastodon,15,1621,7666,1612578267
social.milchreislieferei.de,up,mastodon,15,8679,18748,1652052952
bat.chat,up,mastodon,15,0,3430,1650427866
social.devanooga.com,up,mastodon,15,283,4819,1612578266
nsinteger.com,up,mastodon,15,462,14993,1612578441
masse.xn--qubec-csa.tk,up,mastodon,15,622,10796,1633241867
seacow.social,up,mastodon,15,7410,14944,1612578266
dannythe.site,up,mastodon,15,1491,10491,1612578348
equestrian.social,up,mastodon,15,3830,14662,1674100618
verbraucherzentrale.social,up,mastodon,15,1693,6944,1681943480
skol.social,up,mastodon,15,3773,15942,1710736535
bynight.cafe,up,mastodon,15,311,5825,1690924332
revolutionize.social,up,mastodon,15,468,10575,1740217390
cccwi.social,up,mastodon,15,268,10308,1669770798
a.junimo.party,up,mastodon,15,6590,14091,1736419395
fox.nexus,up,mastodon,15,25154,22455,1709316883
theatrez.day,up,mastodon,15,3522,5387,1704847962
spatlo.com,up,mastodon,15,5,683,1669720687
mastodon.bstly.de,up,mastodon,15,529,8239,1647636426
mastodon.experienceadvisors.io,up,mastodon,15,186,5051,1668361015
queerspirituality.social,up,mastodon,15,14109,16318,1679434790
my.noisome.space,up,mastodon,15,4353,2,1612578345
m.pupu.moe,up,mastodon,15,62,3850,1654301472
deepspace.social,up,mastodon,15,8304,23725,1667629108
kocour.club,up,mastodon,15,2480,2418,1674770005
social.platformcoop.de,up,mastodon,15,42,4575,1740217145
social.pneumasolutions.com,up,mastodon,15,309,4782,1682738963
claristdon.link,up,mastodon,15,33302,2156,1612578267
pegelinux.top,up,mastodon,15,5376,24916,1667666995
furdon.com,up,mastodon,15,149,13117,1692563192
peering.social,up,mastodon,15,6627,19774,1668527149
mastodon.bestofmodels.blog,up,mastodon,15,0,383,1767120945
social.groene.nl,up,mastodon,15,5690,8453,1674780546
bot.swiss.social,up,mastodon,15,40703,11762,1675435630
1132don.com,up,mastodon,15,300,1030,1675941315
witten.social,up,mastodon,15,714,124172,1669175335
dopamine.social,up,mastodon,15,2435,13362,1668847584
social.hessen.de,up,mastodon,15,2265,4654,1676645170
audiophile-mastodon.com,up,mastodon,15,20417,250,1612579013
smartcity.social,up,mastodon,15,762,7764,1684000410
mstdn.wildtree.jp,up,mastodon,15,10610,6474,1612578266
social.krui.me,up,mastodon,15,277,46,1676073190
eorzea.social,up,mastodon,15,620,5109,1669363141
dindon.one,up,mastodon,15,31426,22816,1626787854
popon.pptdn.jp,up,mastodon,15,102617,12959,1612578270
left-tusk.com,up,mastodon,15,51760,26820,1659984417
mastodon.jamidisi-edu.de,up,mastodon,14,80,2364,1694544374
mastodon.adju.st,up,mastodon,14,94,10208,1685697527
exercise.cafe,up,mastodon,14,414,2953,1662404922
moe.mitchi.moe,up,mastodon,14,49017,4272,1683661358
xcloud.zone,up,mastodon,14,491,10358,1668066903
kanina.be,up,mastodon,14,7802,11602,1612578267
birds.social,up,mastodon,14,224,4976,1668242050
denvr.social,up,mastodon,14,4203,17643,1675134477
m.pandasemi.co,up,mastodon,14,387,13644,1668156041
social.sssa.africa,up,mastodon,14,153,3315,1713113854
artcrimes.gay,up,mastodon,14,6856,98,1697042292
skrivel.se,up,mastodon,14,7175,20348,1612578267
bostonmusic.online,up,mastodon,14,5699,23228,1612578269
plumes.io,up,mastodon,14,1456,7959,1667993138
mastodon.peaceful.social,up,mastodon,14,4206,17243,1672165999
ice-lolly.social,up,mastodon,14,4478,15776,1612578269
fantastic.earth,up,mastodon,14,15385,25711,1669235159
farlands.cafe,up,mastodon,14,343,5330,1690275888
alpines.club,up,mastodon,14,1565,16705,1641118476
social.brainsys.com,up,mastodon,14,9525,22569,1668381956
mstdn.ch,up,mastodon,14,1219,8905,1651004483
the.enchanted.quest,up,mastodon,14,2386,7581,1688907773
linuxlab.sh,up,mastodon,14,8408,27085,1612578266
indigenousgulf.online,up,mastodon,14,1222,8181,1668377197
mastodon.satoshishop.de,up,mastodon,14,19099,113762,1612578268
1password.social,up,mastodon,14,1061,13644,1674670838
schleicher.social,up,mastodon,14,646,18,1680094905
social.gamingecke.space,up,mastodon,14,317,2649,1667858019
mastodon.pastleo.me,up,mastodon,14,129,5794,1612585465
za.la,up,mastodon,14,629,3705,1706368484
mstdn.nursing.unibas.ch,up,mastodon,14,715,11566,1699712062
t3n.social,up,mastodon,14,13931,17834,1671065525
palmsy.club,up,mastodon,14,109,5329,1669083640
mastodon.oldstyle-project.org,up,mastodon,14,293,6162,1708349720
m.thebroom.us,up,mastodon,14,2993,6906,1703948938
md.korako.me,up,mastodon,14,76958,10197,1617552124
birdbox.party,up,mastodon,14,291,31678,1668659255
anticapitalistcatgirl.club,up,mastodon,14,2273,12843,1668118543
wrestling.social,up,mastodon,14,69619,21074,1612578268
slutty.city,up,mastodon,14,1206,5300,1740217705
social-t.uibk.ac.at,up,mastodon,14,7,2953,1686781903
dreamersreality.dev,up,mastodon,14,465,4436,1669512330
nona.social,up,mastodon,14,3943,16934,1668343491
serverhosting.social,up,mastodon,14,7,2333,1671045906
reverie.masto.host,up,mastodon,14,3771,1563,1690637167
qwq.ooo,up,mastodon,14,1524,5300,1656690417
earth.law,up,mastodon,14,322,12509,1724807621
trashbrain.org,up,mastodon,14,55,5598,1669218645
dustbuster.club,up,mastodon,14,1821,11386,1668325335
mastodon.ashevillains.org,up,mastodon,14,1477,11782,1667525710
social.reutlingen.university,up,mastodon,14,165,3125,1740217719
thueringen.social,up,mastodon,14,2082,4004,1711662141
social.tsueri.cloud,up,mastodon,14,329,148304,1669256087
social.khajiit.de,up,mastodon,14,1145,16747,1667109897
jforo.com,up,mastodon,14,525194,4683,1687952096
mastodon.fightforthefuture.org,up,mastodon,14,1284,18965,1667842602
social.wowmedia.net,up,mastodon,14,3264,2209,1709240534
idw-online.social,up,mastodon,14,35716,11505,1655736450
astronomy.social,up,mastodon,14,850,25235,1667410295
kaji.social,up,mastodon,14,1206,1302,1612578269
den.den.nohost.me,up,mastodon,14,2514,9304,1671479673
coplus.social,up,mastodon,14,14,1142,1671452320
alien.insurrection.tech,up,mastodon,14,874,11028,1668042321
social.ftm.nl,up,mastodon,14,2569,9720,1694121528
bots.automatica.dev,up,mastodon,14,8812,3009,1669244693
glowing.garden,up,mastodon,14,2950,,1668972624
mstdn.3naly.xyz,up,mastodon,14,10325,4250,1612582166
mastodon.creation.md,up,mastodon,14,11,667,1669253959
mastodon.hexix.de,up,mastodon,14,14465,15797,1668261449
m.nintendojo.fr,up,mastodon,14,34786,25976,1612578268
natestodon.social,up,mastodon,14,123,614,1689714025
fedi.copyleft.org,up,mastodon,13,1237,11032,1751248888
breeze.town,up,mastodon,13,293,3077,1620713823
hokutodon.co,up,mastodon,13,385,44,1612578271
wp-punks.social,up,mastodon,13,645,7685,1667862269
wholesome.computer,up,mastodon,13,998,10389,1667405496
terra.social,up,mastodon,13,647,790,1693306379
outer-eden.cc,up,mastodon,13,616,1,1740238700
connectified.com,up,mastodon,13,28110,29463,1652301150
theinternet.social,up,mastodon,13,6571,19948,1667842472
sociale.hapa.cd,up,mastodon,13,18,3,1728698169
letallmortalfleshfindtheirvoice.social,up,mastodon,13,219,9517,1612578268
instancia.org,up,mastodon,13,16823,11629,1722955781
mastodon.hakurei.win,up,mastodon,13,12315,10597,1693341533
mond-basis.eu,up,mastodon,13,65875,21310,1612578267
lazysocial.de,up,mastodon,13,21780,19523,1669169294
campduffel.social,up,mastodon,13,2751,18070,1612578269
fastcompany.social,up,mastodon,13,12,1131,1691186989
nyan.lol,up,mastodon,13,2548,20768,1612578387
social.ahlroos.me,up,mastodon,13,2570,14377,1668978635
mastodon.liyuan.app,up,mastodon,13,38789,4783,1661739373
mastodon.from-de.com,up,mastodon,13,442,10935,1680381102
linguisten.info,up,mastodon,13,1383,8888,1667988137
toot.kuba-orlik.name,up,mastodon,13,17428,24272,1612578266
social.ndn.digital,up,mastodon,13,19,975,1636736037
mastodon.inubo.ch,up,mastodon,13,96,6409,1693971221
pancake.masto.host,up,mastodon,13,43,2348,1612578347
social.okoyono.de,up,mastodon,13,3913,23416,1612578266
mastodon.omnigroup.com,up,mastodon,13,320,11222,1671947650
nanao.cybtex.fr,up,mastodon,13,48801,14722,1612578348
mstdn.klamath.jp,up,mastodon,13,49854,12287,1612578266
member.ro,up,mastodon,13,41,7309,1669151210
ngmx.com,up,mastodon,13,66960,23728,1677137500
social.overton.family,up,mastodon,13,271,43,1743784566
megatherium.org,up,mastodon,13,74,8594,1668985698
mastodon.manalejandro.com,up,mastodon,13,83,16824,1689348860
mastodon.evolix.org,up,mastodon,13,4482,16968,1612578270
fed.fsub.de,up,mastodon,13,232,4838,1670078318
mastodon.conii.co,up,mastodon,13,21228,8083,1675151519
social.zym.lol,up,mastodon,13,3225,15113,1686067044
ocw.social,up,mastodon,13,11938,31437,1669659596
social.3dots.lv,up,mastodon,13,190950,26309,1612578270
tutoteket.no,up,mastodon,13,44663,31708,1667467152
mastodon.fsu-snuipp.fr,up,mastodon,13,1686,3499,1700179950
qth.social,up,mastodon,13,5993,13157,1668555659
social.skewed.de,up,mastodon,13,30707,32236,1612578270
teslapwners.club,up,mastodon,13,276910,9735,1668237985
bayern-online.news,up,mastodon,13,2216,911,1668493227
frawas.de,up,mastodon,13,11867,13747,1674341668
sharebright.net,up,mastodon,13,443,244,1612699405
cas.social,up,mastodon,13,664,14059,1669091816
1210.nl,up,mastodon,13,965,23993,1667519676
nongrata.social,up,mastodon,13,62,2574,1667920496
masto.hivane.net,up,mastodon,13,2973,10972,1697531969
dynlinux.io,up,mastodon,13,1408,10871,1612578267
blogi.social,up,mastodon,13,4282,9451,1690816194
our.devchatter.com,up,mastodon,13,3084,17125,1667615321
vyrse.social,up,mastodon,13,7362,24020,1612578443
asozialesnetzwerk.social,up,mastodon,13,215,3082,1745977484
mastodon.lqx.net,up,mastodon,13,1056,17294,1668363205
talamanca.social,up,mastodon,13,7987,13126,1668125030
sorgatronmedia.social,up,mastodon,13,4582,8921,1677639207
crowsnest.social,up,mastodon,13,2576,11315,1668361015
ababil.au,up,mastodon,13,7,9,1707137863
jubi.life,up,mastodon,13,57305,18127,1612578269
mastodon.hiveagile.com,up,mastodon,13,1431,4175,1671801636
sdf.land,up,mastodon,13,1262,15478,1667659482
ciclista.social,up,mastodon,13,3894,10608,1739523848
tooter.sftn.eu,up,mastodon,13,36,6261,1669082109
gaymer.social,up,mastodon,13,840,13553,1647225118
hellions.cloud,up,mastodon,13,82108,24630,1673683450
breta.moe,up,mastodon,13,3685,11632,1723739647
mastodon.neat.computer,up,mastodon,13,5649,21566,1667672264
mastodon.catwuschel.com,up,mastodon,13,23503,22470,1668827804
live.acarsdrama.com,up,mastodon,13,199623,12378,1743182577
laplaza.cafe,up,mastodon,13,8132,9858,1728608369
mastodon.rosiesocosy.com,up,mastodon,13,436,9319,1667920828
social.anjara.eu,up,mastodon,13,44,8836,1612578270
akuanduba.masto.host,up,mastodon,13,797,10029,1684250348
mastodon.brk.io,up,mastodon,13,3223,193098,1671929381
babblebox.net,up,mastodon,13,1109,8803,1668904971
seglerinfo.social,up,mastodon,13,3813,1870,1668788394
ukers.eu,up,mastodon,13,614,5085,1742329543
blog.stegemann.de,up,mastodon,13,800,2595,1679076584
social.particle-summary.pt,up,mastodon,13,34,5,1727861156
findout.channel.org,up,mastodon,13,10,1829,1765375410
westen.social,up,mastodon,13,31,8496,1669253960
ramble.space,up,mastodon,13,187,5296,1612578346
platform.alleganygalactic.space,up,mastodon,13,177,6516,1753999318
social.techreclaimers.club,up,mastodon,13,195,7338,1744537230
moris.social,up,mastodon,13,1041,10190,1697436017
hexagon.space,up,mastodon,13,717,13702,1667900274
flanintheface.com,up,mastodon,13,5221,12538,1612578266
datavis.social,up,mastodon,13,2174,18362,1715299244
talk.bookstoborrow.com,up,mastodon,13,9,1106,1741498787
m.wulingate.com,up,mastodon,13,479,138958,1614359549
patriciadrive.com,up,mastodon,13,150,2200,1612578347
social.colectif.de,up,mastodon,13,2175,10576,1638651960
mastodon.pwei.at,up,mastodon,13,2234,8067,1680470173
mastodon.helvetet.eu,up,mastodon,13,1890,27529,1667687696
social.memecpy.xyz,up,mastodon,13,92,4591,1708664463
unteraffen.de,up,mastodon,13,721,12553,1668042170
thetare.tech,up,mastodon,13,17441,6530,1717426738
cyber.ms,up,mastodon,13,969,6131,1694444211
physchem.science,up,mastodon,12,31036,23056,1669935318
sns.lightnovel.jp,up,mastodon,12,236173,973,1683245891
gazouiller.fr,up,mastodon,12,148,134607,1666973274
madverse.city,up,mastodon,12,4853,9757,1745478938
mastodon.wurzelmann.at,up,mastodon,12,60866,27300,1650917456
hivemind.plus,up,mastodon,12,4458,25377,1669050480
shitpost.trade,up,mastodon,12,22542,15915,1741710470
md.xps2.net,up,mastodon,12,330869,9864,1612578268
umet.us,up,mastodon,12,832,4903,1614228751
trouth.eu,up,mastodon,12,8523,15904,1651244746
furpark.kr,up,mastodon,12,552,3081,1666892790
toot.ebu.io,up,mastodon,12,12,11,1669350261
glitch.cat.family,up,mastodon,12,110396,19428,1631341093
runicfire.masto.host,up,mastodon,12,0,306,1612578346
beasts.life,up,mastodon,12,2059,6015,1758697447
social.linux-magazin.de,up,mastodon,12,728,5829,1710234314
hellyeah.social,up,mastodon,12,156,10564,1668972759
fediverse.au,up,mastodon,12,479,7289,1668683390
zechub.social,up,mastodon,12,223,2298,1740223399
micro.blogs.princeton.edu,up,mastodon,12,321,3826,1708825195
birb.site,up,mastodon,12,61570,37126,1612578267
takeko.monster,up,mastodon,12,1964,9154,1612578269
keyboards.social,up,mastodon,12,6613,19234,1676058261
spolu.bucek.eu,up,mastodon,12,1746,3,1715216106
makes.hoof-paw.art,up,mastodon,12,221,8189,1740230171
masto.news,up,mastodon,12,33129,3906,1741001481
mastodon.hns.au,up,mastodon,12,29,13,1718303344
slayers.online,up,mastodon,12,11544,15934,1668392646
darktundra.xyz,up,mastodon,12,144702,25192,1684637011
mastodon.481516.xyz,up,mastodon,12,359,7355,1651028888
nuked.social,up,mastodon,12,7,656,1660596994
cho.yukiya.me,up,mastodon,12,8217,15429,1667463792
bloom.surf,up,mastodon,12,526,13803,1668823843
fosspri.de,up,mastodon,12,7218,22466,1673139845
social.rights.ninja,up,mastodon,12,4399,12807,1612578266
social.python.it,up,mastodon,12,550,7893,1669660557
mastodon.fabertech.nl,up,mastodon,12,2222,0,1702743439
mstdn.di-do.net,up,mastodon,12,251,48,1682780046
social.main-angler.de,up,mastodon,12,5926,22504,1634939136
nodespace.social,up,mastodon,12,2435,19941,1683746171
faithcollapsing.com,up,mastodon,12,11867,20857,1612578265
ibh.social,up,mastodon,12,8256,8068,1674710553
mastodon.uniastur.com,up,mastodon,12,1622,2951,1668338685
muffin.industries,up,mastodon,12,31131,15283,1704646085
mastodon.tenasi.net,up,mastodon,12,73,879,1742373907
quixotic.info,up,mastodon,12,152,4531,1612578345
mastodon.novylen.net,up,mastodon,12,10425,14250,1670047491
boys-love.xyz,up,mastodon,12,154,32,1694074431
mast.fedicity.net,up,mastodon,12,548,276,1680939073
beratna.net,up,mastodon,12,52958,5273,1669044558
kuu.moe,up,mastodon,12,6820,4276,1669576360
geek.gay,up,mastodon,12,501,8785,1668060702
gloria.social,up,mastodon,12,1867,9635,1671221789
banjo.town,up,mastodon,12,11159,16383,1612578269
dog-pound.de,up,mastodon,12,2558,6812,1670803246
mystical.garden,up,mastodon,12,12681,20323,1669867539
social.typica.us,up,mastodon,12,8706,5912,1612578269
neuland.social,up,mastodon,12,861,22127,1668904961
digitaldarkage.cc,up,mastodon,12,8048,21247,1669048936
kalakukko.social,up,mastodon,12,1853,4582,1670948167
pandas.social,up,mastodon,12,2650,25468,1655765740
kvarkki.nexus,up,mastodon,12,2912,6934,1736111382
mastodon.ameo.dev,up,mastodon,12,301,11898,1671416205
bughunter.social,up,mastodon,12,544,4737,1740217145
canuck.social,up,mastodon,12,733,12119,1740218144
microblog.infinito.nexus,up,mastodon,12,235,4646,1755445391
mastodon.logilab.fr,up,mastodon,12,396,5310,1646987790
mastodon.re,up,mastodon,12,242,7445,1669577162
neckarwie.se,up,mastodon,12,1913,17538,1661403772
mastodon.fediversity.eu,up,mastodon,12,75,11886,1707434902
shrimply.social,up,mastodon,12,5694,65349,1672242029
break3.social,up,mastodon,12,205,4202,1754413367
social.computerfox.xyz,up,mastodon,12,149954,20028,1612578269
portside.social,up,mastodon,12,2867,16084,1671221008
social.linc.systems,up,mastodon,12,7313,7375,1612578267
top-netz.de,up,mastodon,12,3518,9244,1693509035
mastodon.nudecri.unicamp.br,up,mastodon,12,966,6520,1709004695
obeya.social,up,mastodon,12,59,1059,1670903227
wakoka.com,up,mastodon,12,320591,5990,1688823188
xn--80aaid7au.su,up,mastodon,12,171,2070,1710806933
trunk.lol,up,mastodon,12,3020,16518,1675287527
myna.social,up,mastodon,12,1574,11177,1667832246
mtdn.iggisv9t.xyz,up,mastodon,12,20,1383,1743381077
wisdomhole.com,up,mastodon,12,14616,8864,1669350239
proto7.io,up,mastodon,12,410,10669,1612578345
social.rauw.cc,up,mastodon,12,12,47,1740224398
mstdn.wasamon.org,up,mastodon,12,330,890,1676375836
nodo.alterum.info,up,mastodon,12,72,2613,1743423971
ostatni.ninja,up,mastodon,12,256,3605,1765669640
awjeez.help,up,mastodon,12,2639,18315,1673921069
cmx.xuzhou-jiang.su,up,mastodon,12,21789,10759,1756560901
mastodon.bhop.zone,up,mastodon,12,509,19025,1676810491
crispsandwi.ch,up,mastodon,12,15674,24570,1674426063
docker.masto.pt,up,mastodon,12,71,466,1612578267
kiloduck.com,up,mastodon,12,297,8334,1668942260
edge.taruntarun.net,up,mastodon,12,708,4472,1612578269
rempath.social,up,mastodon,12,182,6108,1707865639
bots.lukejohns.online,up,mastodon,12,24593,218,1744026493
social.bitsnbytes.dev,up,mastodon,12,1679,5916,1759432283
social.sargasso.nl,up,mastodon,12,27401,13153,1668978409
fuerth.social,up,mastodon,12,3158,14749,1669926103
social.krebsco.de,up,mastodon,12,2161,4440,1669805942
social.wastedalpaca.wtf,up,mastodon,12,6623,19961,1668088164
m.comfycamp.space,up,mastodon,12,101,9324,1683113290
tiphon.nerv-project.eu,up,mastodon,12,1367,14275,1650980415
mstdn.one,up,mastodon,12,1158,12585,1625407652
social.osolia.xyz,up,mastodon,12,100,401,1740222025
mastodon.mauve.moe,up,mastodon,12,6962,17629,1650929189
vibe.kittenapproved.com,up,mastodon,12,15,7035,1740217145
startrekdiscussionboard.blog,up,mastodon,12,18672,2131,1671445354
eicker.news,up,mastodon,12,20807,15074,1633513825
sausage.social,up,mastodon,12,273,11238,1667832681
vortex.masto.host,up,mastodon,12,1579,7140,1674314269
oldenburg.social,up,mastodon,12,4429,6275,1740217304
gdev.fedibird.com,up,mastodon,12,4206,1860,1612578346
social.c3l.lu,up,mastodon,12,1854,11394,1669830948
bikesare.cool,up,mastodon,12,251,7881,1667766092
sci.kiwi,up,mastodon,11,155,14431,1667646894
toot.oar-online.uk,up,mastodon,11,8654,6871,1667877979
meerjungfrauengrotte.de,up,mastodon,11,19819,21971,1677526740
istheguy.com,up,mastodon,11,3255,18921,1612578346
social.praxis.nyc,up,mastodon,11,11017,19753,1689152634
my0.net,up,mastodon,11,11682,12783,1612578265
yeen.social,up,mastodon,11,2414,7578,1668822843
nangang.travnewmatic.com,up,mastodon,11,5321,25395,1612578269
404.xpub.nl,up,mastodon,11,35,312,1749253193
social.sullivanservices.xyz,up,mastodon,11,280,1910,1671398766
mastodon.tod.net,up,mastodon,11,1669,11579,1667777524
techhangout.social,up,mastodon,11,8939,11723,1676058619
xarxamontgri.masto.host,up,mastodon,11,42871,27446,1612578266
aurorign.social,up,mastodon,11,187,6537,1679840056
starlite.rodeo,up,mastodon,11,18238,13664,1734816547
bergamot.social,up,mastodon,11,1365,13152,1667883349
social.sociopathic.ca,up,mastodon,11,421064,7441,1612578347
stellaria.network,up,mastodon,11,459314,14258,1612578268
f.reun.de,up,mastodon,11,2507,7916,1664560395
buddhist.cafe,up,mastodon,11,50,2,1761559277
m.monika.im,up,mastodon,11,184,5627,1672216463
torment.nexus,up,mastodon,11,54,8417,1683690495
exito.social,up,mastodon,11,144,7202,1700786883
mastodon.linuxserver.io,up,mastodon,11,867,10770,1667828926
ordinary.cafe,up,mastodon,11,6912,21528,1669391502
mastodon.xy-space.de,up,mastodon,11,3875,10616,1612578268
socorro.social,up,mastodon,11,19,1338,1749947730
39sounds.net,up,mastodon,11,2072,2971,1612578270
kogumus.masto.host,up,mastodon,11,1800,13680,1667650655
mastodon.doesnotexist.club,up,mastodon,11,1719,14021,1668972758
ukraine.rs,up,mastodon,11,962,9183,1676571320
dorset.social,up,mastodon,11,411,6295,1669882984
dnsimple.social,up,mastodon,11,647,6110,1668935870
masto.colonelkrud.com,up,mastodon,11,165,11172,1713771062
melodic-vibes.channel.org,up,mastodon,11,7,299,1743174175
m.somincola.org,up,mastodon,11,172,1742,1699529594
md.wikiwiki.li,up,mastodon,11,18330,2243,1674683083
mas.corq.co,up,mastodon,11,80146,20823,1690735821
itsmf.online,up,mastodon,11,9,65,1669548830
social.maschinendeck.org,up,mastodon,11,458,5601,1673786995
mastodon.luanti.ru,up,mastodon,11,123,3380,1729295676
moyu.social,up,mastodon,11,110,1536,1655050382
mastodon.calciumsigma.com,up,mastodon,11,55,166915,1671614120
furnu.org,up,mastodon,11,1209,7893,1667267693
ol2ol.com,up,mastodon,11,169999,5454,1684532307
snowmans.land,up,mastodon,11,15865,16067,1669347929
mastodon.ef67daisuki.club,up,mastodon,11,3619,8583,1616337751
mastodon.kleph.eu,up,mastodon,11,896,14774,1612578270
mog.blue,up,mastodon,11,5645,12147,1671722244
social.fifteen40.com,up,mastodon,11,2759,8474,1616040559
sneakerwave.net,up,mastodon,11,136,3077,1617600252
social.skunk.rocks,up,mastodon,11,76,3433,1753025339
73-110.pl,up,mastodon,11,434,8090,1704797437
mastodon.gruezi.net,up,mastodon,11,9763,26717,1650942898
foxes.rocks,up,mastodon,11,2458,7405,1668333770
asstodon.social,up,mastodon,11,27683,4552,1612578269
vive.im,up,mastodon,11,504744,11047,1683713374
squad.town,up,mastodon,11,16299,15823,1612578267
dingo.network,up,mastodon,11,740,6337,1668560944
mdx.ggtea.org,up,mastodon,11,242,6136,1612578270
loud.computer,up,mastodon,11,15730,20804,1676025874
staging.mstdn.maud.io,up,mastodon,11,489,574,1612581870
wiki.style,up,mastodon,11,1634,15317,1665858456
nileane.fr,up,mastodon,11,20918,28897,1675358251
dogs.chat,up,mastodon,11,237,3273,1672781169
east17.org,up,mastodon,11,5414,14910,1671280949
social.panic.com,up,mastodon,11,3616,23441,1674698762
tt.vvxq.ca,up,mastodon,11,717,159,1612578710
otter.garden,up,mastodon,11,1433,11626,1667777524
sciencemediacenter.social,up,mastodon,11,869,8748,1668413499
10base2.dev,up,mastodon,11,1840,13070,1733936725
mastodon.localecho.net,up,mastodon,11,1482,151621,1644321771
shortens.net,up,mastodon,11,216,1183,1616370823
mahosain.xyz,up,mastodon,11,956,5,1764579209
mastodon.prorocketeers.com,up,mastodon,11,277,6507,1740232717
linh.social,up,mastodon,11,14345,21453,1669324698
gronp.masto.host,up,mastodon,11,701,176,1682278626
social.consoledated.com,up,mastodon,11,1287,4486,1679568999
pigeons.club,up,mastodon,11,956,14033,1667783244
magnificentbeardsfan.club,up,mastodon,11,49786,23755,1612578266
cerb.social,up,mastodon,11,57,13531,1668698536
mastodon.teamnerds.cool,up,mastodon,11,241,10961,1672401658
trees.social,up,mastodon,11,14316,115160,1667938196
toot.ecclesias.net,up,mastodon,11,53,2944,1612578348
ma.diacrown.com,up,mastodon,11,12448,285,1692767931
beyondgender.social,up,mastodon,11,164,8812,1669322321
285936586.masto.host,up,mastodon,11,22627,1064,1612578267
masto.twib.me,up,mastodon,11,153,10543,1670260349
mastodon.cocamserverguild.com,up,mastodon,11,743,3210,1718512255
mastodon.melroy.org,up,mastodon,11,3699,17113,1668826399
datacorner.social,up,mastodon,11,63,9239,1668070057
desposseits.com,up,mastodon,11,1042,5620,1740220697
social.vaguelydamp.com,up,mastodon,11,99,7121,1695318829
social.rubikoid.ru,up,mastodon,11,594,9829,1698761616
fedi.adamm.cc,up,mastodon,11,8379,7607,1715537090
howse.social,up,mastodon,11,71680,18739,1668862169
eight-bamboo.com,up,mastodon,11,9996,715,1676360386
pon.ee,up,mastodon,11,280,153792,1667840993
space.ax,up,mastodon,11,17,11117,1741486628
mastodon.cultuurpers.nl,up,mastodon,11,129,7214,1672612254
mastodon.dystroy.org,up,mastodon,11,2520,12583,1668972759
social.pupsplus.fans,up,mastodon,11,239,7849,1689015156
mstdn.mad-gamer.com,up,mastodon,11,731,3136,1761068586
social.diableco.com,up,mastodon,11,1415,89,1674614426
crooklyn.social,up,mastodon,11,34976,16152,1671234519
mastodon.futaba.social,up,mastodon,11,1037,6169,1677186926
pub.ehrengruppe.de,up,mastodon,11,272,3196,1668255642
drg.nz,up,mastodon,11,3207,18693,1612578714
parrocchie.masto.host,up,mastodon,11,352,2951,1755600145
mastodon.s2750.net,up,mastodon,11,9,1066,1759463373
oldpeople.cafe,up,mastodon,11,65,9397,1668067737
sled.social,up,mastodon,11,1699,8190,1674743025
bytepark.social,up,mastodon,11,3726,14957,1667948569
corporaterunaways.social,up,mastodon,11,99,1925,1670256619
kenji.asmodeus.jp,up,mastodon,11,135292,2988,1734497732
jklol.my.to,up,mastodon,11,5080,0,1612578347
mastodon.0011.lt,up,mastodon,11,243,7276,1672271717
metroholografix.ca,up,mastodon,11,7403,16295,1735270018
mastodon.xargana.tr,up,mastodon,11,497,4077,1747584118
spacerslike.us,up,mastodon,11,282,11568,1667784577
scalie.zone,up,mastodon,11,14132,21432,1704741883
ec.social-network.europa.eu,up,mastodon,11,4714,18695,1715856659
eozygodon.com,up,mastodon,11,3335,94099,1668382751
cosocial.engineering,up,mastodon,11,110,471,1682914305
segeln.social,up,mastodon,11,1594,1580,1612578776
mastodon.baazee.social,up,mastodon,10,977,17721,1667173719
masto.sadrarin.com,up,mastodon,10,2957,11185,1669325402
goeppingen.social,up,mastodon,10,6656,7241,1708191881
learnk8s.news,up,mastodon,10,8710,6396,1692351138
social.aa.net.uk,up,mastodon,10,2176,5460,1675873376
social.hever.de,up,mastodon,10,93,10,1766417089
rogersfam.co,up,mastodon,10,1831,15190,1663473932
reclaim.rocks,up,mastodon,10,2983,7374,1669223751
ccrvb.com,up,mastodon,10,499,10772,1668769463
xn--pnibles-bya.xn--transposes-i7a.eu,up,mastodon,10,18511,6845,1612578271
racoon.social,up,mastodon,10,2526,14901,1689806224
abend.social,up,mastodon,10,5282,9184,1667144646
justfollow.me.uk,up,mastodon,10,978,8946,1668123824
masto.binaryworks.ca,up,mastodon,10,81,8395,1669008015
toots.cl,up,mastodon,10,984,3201,1690056468
arktos.social,up,mastodon,10,4013,16645,1612578269
awau.social,up,mastodon,10,749,20874,1667801606
theforkiverse.com,up,mastodon,10,11,1456,1742969648
haylandt.social,up,mastodon,10,79,2775,1668296264
socialontario.ca,up,mastodon,10,32,4504,1766805165
econgood.social,up,mastodon,10,222,6268,1750826068
lasersword.club,up,mastodon,10,8196,30419,1612578268
provo.lol,up,mastodon,10,1788,18170,1651302600
fd00.space,up,mastodon,10,3287,11905,1668450997
enchanted.social,up,mastodon,10,52,4029,1670297950
vee.seedy.cc,up,mastodon,10,1385,7000,1757606146
mastodonarchitecture.org,up,mastodon,10,1646,9119,1668200298
mastodon.m1234.de,up,mastodon,10,3021,6344,1672343897
gayweeb.vip,up,mastodon,10,541,6131,1651444685
social.hnws.me,up,mastodon,10,813,2644,1639649497
mstdn.strafpla.net,up,mastodon,10,11107,33621,1668904971
fsk.im,up,mastodon,10,2309,2737,1701946655
social.galacticcoders.com,up,mastodon,10,104,4881,1668910064
phalanstere.social,up,mastodon,10,75075,8346,1704811441
reshet.social,up,mastodon,10,967,9736,1670640813
chppn.in,up,mastodon,10,115,9,1766777955
m.universetoday.com,up,mastodon,10,5315,14715,1674743025
social.publicspaces.net,up,mastodon,10,1367,14996,1651034893
relayfm.social,up,mastodon,10,3670,11647,1676418058
toot.gaiac.io,up,mastodon,10,15031,9484,1668857421
andamunda.alda.ms,up,mastodon,10,519,5672,1737465155
computermuseum.social,up,mastodon,10,631,4825,1668790785
peal.mydns.jp,up,mastodon,10,359,0,1683010722
lighttheunicorn.horse,up,mastodon,10,3502,10943,1682287116
mastodon.magex.hu,up,mastodon,10,137,1,1612578392
tanuki.hostdon.ne.jp,up,mastodon,10,3856,1347,1674238577
mastodon.lwr.wtf,up,mastodon,10,413,17499,1668729294
mastodon.demelo.fr,up,mastodon,10,12,311,1612578346
freie-radios.org,up,mastodon,10,7102,2371,1700964859
mastodon.lmddc.lu,up,mastodon,10,62,2128,1742413890
toolsforthought.social,up,mastodon,10,29384,16819,1697443180
social.fcourtois.net,up,mastodon,10,4964,723,1612578346
kotobaphil-mtdn.eu,up,mastodon,10,60778,8022,1672374078
m.tgl.eu,up,mastodon,10,466,6993,1667483664
mabe.space,up,mastodon,10,751,15419,1612578269
pfft.lol,up,mastodon,10,665,8600,1669015852
social.fischbyte.de,up,mastodon,10,627,7600,1710346890
gamedev.berlin,up,mastodon,10,370,13897,1675948439
mastodon.sciphy.de,up,mastodon,10,96,2373,1723950477
ticos.social,up,mastodon,10,10077,11122,1671831892
jade.moe,up,mastodon,10,77096,21911,1627708121
marimoko.biz,up,mastodon,10,4248,21719,1673838172
dumbo.e-kobi.com,up,mastodon,10,113,4453,1612578345
changelog.social,up,mastodon,10,2977,17836,1668605440
queer.dev,up,mastodon,10,2698,18452,1668019618
nonentity.fedicity.net,up,mastodon,10,102,32,1691357392
social.mrks.network,up,mastodon,10,221,11299,1675099159
pigeon.place,up,mastodon,10,1670,9868,1687076311
abypom.work,up,mastodon,10,111410,1725,1673639780
awai.hostdon.ne.jp,up,mastodon,10,165,5109,1688393180
m.fedica.com,up,mastodon,10,4440,21739,1682685195
kiefersfelden.social,up,mastodon,10,75,3076,1679028330
t.dlyang.me,up,mastodon,10,1093,594,1718850770
weibo.social,up,mastodon,10,97,1787,1717622389
fouroclockfarms.club,up,mastodon,10,36870,25045,1672036964
poyusbuddy.com,up,mastodon,10,659,10530,1674538571
theater.im,up,mastodon,10,116112,2118,1705448685
mastodon.mfbfreaks.nl,up,mastodon,10,2,863,1667289483
mammut.gogreenit.net,up,mastodon,10,10059,23344,1685868373
drk.st,up,mastodon,10,7186,2198,1708067487
social.laia.ar,up,mastodon,10,71,4704,1719519614
mastodon.progaccess.net,up,mastodon,10,4126,7209,1681411268
texasobserver.social,up,mastodon,10,12484,32861,1668906043
undernopretext.social,up,mastodon,10,4935,19659,1667856727
nonexiste.net,up,mastodon,10,7855,42889,1612578268
youth.social,up,mastodon,10,363,8992,1667899588
spartanburg.social,up,mastodon,10,5463,16768,1669944373
banderkat.social,up,mastodon,10,9264,2937,1730586591
mastodon.bit.nl,up,mastodon,10,242,5184,1714475984
quietzero.net,up,mastodon,10,1823,15693,1687367370
masto.brightfur.net,up,mastodon,10,108756,16544,1651686203
golt.gg,up,mastodon,10,343099,2109,1726463189
social.freedom.press,up,mastodon,10,1743,14164,1731553117
kamel.social,up,mastodon,10,88,9606,1612578347
mastodon.cooleysekula.net,up,mastodon,10,4160,15995,1673262697
circus.town,up,mastodon,10,133486,13758,1612578268
social.kendoo.eu,up,mastodon,10,4875,13850,1668425389
toot.shortbus.fail,up,mastodon,10,813,6857,1616606818
strangeplace.me,up,mastodon,10,10970,17622,1669176764
mastodon.unmadegaming.com,up,mastodon,10,320,2019,1677566216
social.egalwaat.lu,up,mastodon,10,14785,10643,1668904962
physfluids.fr,up,mastodon,10,2498,10977,1667518562
nt.mstdon.app,up,mastodon,10,308,1794,1612578267
mastodon.ruiguimaraes.net,up,mastodon,10,373,5790,1749273950
nemeton.chansonetoiles.com,up,mastodon,10,18,10,1765139369
kub-rus.ru,up,mastodon,10,119,1328,1746902688
que.pasa.co,up,mastodon,10,1268,5882,1667074562
wobscale.social,up,mastodon,10,789,8870,1612578268
blahaj.finch.ink,up,mastodon,10,335,8917,1668359252
fedi.yutakobayashi.com,up,mastodon,10,508,1182,1766464652
deals.masto.host,up,mastodon,10,840,8,1762554828
social.webvsn.com,up,mastodon,10,1981,16552,1674428684
ourtribeonline.com,up,mastodon,10,3119,10285,1667351283
mastodon.studiocms.io,up,mastodon,10,24,4723,1725461237
mastodon.hochschule-trier.de,up,mastodon,10,109,4121,1673868914
mstd.ink,up,mastodon,10,9247,16051,1704721877
social.adlerweb.info,up,mastodon,10,32968,21835,1612578265
mixedwrestlinguk.masto.host,up,mastodon,10,4,2,1723774091
nullpointer.org,up,mastodon,10,11848,20547,1668943415
m.azis.pt,up,mastodon,10,69,5843,1763362902
mast.booksthatburn.com,up,mastodon,10,554,6285,1740217704
social.anarchy-nomad.de,up,mastodon,10,224,13491,1675993453
social.coabai.com,up,mastodon,10,906,9064,1700154816
masto.posting.haus,up,mastodon,10,4057,12567,1725628233
the.zymocosm.com,up,mastodon,10,377,9722,1612578346
social.themoto.network,up,mastodon,10,801,6403,1752402792
parens.social,up,mastodon,10,4817,15284,1669604642
toot.amaurot.app,up,mastodon,10,794,1,1746452172
cheddarcrackers.club,up,mastodon,10,9266,7953,1668107921
messydesk.social,up,mastodon,10,11813,23029,1665448111
salmon-skin-roll-official.top,up,mastodon,10,70,415,1756992558
mublog.nl,up,mastodon,10,14781,18217,1668381956
mastodon.zazamankh.com,up,mastodon,10,83,6200,1668159808
miscreants.party,up,mastodon,10,1183,12559,1705332707
mylittlenut.com,up,mastodon,10,4,746,1641796902
mastodon.chasalin.nl,up,mastodon,10,46341,18972,1612578270
mytter.jp,up,mastodon,10,2672,4600,1612578267
ertona.net,up,mastodon,10,88003,8568,1612578266
mastodon.karottenfabrik.net,up,mastodon,10,70,5187,1668548734
keuwel.com,up,mastodon,10,10,3162,1669720687
apricot.social,up,mastodon,10,3536,10617,1672705388
m2.krivulcik.com,up,mastodon,10,837,1,1715216106
skunkhollow.tech,up,mastodon,10,287,10561,1667951094
mastodon.flooey.org,up,mastodon,10,1524,10788,1668361015
neo.gyara.moe,up,mastodon,10,2795,9232,1628578461
social.computertruhe.de,up,mastodon,10,957,10375,1730865650
miltackink.space,up,mastodon,10,70,9523,1672084969
masto.fediverse.games,up,mastodon,10,2379,14665,1727320907
social.team1.dcomms.org,up,mastodon,10,4,34,1751914806
mastodon.muage.org,up,mastodon,9,22660,16641,1612578267
ele.godshome.info,up,mastodon,9,1244,3961,1668373067
activitypub.academy,up,mastodon,9,30,7971,1683255292
mastodon.makerforce.io,up,mastodon,9,135,21105,1668759768
mstdn.crmbl.uk,up,mastodon,9,12108,10730,1671806787
mastodon.vaporghost.at,up,mastodon,9,780,12098,1675697584
eay.social,up,mastodon,9,12317,23041,1612578269
ginpatu.moe,up,mastodon,9,1074,3648,1674198054
jpmstdn.com,up,mastodon,9,55367,4187,1688717172
lastbloom.me,up,mastodon,9,1858,0,1729182929
hi.moe.tips,up,mastodon,9,87,3381,1633690927
toot.team.jetzt,up,mastodon,9,5311,7820,1650041056
fedi.rrr.sh,up,mastodon,9,30752,17305,1707105269
valkyrie.la,up,mastodon,9,71,315,1729276079
newsbeep.org,up,mastodon,9,362939,3759,1752324190
dataare.cool,up,mastodon,9,33735,24403,1668780775
m.cestlavie.moe,up,mastodon,9,6081,6786,1677313491
lilienthal.social,up,mastodon,9,1206,6013,1699653036
hapyyr.com,up,mastodon,9,910,19757,1667479990
veterinary.education,up,mastodon,9,23,4253,1667661655
greatjustice.net,up,mastodon,9,2228,16019,1612578270
babyhollywood.social,up,mastodon,9,439,10834,1708723109
amigos.family,up,mastodon,9,473,13353,1670625358
lumberjacks.social,up,mastodon,9,15948,135180,1671313467
dibbelabb.es,up,mastodon,9,13542,3038,1693899542
social.meissa-gmbh.de,up,mastodon,9,57866,19586,1612578265
krestane.chat,up,mastodon,9,12,21,1759804476
social.hach.chat,up,mastodon,9,52,599,1702243177
waff.club,up,mastodon,9,982,12013,1669162157
nosaltres.cantonada.casa,up,mastodon,9,27,3562,1729982967
social.multiverset.net,up,mastodon,9,845,18428,1668038286
posthat.ca,up,mastodon,9,1510,23842,1669084652
snapp.social,up,mastodon,9,9048,20214,1667500620
social.yolo.ventures,up,mastodon,9,89,51,1669175832
mst.thumped.com,up,mastodon,9,1376,10225,1612578390
social.nah.re,up,mastodon,9,56682,22873,1612578270
mastodon.aventer.biz,up,mastodon,9,9583,20035,1612578267
mst.akari-network.jp,up,mastodon,9,25401,811,1630980926
piazzetta.morloi.org,up,mastodon,9,8818,,1728847147
dodgeradio.social,up,mastodon,9,191,4898,1757713588
kish.social,up,mastodon,9,462,12555,1660255611
social.althatech.com,up,mastodon,9,79,2574,1751901908
imker.social,up,mastodon,9,203,1694,1671263274
parody.town,up,mastodon,9,581,8102,1686271614
social.netlandish.com,up,mastodon,9,47,527,1671130822
c64.social,up,mastodon,9,55729,15573,1669593408
echoingdusk.social,up,mastodon,9,14,9697,1740217232
mastodon.pixeloasis.eu,up,mastodon,9,388,15523,1671944336
social.zeroplex.tw,up,mastodon,9,11586,8432,1669062037
social.4score7pongs.com,up,mastodon,9,3318,11386,1668810949
libertynode.net,up,mastodon,9,22113,13023,1625872581
mastodon.slightlycyberpunk.com,up,mastodon,9,27747,13690,1616708075
lily.network,up,mastodon,9,25632,26236,1612578265
mastodon.electric-goat.net,up,mastodon,9,950,10722,1651002397
mastodon.unknownrealm.org,up,mastodon,9,160,4928,1669682287
mastodon.puffer.fish,up,mastodon,9,437,8840,1718979801
brinjal.org,up,mastodon,9,920,7729,1681838713
blep.cat,up,mastodon,9,138,7027,1758868679
oc.scenthelta.city,up,mastodon,9,1622,0,1701030064
fedi.turbofish.cc,up,mastodon,9,6272,158001,1668203233
toot.diglet.ca,up,mastodon,9,44,7074,1667962530
lucha.nyc,up,mastodon,9,1459,20054,1676560103
mentalhealth-masto.com,up,mastodon,9,1414,12513,1668288286
mastodon.batato.be,up,mastodon,9,236,30,1612580544
social.ludepress.com,up,mastodon,9,3531,186,1752608104
masto.cazzo.lol,up,mastodon,9,2685,7041,1727416493
tams.tech,up,mastodon,9,4714,20590,1612578348
toot.lmorchard.com,up,mastodon,9,1440,15157,1612578387
social.threefoldeight.com,up,mastodon,9,190,7313,1740217226
wolfhaus.me,up,mastodon,9,882,7719,1652568269
mastodon.xolus.net,up,mastodon,9,769,6288,1651392443
ist.social,up,mastodon,9,195,16878,1651180925
mipuertorico.social,up,mastodon,9,96,2402,1670421694
masto.asonix.dog,up,mastodon,9,77185,21256,1613116783
social.mobile-adenum.fr,up,mastodon,9,214,3000,1710012584
nixos.paris,up,mastodon,9,6532,22116,1667100085
social.diehumanisten.de,up,mastodon,9,1377,6638,1667601582
goldcountry.link,up,mastodon,9,68,257,1756388104
awawa.meo.ws,up,mastodon,9,424,24302,1668802947
social.rheinland.international,up,mastodon,9,38,1089,1681560345
piaf.stilobique.com,up,mastodon,9,3690,10258,1652416790
hispano.social,up,mastodon,9,77,8821,1740217232
mstdn.fedi.kirigiri.me,up,mastodon,9,76175,21629,1687995178
birb.casa,up,mastodon,9,316,5296,1678244019
social.elbespace.de,up,mastodon,9,1370,14890,1671552452
yysk.icu,up,mastodon,9,316667,12780,1612578270
beepboop.one,up,mastodon,9,92798,23137,1612578270
social.bigcavemaps.com,up,mastodon,9,4977,12448,1671539307
duck.haus,up,mastodon,9,31442,24891,1612578270
cascarilla.social,up,mastodon,9,12341,23824,1671402664
fablab.social,up,mastodon,9,129,850,1740217719
makerspace.au,up,mastodon,9,13,1981,1667898073
arram.senta-la.cloud,up,mastodon,9,14441,10876,1745502530
social.europlus.zone,up,mastodon,9,34070,17818,1652345080
krems.social,up,mastodon,9,329,7318,1652193535
nycr.social,up,mastodon,9,614,19119,1633671701
mastodon.geekery.org,up,mastodon,9,972,18420,1667453655
rukii.net,up,mastodon,9,3567,26461,1670107995
mastodon.hardcoredevs.com,up,mastodon,9,15245,28511,1667815276
sutemos.lt,up,mastodon,9,145,3428,1740221730
minnesota.community,up,mastodon,9,217,8914,1740217156
agora.ilot.io,up,mastodon,9,1483,9816,1687833872
social.freifunk.net,up,mastodon,9,440,7425,1679844605
spezi.social,up,mastodon,9,1494,17216,1667906182
hex.st,up,mastodon,9,3184,12172,1668802304
nabu.social,up,mastodon,9,718,8009,1748267187
bimbo.blog.br,up,mastodon,9,1118,0,1758466663
trilobite.space,up,mastodon,9,598,8726,1669339459
mstdn.taiha.net,up,mastodon,9,2246,4856,1612578270
ajtaci.club,up,mastodon,9,271,6160,1612578268
social.detektor.fm,up,mastodon,9,5056,17052,1673970795
social.psychodog.co.uk,up,mastodon,9,668,16910,1668089685
sk.internetralsei.xyz,up,mastodon,9,43,517,1763441672
simlish.social,up,mastodon,9,80,1905,1740217145
ignifi.social,up,mastodon,9,1629,10882,1639649498
mastodon.chaosfield.at,up,mastodon,9,8081,26773,1612578267
furry.pm,up,mastodon,9,8,1732,1729487741
mastotut.cat,up,mastodon,9,9645,19094,1668910855
klezmor.im,up,mastodon,9,2624,13254,1685761556
vltava.cloud,up,mastodon,9,10717,5554,1669033327
thejuddkramer.com,up,mastodon,9,568,5027,1740219152
reproducibility.social,up,mastodon,9,25,73,1745346145
md.ggtea.org,up,mastodon,9,15895,9198,1612578266
demo.joinmastodon.org,up,mastodon,9,27,411,1757594989
gonk.social,up,mastodon,9,1606,2,1686686033
old.sharlayan.city,up,mastodon,9,632,6911,1690645801
redpanda.pics,up,mastodon,9,1412,6629,1658415588
mastodon.kevga.de,up,mastodon,9,2513,9933,1724448732
social.bbc,up,mastodon,9,526,20752,1690806749
send.sex,up,mastodon,9,19,89,1761843657
toot.houbahouba.de,up,mastodon,9,14902,22368,1667657337
mastodon.getcrazy.today,up,mastodon,9,283,6415,1740220697
mastodon.theqonline.net,up,mastodon,9,1241,831,1742963012
surlaterre.org,up,mastodon,9,342,7852,1740888471
suncoast.dev,up,mastodon,9,177,9925,1671452320
m29.us,up,mastodon,9,1227,5342,1682362932
mstdn.hiyuki2578.net,up,mastodon,9,61718,5764,1612578270
social.sachsen.de,up,mastodon,9,349,2256,1695645626
social.sparkles.cafe,up,mastodon,9,498,8407,1667853393
swiss-chaos.social,up,mastodon,9,0,2696,1629407403
anda.lu,up,mastodon,9,117,6066,1740612585
mastodon.shbbl.dev,up,mastodon,9,162,12833,1727026297
hobbs-end.uk,up,mastodon,9,1387,19211,1668904961
vrnd.online,up,mastodon,9,358,148,1744817122
social.thedevane.family,up,mastodon,9,398,18,1709149925
spuffs.social,up,mastodon,9,48,18,1745181220
mastodon.sayzard.site,up,mastodon,9,12431,2459,1740226169
mstdn.funil.de,up,mastodon,9,876,23337,1669882984
well.gay,up,mastodon,9,5,789,1740226458
mastodon.ghostdub.de,up,mastodon,9,3500,18040,1667776991
dgc.social,up,mastodon,9,2451,16725,1668792643
your-face.social,up,mastodon,9,407,12768,1708472218
mastodon.3fx.ch,up,mastodon,9,3031,13377,1612578267
social.meyer.cz,up,mastodon,9,7679,3440,1672936578
vivaristics.net,up,mastodon,9,2683,24650,1670601440
toot.queer-lexikon.net,up,mastodon,9,34224,22500,1667835810
mastodon-sex.com,up,mastodon,9,18642,757,1757626987
s.chode.org,up,mastodon,9,16401,4,1676788198
social.kleinerdrei.org,up,mastodon,9,2994,447,1698019572
colliderbias.net,up,mastodon,9,706,10586,1667586433
social.sachsen-anhalt.de,up,mastodon,9,3876,6225,1688754110
windscribe.social,up,mastodon,9,19,683,1678156658
social.ookami.space,up,mastodon,9,31796,9550,1729709554
nullisland.social,up,mastodon,9,105,7198,1668938124
toot.nsgn.eu,up,mastodon,9,103,23234,1674551268
agendo.ch,up,mastodon,9,3,70,1725691848
romeros.link,up,mastodon,9,135,14685,1668773527
rda.komintern.work,up,mastodon,9,7526,7557,1708983726
mastodon.zergy.net,up,mastodon,9,21338,19845,1612578268
mudhut.social,up,mastodon,9,6271,20678,1672346441
chatter.quux.world,up,mastodon,9,16,16492,1669830623
emilcar.social,up,mastodon,9,845,8990,1699530364
ucsb.closed.social,up,mastodon,9,28,15,1724345151
tnku.co,up,mastodon,9,5286,11857,1675233680
toot.dusepo.co.uk,up,mastodon,9,43810,20904,1668985880
retroparadise.tech,up,mastodon,9,382,9735,1668073383
ohnepunktundkomma.org,up,mastodon,9,1209,14863,1668401580
molotov.sanrizuka-struggle.com,up,mastodon,9,50306,2321,1675940693
savannahriver.social,up,mastodon,9,78,346,1744003791
larp.social,up,mastodon,9,70,1703,1740221730
ashlande.rs,up,mastodon,9,748,13785,1651302805
masto.mtcrew.org,up,mastodon,9,382,5403,1612578270
social.server17.net,up,mastodon,9,972,7443,1667172039
truthandfreedom.social,up,mastodon,9,970,3750,1710003512
fomo.lt,up,mastodon,9,0,1481,1728882549
bodeswell.net,up,mastodon,8,35,10,1741590465
dimension.host,up,mastodon,8,48504,7037,1674381602
mastodon.fancy.org.uk,up,mastodon,8,1391,5746,1612578345
guzmer.social,up,mastodon,8,271,146211,1669880840
demtech.global,up,mastodon,8,230,2917,1669241266
rubberchicken.social,up,mastodon,8,992,10537,1671183179
social.merk.ac,up,mastodon,8,113,12450,1745334202
mastodon.mail.at,up,mastodon,8,177,5492,1612584691
ala.masto.host,up,mastodon,8,63,2877,1683929451
mastodon.incognitus.net,up,mastodon,8,1592,91099,1667988050
mastodon.lrdf.fr,up,mastodon,8,18899,11516,1612578267
arrrgh.online,up,mastodon,8,603,10468,1668789437
social.beeps.gay,up,mastodon,8,4293,11073,1730245217
treehouse.technopagans.de,up,mastodon,8,13473,20814,1612578270
safejust.space,up,mastodon,8,311,6319,1667566393
bequeme-couch.de,up,mastodon,8,258,15141,1668007120
social.lukas-scheerer.de,up,mastodon,8,21,3407,1726688090
social.musing.studio,up,mastodon,8,91,5031,1723166230
rect.al,up,mastodon,8,1446,7110,1669215767
ull.social,up,mastodon,8,89,2977,1677407773
mastodon.savvy.ch,up,mastodon,8,20420,17923,1612578270
social.medusmedia.com,up,mastodon,8,1762,6910,1612578269
prsm.space,up,mastodon,8,5521,22163,1612578267
social.bij1.org,up,mastodon,8,2794,12397,1677605390
sharktale.xyz,up,mastodon,8,184,8650,1656931599
kistler.social,up,mastodon,8,510,2,1688714097
tapbots.social,up,mastodon,8,22455,34498,1668213222
mstdn.nrkn.fr,up,mastodon,8,18947,18744,1612578268
mastodon.is-hardly.online,up,mastodon,8,6400,13791,1688847166
m.barcelo.ynh.fr,up,mastodon,8,1906,6177,1700700360
mastodon.bergen.social,up,mastodon,8,1882,1520,1693570952
moo.nz,up,mastodon,8,952,14095,1680482376
irrelephant.co,up,mastodon,8,5714,23111,1667427474
bearologics.social,up,mastodon,8,1658,15416,1644117554
social.bloom.casa,up,mastodon,8,70,3237,1667929181
mastodon.keks.club,up,mastodon,8,106824,12323,1668297096
phyrexia.ru,up,mastodon,8,57,2976,1668359252
podcaster.social,up,mastodon,8,9,218,1697821142
mastodon.useless.one,up,mastodon,8,9,6319,1667832246
smol.boo,up,mastodon,8,195,7190,1680687367
hawk.acosi.com,up,mastodon,8,708,1,1667557100
mstdn.thndl.com,up,mastodon,8,29881,14807,1668137581
bookstodon.es,up,mastodon,8,9444,9481,1706425361
troet.tay-tec.de,up,mastodon,8,2178,4846,1706992753
saasycloud.social,up,mastodon,8,1108,127728,1669027421
somewhy.net,up,mastodon,8,2848,12844,1669003052
taxevasion.club,up,mastodon,8,508,11058,1725873323
telegrafverket.cc,up,mastodon,8,1594,17520,1674224296
shouldagoneoffroad.com,up,mastodon,8,1814,20955,1667723307
soc.bosio.info,up,mastodon,8,1569,14060,1680567139
juju.house,up,mastodon,8,5995,10159,1612578267
themeparks.social,up,mastodon,8,1621,4897,1667564061
tokonatsu.social,up,mastodon,8,5,2764,1688807342
don.niseda.ca,up,mastodon,8,35,0,1767191336
mastodon.sacamano.net,up,mastodon,8,71,2397,1687198739
social.amichan.de,up,mastodon,8,1623,67371,1673469407
nwt.social,up,mastodon,8,28,5778,1743386634
social.linodians.com,up,mastodon,8,259,7723,1740221730
social.scribblers.club,up,mastodon,8,88010,27336,1612578267
mstdn.home.neso.tech,up,mastodon,8,134015,10270,1612578269
rack.social,up,mastodon,8,31,9068,1667950047
kaputtendorf.de,up,mastodon,8,350,10942,1668046203
toot.wiai.de,up,mastodon,8,206,9607,1740217226
ntr.jp.net,up,mastodon,8,7498,266,1754510970
sindicato.social,up,mastodon,8,252,7640,1638563495
greenfield.social,up,mastodon,8,1000,8105,1670001179
creature.social,up,mastodon,8,3490,3720,1686192660
m6n.eu,up,mastodon,8,0,2,1670267516
beeslink.com,up,mastodon,8,3337,9179,1612579116
girldick.rocks,up,mastodon,8,36,1720,1740221730
flaki.social,up,mastodon,8,7978,23493,1657058468
love.alicecomplex.com,up,mastodon,8,2148,6421,1612578270
heimat.drensteinfurt.net,up,mastodon,8,241,1921,1653237897
vgg.lol,up,mastodon,8,815,10242,1675460737
social.nerdnet.ovh,up,mastodon,8,325,8088,1670466309
pachyder.me,up,mastodon,8,9784,23099,1612578270
agora.cafe,up,mastodon,8,2999,10089,1746091519
alteholz.social,up,mastodon,8,13522,11611,1652289377
mastodon.swee.codes,up,mastodon,8,515,4983,1740217596
girlboss.ing,up,mastodon,8,303,8782,1705512401
toot.ale.gd,up,mastodon,8,16291,15594,1675374457
famille.cybercorp.fr,up,mastodon,8,215,1,1761859380
routing.center,up,mastodon,8,49,15095,1675796039
social.deltayeet.net,up,mastodon,8,44270,279,1731029486
hub.nitbit.dev,up,mastodon,8,258,109,1729450671
m.krbonne.net,up,mastodon,8,280,18003,1668477808
opensource.network,up,mastodon,8,201,6421,1675261270
alovely.space,up,mastodon,8,599,8865,1764730162
outre.social,up,mastodon,8,194,11852,1690560546
social.goose.rodeo,up,mastodon,8,4442,8463,1669050880
social.pp.lu,up,mastodon,8,10,13653,1669009511
bauphysik.social,up,mastodon,8,190,7881,1668189821
talos.link,up,mastodon,8,780,16378,1612578267
mazanec.social,up,mastodon,8,534,15938,1670787544
mstdn.kodein.be,up,mastodon,8,541,8445,1670093683
mastodon.1in1.net,up,mastodon,8,639,7160,1612578265
transmom.love,up,mastodon,8,12416,24421,1612578267
chasmcity.net,up,mastodon,8,6127,18159,1676830158
mastodon.chuggybumba.com,up,mastodon,8,5666,21128,1668955360
social.learnlangs.com,up,mastodon,8,85,4854,1668833528
mastodon.hackerfoo.com,up,mastodon,8,78,5433,1669315780
toot.org.il,up,mastodon,8,700,6718,1651048691
m.lonet.org,up,mastodon,8,31172,23685,1668940533
fedi.xirion.net,up,mastodon,8,2756,18624,1617916178
mn.statyvka.org.ua,up,mastodon,8,421,38,1612578347
techdon.dev,up,mastodon,8,324,6732,1650947127
junebug.masto.host,up,mastodon,8,398,8102,1612578266
mastodaix.de,up,mastodon,8,4424,6230,1651334086
mstd.seungjin.net,up,mastodon,8,35973,18118,1674503056
mastodon.in-two.com,up,mastodon,8,42,2896,1707223611
m.efg-ober-ramstadt.de,up,mastodon,8,4983,10674,1693070059
geekhaven.social,up,mastodon,8,58,13833,1668904975
notwork.in,up,mastodon,8,279,17579,1675344395
publichouse.mensgardening.club,up,mastodon,8,815,1102,1705309120
euskirchen.social,up,mastodon,8,826,6664,1669365223
fediver.de,up,mastodon,8,11656,16939,1667915642
toot.exchange,up,mastodon,8,2677,11827,1612578387
social.phosphors.ch,up,mastodon,8,7,425,1750931650
threads.social,up,mastodon,8,38,7879,1667725283
talks.im,up,mastodon,8,103,5623,1753439585
mastodon.urbancloud.cz,up,mastodon,8,1663,316,1674141595
zelk.space,up,mastodon,8,315,15584,1726692460
social.xboxdev.com,up,mastodon,8,525,1834,1729781256
mastodon.koehler.ca,up,mastodon,8,67,6867,1667850738
sleepy.cool,up,mastodon,8,2167,13331,1672956161
social.unrealasia.net,up,mastodon,8,38279,3045,1673271411
social.k2pk.com,up,mastodon,8,131,9065,1751920888
twoot.space,up,mastodon,8,917,9460,1612579012
ohbear.wtf,up,mastodon,8,6333,12808,1676087468
medien.social,up,mastodon,8,1,3,1672518907
social.oevents.co.za,up,mastodon,8,8347,21951,1669992290
mastodon.electricbrain.au,up,mastodon,8,781,6687,1724025656
bol.social,up,mastodon,8,29,17380,1667408659
xeno.chat,up,mastodon,8,3274,7609,1612578345
spicycrust.pizza,up,mastodon,8,3023,6990,1739631140
mastodon.derpstra.nl,up,mastodon,8,5054,16305,1679003515
newforest.social,up,mastodon,8,2362,9381,1695685269
omoro.info,up,mastodon,8,10721,10089,1622102975
seeedstudio.social,up,mastodon,8,6,973,1669934379
reseau.libresocial.quebec,up,mastodon,8,2921,4060,1760848442
somamis.it,up,mastodon,8,14,3231,1668978180
toot.legacycode.rocks,up,mastodon,8,574,7852,1669069875
nekoland.fangluo.top,up,mastodon,8,4117,10992,1659201546
virup.social,up,mastodon,8,181,3331,1759114479
social.toyuzuko.dev,up,mastodon,8,184,1921,1688937119
sinophone.world,up,mastodon,8,60,2929,1694249845
mastodon.eskimo.com,up,mastodon,8,30,7143,1695318327
okde.me,up,mastodon,8,1155,4284,1673828102
networkteam.social,up,mastodon,8,257,9856,1670161352
estrogen.cat,up,mastodon,8,6,1193,1682567002
social.nubecula.org,up,mastodon,8,152,15790,1668266931
masto.thefword.club,up,mastodon,8,1004,13843,1729360249
social.macg.co,up,mastodon,8,20560,17231,1669157363
typing.ink,up,mastodon,8,1047,14752,1668388222
mastodon-sheep-smile.com,up,mastodon,8,23,1911,1669903770
social.ffconf.org,up,mastodon,8,349,4617,1676910139
twogate.social,up,mastodon,8,1407,3,1693993698
avali.one,up,mastodon,8,196,7378,1669028018
social.sitedethib.com,up,mastodon,8,45665,26100,1612578266
omg.wtf.sh,up,mastodon,8,2548,15430,1678186926
hippotterystudio.com,up,mastodon,8,319,6809,1740217156
mastodon.hetzner.social,up,mastodon,8,156,7077,1744160303
mastodon.rockhost.se,up,mastodon,8,29,11764,1614098350
mastodon.jatlarge.com,up,mastodon,8,39,688,1699619603
queef.social,up,mastodon,8,1836,16124,1667640834
nonzero.social,up,mastodon,8,175,3659,1672988910
pynews.com.br,up,mastodon,8,8189,19597,1687292004
mastodon.common.se,up,mastodon,8,2632,17640,1668358077
mastodon.amaseto.com,up,mastodon,8,234,16912,1612578266
fluffytail.gay,up,mastodon,8,1563,9242,1689908661
psst.al0.de,up,mastodon,8,1074,9329,1667517806
social.seqcure.org,up,mastodon,8,60,189,1730728896
baram.me,up,mastodon,8,11331,8035,1675017215
eleutheria.masto.host,up,mastodon,8,403,993,1683159954
mastodon.ir0k.de,up,mastodon,8,442,16679,1660413149
greenpeace.social,up,mastodon,8,166,7537,1679681268
ameliorates.org,up,mastodon,8,145,,1742347720
toot.brsu.me,up,mastodon,8,620,4197,1693323263
social.energieincomune.com,up,mastodon,8,8,618,1718102970
howdee.social,up,mastodon,8,5794,14703,1669882983
crashloop.social,up,mastodon,8,4560,10925,1667841421
vrchat.today,up,mastodon,8,71,2599,1689195431
pear.cat,up,mastodon,8,403,2538,1760823869
scrivimi.ch,up,mastodon,8,10,7527,1683230573
social.niyawe.de,up,mastodon,8,214,11917,1612578268
mastodon.arabipro.social,up,mastodon,8,6407,2687,1757161420
elefanti.co,up,mastodon,8,3051,13084,1677246414
toot.fedilab.app,up,mastodon,8,6315,33042,1612578266
social.lochetfamily.com,up,mastodon,8,52,12057,1667899277
shredderfood.com,up,mastodon,8,9648,19004,1672427215
flumph.masto.host,up,mastodon,8,12826,16030,1612578270
mrsjumbo.ucc.asn.au,up,mastodon,8,5,317,1681638580
mastodon.tucsonsentinel.com,up,mastodon,8,10909,14236,1668846826
geneadon.social,up,mastodon,8,114,9249,1670014438
ozlabs.house,up,mastodon,8,1991,17357,1667650471
mastochist.social,up,mastodon,8,38,19467,1677450080
hacky.town,up,mastodon,8,2808,18732,1667615367
rebel-lion.uk,up,mastodon,8,1992,12960,1669468137
mastodon.staropa.net,up,mastodon,8,2068,9123,1669260634
social.pmj.rocks,up,mastodon,8,42638,12877,1612578266
pardal.agoranet.info,up,mastodon,8,90,960,1668195433
hom.ph,up,mastodon,8,14342,21253,1612578270
redrosewriter.com,up,mastodon,8,1,2215,1612578348
tastingtraffic.net,up,mastodon,8,39234,6791,1659113878
hota.hirachon.otakan.jp,up,mastodon,8,340261,5271,1630762062
246135.xyz,up,mastodon,8,784,1,1674985419
saint-paul.us,up,mastodon,8,1225,11827,1714600410
m.slippershurricane.com,up,mastodon,8,49,856,1745662254
natterati.com,up,mastodon,8,676,7840,1612578712
schnauzer.social,up,mastodon,8,119,5767,1672956497
swisttal.social,up,mastodon,8,102,3274,1669175832
m.kawaii.gg,up,mastodon,8,92,6988,1667595011
coywolf.social,up,mastodon,8,36856,20758,1648910955
xuha.net,up,mastodon,8,649,217,1612578268
qlub.channel.org,up,mastodon,8,14,1346,1757702642
social.chalec.org,up,mastodon,7,293,4557,1760303130
tvwatch.party,up,mastodon,7,17529,16646,1651551291
scalie.business,up,mastodon,7,55863,25346,1612578269
social.growyourown.services,up,mastodon,7,16845,38900,1644954964
craftgoblin.club,up,mastodon,7,10832,20410,1695828337
meowstodon.net,up,mastodon,7,872,7221,1668910135
social.system-ai-x.com,up,mastodon,7,187,932,1757967236
mst-staging.collocall.de,up,mastodon,7,29,436,1695689071
mast.lt,up,mastodon,7,66,1390,1748587965
puz.fun,up,mastodon,7,8234,35009,1612578267
elephantelephantelephant.com,up,mastodon,7,14183,8210,1668743615
mastodon.pix-n-chill.fr,up,mastodon,7,488,4749,1689550599
social.easya.solutions,up,mastodon,7,1026,8204,1669985672
smilodon.chatslibres.com,up,mastodon,7,332,7793,1691293995
mastodon.lanhq.be,up,mastodon,7,7,2764,1671423878
blog.mbe.tv,up,mastodon,7,1272,14649,1669242862
social.mrtoto.net,up,mastodon,7,3631,13769,1688992824
toot.beer,up,mastodon,7,374,5919,1674886986
pttsocial.infynit.online,up,mastodon,7,4,4,1755466729
dudo.social,up,mastodon,7,2336,8656,1748720863
olsberg.social,up,mastodon,7,185,3318,1765673472
social.feastcoast.com,up,mastodon,7,121,6653,1678841204
mastodon.blaede.family,up,mastodon,7,15006,30843,1672882302
ebooks.social,up,mastodon,7,159,11218,1667451675
m.adventurehound.io,up,mastodon,7,626,8845,1674964764
patashnik.club,up,mastodon,7,12567,7954,1690746920
curmudgeon.cafe,up,mastodon,7,25449,30941,1612578270
social.milktea.io,up,mastodon,7,105,3494,1671209918
otome.xyz,up,mastodon,7,490,274,1612578346
mastodon.sketchwave.club,up,mastodon,7,206,6004,1669086768
burningnebula.net,up,mastodon,7,2567,24191,1667847603
m.futex.au,up,mastodon,7,2520,17731,1669109582
13bells.com,up,mastodon,7,11779,13601,1612578267
toot.apheleia.haus,up,mastodon,7,1194,0,1697592273
interlace.space,up,mastodon,7,5067,16876,1612578270
tester.social,up,mastodon,7,114,5272,1668719675
dev.mstdn-jp.site,up,mastodon,7,49,5890,1612578269
rasterdon.com,up,mastodon,7,71,4700,1671556869
maro.xyz,up,mastodon,7,240,8429,1704223436
sometimes.when.computer,up,mastodon,7,2480,11519,1612578270
mastodon.ocert.at,up,mastodon,7,2100,16989,1612578266
mastodon.kebree.fr,up,mastodon,7,391,10132,1612578266
masto.archous.net,up,mastodon,7,121,8025,1612578268
social.openinfra.dev,up,mastodon,7,962,8815,1674243281
social.vasilis.nl,up,mastodon,7,51004,8760,1651362297
mastodon.edufor.me,up,mastodon,7,1358,9438,1612578348
koze.kaubuntu.re,up,mastodon,7,61,88,1755466729
fedi.simonwillison.net,up,mastodon,7,9735,31234,1667436984
manitu.social,up,mastodon,7,5699,17697,1679388750
statesnewsroom.social,up,mastodon,7,8,3604,1673491229
unwilling.observer,up,mastodon,7,91,10400,1740339729
social.ikklegemz.net,up,mastodon,7,203,671,1752534315
bog.social,up,mastodon,7,34,149331,1672297638
rlidea.com,up,mastodon,7,4989,5874,1691921540
social.transsafety.network,up,mastodon,7,278,6771,1667867368
stemfurs.masto.host,up,mastodon,7,1006,7042,1672850977
don.gomasy.jp,up,mastodon,7,94033,4284,1612578269
fnya.ggtea.org,up,mastodon,7,2184,2911,1612578268
veoh.social,up,mastodon,7,3425,17095,1698504455
mastodon.radicalityincident.com,up,mastodon,7,549,12957,1612578268
mastodon.raumfahrer.net,up,mastodon,7,1845,4433,1673165519
social.collectivemoo.net,up,mastodon,7,752,12903,1731870272
finndom.space,up,mastodon,7,321,6550,1674573952
mastodon.naturemag.org,up,mastodon,7,28,3258,1671519924
mastodon.parleur.net,up,mastodon,7,53279,21169,1612578268
prodromou.pub,up,mastodon,7,5102,21833,1668220955
skvip.lol,up,mastodon,7,2525,12131,1689092817
open-ground.org,up,mastodon,7,861,9296,1740217145
mastodon.starnet.cz,up,mastodon,7,984,6892,1669282173
mast.areplan.org,up,mastodon,7,380,2049,1757041470
toot.rhizome.red,up,mastodon,7,113,6891,1675454022
galacticsocial.network,up,mastodon,7,31,788,1755444234
jena.social,up,mastodon,7,390,9466,1741738767
social.lostwire.net,up,mastodon,7,130,308,1751394713
stlouist.social,up,mastodon,7,2307,11034,1733006566
ravefmpoland.pl,up,mastodon,7,61,2343,1749178844
sarnia.lambton.social,up,mastodon,7,251,4834,1642177883
kitch.win,up,mastodon,7,248,1427,1612758447
mastodon.hyperfreedom.org,up,mastodon,7,90,6049,1668111618
masto.deluma.biz,up,mastodon,7,23743,17527,1712206536
social.jp3d.de,up,mastodon,7,61,3141,1699817981
mastodo.it,up,mastodon,7,692,8472,1669495139
covelline.social,up,mastodon,7,874,6775,1678348846
adtech.life,up,mastodon,7,40,6164,1669082069
trunk.mad-scientist.club,up,mastodon,7,81320,29650,1612578269
blueviolet.monster,up,mastodon,7,5474,667,1690476537
lowkey.zone,up,mastodon,7,4992,15478,1690667267
mastodon.rosseaux.com,up,mastodon,7,190,11751,1666977114
iway.social,up,mastodon,7,25,181,1669208438
anubis.social,up,mastodon,7,18282,13907,1668370146
nachklang.net,up,mastodon,7,379,3714,1717733999
robodon.social,up,mastodon,7,652,236,1668266931
queer.blahaj.solutions,up,mastodon,7,833,5051,1669969719
toque.town,up,mastodon,7,265,12385,1668398746
oldfriends.live,up,mastodon,7,37364,27850,1669025640
whoneedsabudget.cheap,up,mastodon,7,406,10757,1667284758
terminal.ink,up,mastodon,7,451,10859,1669247443
mikrotik.social,up,mastodon,7,2387,12429,1684317757
social.sucb.de,up,mastodon,7,558,2824,1699056323
gummybrain.com,up,mastodon,7,3785,8,1708983393
faggot.sh,up,mastodon,7,234,6353,1758188912
mastodon.monotropa-satellite.social,up,mastodon,7,13,1454,1668042321
social.amsterdam.nl,up,mastodon,7,1425,6552,1674762988
reluctantly.social,up,mastodon,7,10856,3657,1667814366
solderma.sk,up,mastodon,7,107,3654,1706959655
chirpi.de,up,mastodon,7,3419,15922,1612578267
mastodon.lanofthedead.xyz,up,mastodon,7,1361,21853,1684290022
tentacle.social,up,mastodon,7,562,5618,1612578266
perkins.pub,up,mastodon,7,11360,18476,1650085621
social.tfwnogf.nl,up,mastodon,7,653,8906,1616826247
social.froghat.ca,up,mastodon,7,718,7778,1612578267
hub.houseplants.cc,up,mastodon,7,63,4160,1711660643
social.partiarazem.pl,up,mastodon,7,678,9597,1670242312
mochitodon.com,up,mastodon,7,58262,21,1612579014
cytag.nl,up,mastodon,7,4142,158617,1671451973
mastodon.friendnet.eu,up,mastodon,7,725,11330,1671795223
altparty.social,up,mastodon,7,142,7682,1706032240
mastodon.girino.org,up,mastodon,7,2520,36184,1668904962
rants.au,up,mastodon,7,47200,22386,1668038882
fairdinkum.one,up,mastodon,7,11418,13789,1669332142
sechtor.social,up,mastodon,7,14570,9365,1727490448
mastodon.akop.online,up,mastodon,7,291,13201,1668914099
toots.codeenigma.com,up,mastodon,7,361,5896,1697668558
deadlymilehigh.club,up,mastodon,7,2038,8142,1707859907
toot.kiwi,up,mastodon,7,675,7699,1731719974
mastodon.hotmilk.space,up,mastodon,7,219,6893,1691331368
social.jonathancandler.com,up,mastodon,7,2480,3729,1668587450
nuklear.family,up,mastodon,7,321,21422,1612578269
jasonames.com,up,mastodon,7,154,1000,1724389503
social.fz-juelich.de,up,mastodon,7,1183,8280,1692692294
thetavern.social,up,mastodon,7,56,642,1669333226
social.vouaix.com,up,mastodon,7,136,6979,1695319004
file-explorers.club,up,mastodon,7,3884,14902,1668795673
rocktriste.club,up,mastodon,7,4563,9278,1725173543
procolix.social,up,mastodon,7,8205,23042,1667950607
hydaelyn.coerthansnowstorm.online,up,mastodon,7,6686,18927,1668113707
meganekeesu.tokyo,up,mastodon,7,47387,2784,1612578266
social.luca.run,up,mastodon,7,70079,18340,1668499639
mx.pontual.social,up,mastodon,7,8,2878,1692069270
mastodon.prowl.social,up,mastodon,7,292,4535,1672352349
ohcool.cool,up,mastodon,7,7,2250,1740217145
social.nobrainer.zone,up,mastodon,7,115,4377,1727879150
sin.tyaku.com,up,mastodon,7,6951,8913,1612578271
social.unrealibrary.com,up,mastodon,7,251,2579,1744744466
vedimak.ru,up,mastodon,7,1002,864,1676755240
social.arroutaflix.com,up,mastodon,7,14674,7655,1680997003
dara.li,up,mastodon,7,1390,244,1660619285
mastodon.replacementhipster.com,up,mastodon,7,1321,20798,1668935870
orikumi.social,up,mastodon,7,0,1920,1674701020
systems.social,up,mastodon,7,2002,18193,1668707758
masto.pogmom.me,up,mastodon,7,7208,11186,1686664604
mastodon.benzas.lt,up,mastodon,7,599,3742,1668394405
mst.ramsdr.ru,up,mastodon,7,6384,5347,1677327888
beatles.social,up,mastodon,7,145,1468,1677357455
lez.ovh,up,mastodon,7,18795,4874,1689448593
mstdn.aomushionline.com,up,mastodon,7,166,7046,1683365500
weekly.org,up,mastodon,7,372,13078,1667872153
social.in-purple.de,up,mastodon,7,3815,23504,1669535917
mastodon.law,up,mastodon,7,69,3925,1753902233
toot.me.uk,up,mastodon,7,22357,20047,1612578270
social.sixdegreesofohio.com,up,mastodon,7,1239,14031,1712960521
tarasupadon.com,up,mastodon,7,72066,16969,1659165450
lacommu.net,up,mastodon,7,66,2450,1740385271
social.tr0llhoehle.de,up,mastodon,7,1737,14423,1668159808
mastodon.tejat.net,up,mastodon,7,212,3467,1681968217
retrohangout.club,up,mastodon,7,743,13387,1667193781
mastodon.fivest.one,up,mastodon,7,20170,9108,1612729739
sasa.africa,up,mastodon,7,188,10807,1621637708
mastodon.einfachmc.de,up,mastodon,7,213,5265,1671462681
mstdn.coasa.me,up,mastodon,7,7251,53,1695669145
dwnfonts.cc,up,mastodon,7,2970,7332,1736835386
meepletrove.social,up,mastodon,7,52,4579,1746507716
shoddy.site,up,mastodon,7,1966,16118,1676539866
freedomofspee.ch,up,mastodon,7,26392,14895,1667722454
tiflo.social,up,mastodon,7,263,8689,1667747106
aoikaze.social,up,mastodon,7,158,3783,1671840155
devil-children-alitaso.com,up,mastodon,7,20908,2635,1612578267
porkribs.social,up,mastodon,7,275,13423,1668843323
cvjm.social,up,mastodon,7,6,4634,1725841245
st.mstdn.b-shock.org,up,mastodon,7,96,151,1612578345
astrian.social,up,mastodon,7,6009,8681,1675164137
huaren.social,up,mastodon,7,965,1908,1614948426
darkestalleygang.lol,up,mastodon,7,738,5904,1760233414
konbini.social,up,mastodon,7,964,7426,1681664163
social.regenpfeifer.net,up,mastodon,7,273,6985,1635082548
ehlo.exim.org,up,mastodon,7,95,5091,1703106561
mastodon.omnistep.com,up,mastodon,7,204,541,1740231151
cocoronavi.net,up,mastodon,7,26062,6512,1612578269
rigor-mortis.nmrc.org,up,mastodon,7,2154,12947,1669260153
mastodon.fibre74.fr,up,mastodon,7,20999,10419,1740217156
polyam.space,up,mastodon,7,12071,11713,1668295304
mastodon.simounet.net,up,mastodon,7,4475,9808,1612578266
social.helios42.de,up,mastodon,7,4218,16527,1612579015
oour.org,up,mastodon,7,1110,17467,1634104472
comms.gsd.foundation,up,mastodon,7,291,7858,1668822033
microsoftsource.social,up,mastodon,7,3,2030,1706009452
openshare.me,up,mastodon,7,202,10564,1669555468
mastodon.cyberpeaceinstitute.org,up,mastodon,7,58,2355,1669836754
oomfie.world,up,mastodon,7,2253,12207,1697820581
books-lighthouse.xsns.jp,up,mastodon,7,379,1716,1721144615
mov-v.com,up,mastodon,7,513,1,1740504973
mastodon.spesh.com,up,mastodon,7,387,18206,1683954697
mslink.com,up,mastodon,7,35,3174,1675803133
procrastodon.net,up,mastodon,7,3623,10221,1728851587
social.dytrych.cloud,up,mastodon,7,261288,18566,1667705055
amok.recoil.org,up,mastodon,7,1273,15557,1667773392
cltverse.me,up,mastodon,7,63,10230,1732274933
social.cringecollective.io,up,mastodon,7,994,10229,1715033980
end0.ru,up,mastodon,7,261,4869,1708799637
mammut.ericmitch.com,up,mastodon,7,668,14913,1717326813
333thats33s.cc,up,mastodon,7,982,10877,1695319324
breakpoint.cafe,up,mastodon,7,6878,24608,1665205783
tiddyhonkers.com,up,mastodon,7,760,1176,1696081019
mirus.club,up,mastodon,7,1673,7356,1699482055
mstdn-g.v-elf.com,up,mastodon,7,755,2952,1765457671
kinktest.masto.host,up,mastodon,7,16,133,1726680509
m.campfi.rs,up,mastodon,7,4977,7417,1672931091
masto.esophiamedias.fr,up,mastodon,7,44,3185,1689289723
squid.cafe,up,mastodon,7,8456,14946,1612578268
capcom.social,up,mastodon,7,4,13992,1669138408
marctodon.marci.one,up,mastodon,7,6844,14006,1668207298
mastodon.wolfssocial.space,up,mastodon,7,301,4619,1694636257
mastodon.altearn.xyz,up,mastodon,7,86,14076,1714842697
canzan.chat,up,mastodon,7,0,0,1650871139
utveckla.re,up,mastodon,7,364,13342,1674084693
tschopp.net,up,mastodon,7,1489,6911,1675404667
mastodon.habets.dev,up,mastodon,7,1732,9955,1616806377
varion.masto.host,up,mastodon,7,86,153,1764225269
isntvery.social,up,mastodon,7,104,4207,1669158296
mastodon.sethb.com,up,mastodon,7,336,13066,1670054303
social.nifeeden.com,up,mastodon,7,24,2509,1740217447
social.foederiert.de,up,mastodon,7,33,9036,1670431236
skeleton.town,up,mastodon,7,19696,105,1669106680
postin.dumbgeon.gay,up,mastodon,7,227,4359,1699928136
attreno.fr,up,mastodon,7,352,10884,1709183272
social.nerd.net,up,mastodon,7,868,21822,1669034917
social.pornstarpromote.com,up,mastodon,7,25,5108,1691947363
mastodon.ellipsis.fi,up,mastodon,7,1360,11813,1612578346
nautilus.place,up,mastodon,7,323,77,1691535176
hostc.at,up,mastodon,7,959,7328,1668983198
mastodon.pandila.org,up,mastodon,7,300,4872,1740225607
paperbay.org,up,mastodon,7,2804,17355,1669587737
billsmafia.social,up,mastodon,7,2487,6662,1668833528
naptown.family,up,mastodon,7,8,3,1741019972
toots.tangoit.net,up,mastodon,7,11,1842,1673366732
mastodon.eisenbergs.de,up,mastodon,7,5,4904,1751317037
spurlock.social,up,mastodon,7,21,5477,1676761345
mastodon.svc.iri-research.org,up,mastodon,7,109,52,1671142127
gluck.cc,up,mastodon,7,4046,18145,1672953928
soc.kvet.ch,up,mastodon,7,1235,23522,1612578266
masto.canadiancivil.com,up,mastodon,7,4362,18329,1699035556
mastodon.cesium.pw,up,mastodon,7,389,21967,1671107849
mstdn.47tya.net,up,mastodon,7,1982,1,1688860494
social.woodbine.nyc,up,mastodon,7,120,6267,1671764059
masto.masto.com,up,mastodon,7,1310,20320,1667341675
social.cryptography.dog,up,mastodon,7,11056,26675,1629556880
social.cloud-kingdom.one,up,mastodon,7,55,714,1762487544
social.retronerd.at,up,mastodon,7,116,14682,1665962322
unchioshi.net,up,mastodon,7,264,7,1745200359
mastodon.lovetux.net,up,mastodon,7,8926,11985,1684625143
mastodon.ndm.ac,up,mastodon,7,147,570,1731673493
abyssdomain.expert,up,mastodon,7,2008,25565,1670466465
stansells.org,up,mastodon,7,9496,13364,1672431358
mastodon.eiabea.com,up,mastodon,7,303,3353,1655655621
social.roeckoe.be,up,mastodon,7,2003,11390,1612578271
0rb.it,up,mastodon,7,20,12224,1684784153
darkmoon.social,up,mastodon,6,22332,22603,1668720161
chatt.uvix.cc,up,mastodon,6,300,68,1726871071
mastodon.netou.info,up,mastodon,6,363,2,1612578346
teapot.zone,up,mastodon,6,47,5625,1671885639
idiots.chat,up,mastodon,6,1618,11572,1667808792
mastodon.mcb-it.de,up,mastodon,6,8,2049,1732671911
social.yoyodyne-it.eu,up,mastodon,6,564,8204,1683052798
peakx.social,up,mastodon,6,18,3503,1740217213
mastodon.knightpp.cc,up,mastodon,6,4205,3933,1719268992
benaristavern.com,up,mastodon,6,683,7,1757008530
mastodon.dredgelords.com,up,mastodon,6,409,5086,1688690608
intuitivefuture.com,up,mastodon,6,1126,15552,1675768123
elefant.social,up,mastodon,6,24723,10236,1612578267
social.lansky.name,up,mastodon,6,220929,28388,1612578268
ratherbemaking.games,up,mastodon,6,1523,13748,1682635654
bqri.us,up,mastodon,6,13,109487,1671866014
mastodon.redgarterclub.com,up,mastodon,6,56694,24323,1612578345
bardicperspiration.club,up,mastodon,6,3520,11485,1747611403
mastodon.social.fraudulent.link,up,mastodon,6,11365,10951,1724440422
starside.social,up,mastodon,6,4861,11906,1671444276
rssfeed.media,up,mastodon,6,14489,6467,1695319004
mastodon.grey.fail,up,mastodon,6,93,9027,1727225687
social.desbasques.com,up,mastodon,6,108521,12042,1668785052
naapurinpoika.com,up,mastodon,6,732,9582,1676760069
frish.org,up,mastodon,6,4,7,1712447953
blat.at,up,mastodon,6,5305,16553,1667915444
ouin.land,up,mastodon,6,11657,3004,1612578269
forestodon.com,up,mastodon,6,357,122,1704692594
pixelig.social,up,mastodon,6,6983,16209,1675605487
panelinha.club,up,mastodon,6,3125,12479,1717381555
fire.masto.host,up,mastodon,6,1,2187,1612578345
mastodon.hsablonniere.com,up,mastodon,6,751,9865,1667577348
trystero.social,up,mastodon,6,178,11690,1671275874
social.gyahunkoubou.com,up,mastodon,6,394,1135,1701164045
social.progressnownm.org,up,mastodon,6,48,6036,1740217232
daedal.io,up,mastodon,6,4115,21447,1612578269
dragons.social,up,mastodon,6,8,1970,1695360372
mastodon.tmm.cx,up,mastodon,6,5945,22921,1671202277
rosti.social,up,mastodon,6,43,590,1696018986
snack.investments,up,mastodon,6,27,1496,1672581718
gemeinsam.bio,up,mastodon,6,18,295,1765571309
nothankyou.hostdon.ne.jp,up,mastodon,6,43,3913,1688498567
tinycities.net,up,mastodon,6,2286,18053,1669495139
social.boger.dev,up,mastodon,6,31,2456,1745623018
mastodon.marc-aurele.com,up,mastodon,6,107,5285,1724719526
hkc.social,up,mastodon,6,8483,12753,1667684575
neverhill.social,up,mastodon,6,188,115401,1668983038
social.nerdzoom.media,up,mastodon,6,1217,14575,1677137510
m.758.works,up,mastodon,6,2735,4632,1724014617
unxpnx.farm,up,mastodon,6,105,9944,1668847119
mastodon.novak.to,up,mastodon,6,457,2272,1669294714
mammut.cyou,up,mastodon,6,7048,14920,1681239831
lawfedi.blue,up,mastodon,6,1203,14954,1667760828
don.dondododon.com,up,mastodon,6,504,2230,1688329045
hive.institute,up,mastodon,6,1007,28357,1612578270
onlyfam.dstaub.app,up,mastodon,6,42,1,1749222583
masto.craftcms.com,up,mastodon,6,2386,15427,1676413148
theolddude.masto.host,up,mastodon,6,39,12049,1612578271
social.io18.eu,up,mastodon,6,9,4276,1742654409
boopsnoot.de,up,mastodon,6,7407,18245,1669137619
fedi.dzombak.com,up,mastodon,6,3260,210,1747974724
spreebits.de,up,mastodon,6,1739,16246,1732862231
kitzmiller.social,up,mastodon,6,1609,9042,1667631235
squeak.games,up,mastodon,6,1571,11432,1671727486
test-cmx.dongzhimin.su,up,mastodon,6,292,5892,1756215508
mastodon.chrispelli.fun,up,mastodon,6,81453,144863,1666884469
grand-duchy.net,up,mastodon,6,44,5463,1612578270
gmajna.social,up,mastodon,6,37,4434,1753390531
oozuze.social,up,mastodon,6,73,4323,1667662738
social.suchtbasis.de,up,mastodon,6,742,10795,1681740916
x.doanhtu.com,up,mastodon,6,121,787,1727945092
social.rickelobe.com,up,mastodon,6,23568,9883,1669958657
social.ikklegemz.me,up,mastodon,6,130,3,1758318091
amt.social,up,mastodon,6,518,6345,1741063300
social.dairydemon.net,up,mastodon,6,15547,17581,1702452430
kampftoast.de,up,mastodon,6,2669,18132,1650918806
toot.supremesyntax.com,up,mastodon,6,48,9551,1612578269
mastodon.vtip.me,up,mastodon,6,4694,4365,1669072588
slut.town,up,mastodon,6,61,2875,1668187208
social.ninefives.technology,up,mastodon,6,57,18,1728913160
toot.furry.industries,up,mastodon,6,97,3257,1732484321
mastodon.spacefox.fr,up,mastodon,6,1305,6169,1668800476
dkm.cloud,up,mastodon,6,184,5446,1668904961
mastodon.devontechnologies.com,up,mastodon,6,2098,164863,1673309752
social.knot.space,up,mastodon,6,88,6115,1614387838
mastodon.djghettoredneck.com,up,mastodon,6,1007,12986,1738637436
8bit.red,up,mastodon,6,2541,15981,1668335646
m.flaem.ing,up,mastodon,6,1181,10395,1705698351
don.neso.tech,up,mastodon,6,136167,7676,1612578269
mastodon.spowage.info,up,mastodon,6,309,5342,1668780775
social.securitytheater.net,up,mastodon,6,681,9716,1674006882
neubau.social,up,mastodon,6,562,9641,1674403246
decentralis.social,up,mastodon,6,960,17427,1668851052
lotuseffect.social,up,mastodon,6,2592,9183,1705263660
orthis.social,up,mastodon,6,3336,12974,1667622431
embassy.social,up,mastodon,6,105101,28202,1612578269
social.purple-horizon-clan.net,up,mastodon,6,11,901,1699774508
mstdn.world,up,mastodon,6,2479,1876,1612579014
drobny.blog,up,mastodon,6,6,1835,1702850442
t.aquapoetry.org,up,mastodon,6,36,2577,1729138446
basilisk.gallery,up,mastodon,6,2122,19282,1674333534
posts.dynamic.land,up,mastodon,6,75,4005,1681032143
bremen.digital,up,mastodon,6,6,14202,1671561675
nofun.social,up,mastodon,6,540,9692,1669985397
frogdrool.net,up,mastodon,6,2234,21212,1669791625
blasmusik.social,up,mastodon,6,309,3856,1668553855
pastafaristes.fr,up,mastodon,6,3231,11173,1669648892
oak.social,up,mastodon,6,5,4404,1675809587
social.thegeneral.chat,up,mastodon,6,1416,17553,1667631051
social.subpolygon.com,up,mastodon,6,51,6014,1711998587
social.metaccount.de,up,mastodon,6,165,18463,1612578270
talking.dev,up,mastodon,6,625,20093,1625873374
writersaur.us,up,mastodon,6,2439,121,1667929415
www.naturistlife.co.uk,up,mastodon,6,283,1,1686268513
legaltech.social,up,mastodon,6,10,2185,1673600056
jar.informatik.uni-oldenburg.de,up,mastodon,6,901,1347,1687749430
mastodon.vierkantor.com,up,mastodon,6,75551,25220,1612578270
social.yakshed.org,up,mastodon,6,8319,19001,1612578269
cruisers.social,up,mastodon,6,16,1692,1612578710
m.epon.io,up,mastodon,6,1742,9553,1673838093
mastodon.lilysthings.org,up,mastodon,6,11412,143303,1671434086
terror.black,up,mastodon,6,34115,20143,1675294114
masto.wardenburg.social,up,mastodon,6,2,7477,1668158391
mastodon.rhizoreality.org,up,mastodon,6,41,2338,1740223399
social.finkhaeuser.de,up,mastodon,6,7945,35839,1612578269
mastodon.breiteberg.de,up,mastodon,6,93,4929,1671042638
heretic.social,up,mastodon,6,717,8628,1669696998
soc.eli173.com,up,mastodon,6,4915,3760,1667722454
tjakosquad.nl,up,mastodon,6,18,1849,1677279039
nextep.place451.dscloud.me,up,mastodon,6,87,2376,1759757487
jinxd.tech,up,mastodon,6,0,1549,1672800566
m.toad.host,up,mastodon,6,5425,12267,1689754826
nikomidon.fedicity.net,up,mastodon,6,6792,53,1707797071
talipallopeli.club,up,mastodon,6,114,3245,1690605001
mastodon.nicochristmann.net,up,mastodon,6,22,3848,1755698419
mstdn.takuya-a.net,up,mastodon,6,32952,7727,1667984522
hintertupf.ing,up,mastodon,6,223,4310,1701813224
ragnus.puyopuyotetr.is,up,mastodon,6,10,1345,1742224325
social.team-prism.rocks,up,mastodon,6,293,7729,1689139403
medievalarchives.social,up,mastodon,6,723,4468,1676683208
plesiosaur.net,up,mastodon,6,727,13057,1683682847
rococo.masto.host,up,mastodon,6,3,2033,1704925396
postb.org,up,mastodon,6,7,9222,1667790792
social.vdna.be,up,mastodon,6,345,4360,1612578267
mastodon.wakoma.co,up,mastodon,6,1,4535,1705583775
fuzzytacular.net,up,mastodon,6,789,9837,1670128886
mastodon.monoceros.co.za,up,mastodon,6,14942,19914,1671481272
dimspace.com,up,mastodon,6,29,731,1693542239
social.evl.im,up,mastodon,6,2196,16711,1668280192
mastodon.mediafaro.org,up,mastodon,6,4147,9453,1738848615
ap.ketsuben.red,up,mastodon,6,206854,9280,1612578265
social.tepitus.de,up,mastodon,6,25,667,1629001846
social.hastily.cc,up,mastodon,6,646,9113,1720092634
nacq.me,up,mastodon,6,371,6245,1612578269
mastodon.neg9.org,up,mastodon,6,155,9543,1668848775
mastodon.seism0saurus.de,up,mastodon,6,34430,6640,1731160936
social.nordgaming.eu,up,mastodon,6,42,80,1702410952
social.mbbc.us,up,mastodon,6,450,5112,1724909890
toots.hubns.net,up,mastodon,6,86,7993,1668272411
vnecke.social,up,mastodon,6,587,9782,1668085426
3rdwall.net,up,mastodon,6,49,8367,1671288048
i.qwp.moe,up,mastodon,6,249,4387,1694502137
mastodon.rosenberg-watt.com,up,mastodon,6,378,9125,1612578268
aisler.social,up,mastodon,6,372,5294,1669297444
social.mkg20001.io,up,mastodon,6,873,13307,1612579014
staging.owo.cafe,up,mastodon,6,17,111,1669041651
reverieinn.homes,up,mastodon,6,2064,304,1723881994
friendhole.social,up,mastodon,6,2266,17021,1708930642
mastodon.podycust.co.uk,up,mastodon,6,787,16355,1674289265
social.zwoelfdreifuenfundvierzig.net,up,mastodon,6,16873,22312,1651784230
semaphor.social,up,mastodon,6,187,4650,1740221544
snug.town,up,mastodon,6,4931,22335,1651004483
mastodon.simulakrum.vpndns.org,up,mastodon,6,1,1671,1667781891
fedi.wersdoerfer.de,up,mastodon,6,984,12628,1669157208
mastodon.twocanoes.com,up,mastodon,6,2124,14772,1667013032
social.lukas-schieren.de,up,mastodon,6,5912,16583,1691585243
pizza.enby.city,up,mastodon,6,8215,16369,1729675042
pwl.farted.net,up,mastodon,6,479,5109,1740221284
vozer.cafe,up,mastodon,6,3634,7804,1762056879
masto.casually.cat,up,mastodon,6,1570,9199,1714372716
mastodon.zombor.net,up,mastodon,6,14,176253,1612581232
gmtu.social,up,mastodon,6,325,2969,1762950342
m.mirv.top,up,mastodon,6,323,8548,1731231917
bettercities.top,up,mastodon,6,29,3089,1765689467
wmd.social,up,mastodon,6,44,632,1670008840
gazette.live,up,mastodon,6,1109,12072,1612578268
hactivedirectory.com,up,mastodon,6,6469,14926,1692971216
not-very.social,up,mastodon,6,9,3313,1674538571
holonet.imperialba.se,up,mastodon,6,2388,10447,1668644128
nebu.social,up,mastodon,6,85,2242,1688391333
bijaiv.com,up,mastodon,6,206643,10127,1744850646
omgwars.com,up,mastodon,6,2193,14008,1678234267
slime.computer,up,mastodon,6,12234,11473,1688896294
mastodon.snthtns.jp,up,mastodon,6,902,11614,1670709450
tapir.tkf.me,up,mastodon,6,88,1095,1742112634
social-tst.overheid.nl,up,mastodon,6,8,34,1764579209
social.obeygravity.de,up,mastodon,6,39088,9279,1667661655
mastodon.collazo.ws,up,mastodon,6,45,5992,1668167529
pc.cafe,up,mastodon,6,8083,12842,1716200541
fedimon.uk,up,mastodon,6,16697,23797,1667187472
preciouslittle.life,up,mastodon,6,32882,18927,1612578268
goopply.com,up,mastodon,6,78,6639,1740217213
bastodon.bida.im,up,mastodon,6,13,1427,1740224398
songsforno.one,up,mastodon,6,159,102580,1669969599
mastodon.offerman.com,up,mastodon,6,991,11235,1644182439
tongari.xsns.jp,up,mastodon,6,108,1,1766225949
rlp.social,up,mastodon,6,10,381,1765252482
mastodon2.juggler.jp,up,mastodon,6,712,4903,1612578268
deppenkessel.de,up,mastodon,6,24,4232,1667383117
syasai.club,up,mastodon,6,4976,1453,1612578269
social.arnaus.net,up,mastodon,6,2001,8139,1678703783
selenian.space,up,mastodon,6,41484,10311,1612578269
mastodon.drkirkadams.com,up,mastodon,6,422,10066,1731674882
social.frostnet.us,up,mastodon,6,22,11,1758082227
developers.live,up,mastodon,6,224,5881,1674154365
social.fohte.net,up,mastodon,6,23110,5838,1677423270
festiverse.de,up,mastodon,6,346,4661,1742120490
fedi.czchan.org,up,mastodon,6,1037,765,1764019763
social.xwiki.com,up,mastodon,6,347,8197,1746039946
mastodon.abstractbits.net,up,mastodon,6,803,14737,1668844022
mastodon.chivanet.org,up,mastodon,6,69,4287,1612578268
widget.uk,up,mastodon,6,8680,9448,1667629108
guerrill.art,up,mastodon,6,92,15256,1657796601
faso.social,up,mastodon,6,3,636,1701649216
peasej.me,up,mastodon,6,68,12190,1667616491
namtao.com,up,mastodon,6,745,10458,1733246253
oursocial.club,up,mastodon,6,67,4290,1740217448
tanztee.social,up,mastodon,6,951,20113,1666847628
macavity.cat,up,mastodon,6,515,18106,1668550695
fairesnetz.social,up,mastodon,6,11,639,1764706004
overgrown.garden,up,mastodon,6,1087,9476,1669064516
toots.toby.ink,up,mastodon,6,4088,11896,1672160540
mastodon.business,up,mastodon,6,391,10768,1612579467
x.gthree.win,up,mastodon,6,601,2073,1700601163
social.jsteuernagel.de,up,mastodon,6,5994,16459,1672081736
drumcorps.social,up,mastodon,6,68,7710,1676177181
eattra.sh,up,mastodon,6,1022,11563,1612578267
social.adamasnemesis.com,up,mastodon,6,8854,19908,1612578267
agora-thinktanks.social,up,mastodon,6,716,4358,1677683116
melijn.me,up,mastodon,6,190,5941,1673389492
social.fantorovevo.com,up,mastodon,6,3898,13197,1651101357
citydweller.social,up,mastodon,6,2068,17763,1668989190
mastodon.giftedmc.com,up,mastodon,6,8828,20968,1698271594
mastodon.vhome.info,up,mastodon,6,520,19480,1651231225
kavlak.uk,up,mastodon,6,10594,20203,1668075879
social.opensource.org,up,mastodon,6,997,21855,1668121219
zdf.social,up,mastodon,6,14114,19745,1677186720
melonpan.run,up,mastodon,6,15510,165,1612578270
c64.page,up,mastodon,6,87,8903,1740217213
social.asturias.red,up,mastodon,6,487,4632,1669164413
jl2o-ma.jloo.xyz,up,mastodon,6,4,18,1741699345
mstdn.mkihr-ojisan.com,up,mastodon,6,701,115,1674306781
xn--xxa.computer,up,mastodon,6,2237,17257,1667369544
pneumastodon.com,up,mastodon,6,169,5473,1673624670
mastodon.lanham.id.au,up,mastodon,6,140,6059,1667928710
sunshinecoast.social,up,mastodon,6,6,2558,1668251248
cycle.town,up,mastodon,6,280,7010,1760219584
mastodon.linkerror.com,up,mastodon,6,445,10792,1669790023
m.blasteh.uk,up,mastodon,6,257,22287,1669002788
social.process-one.net,up,mastodon,6,453,12938,1669119355
youmewrite.com,up,mastodon,6,185,3539,1706356008
tripitaburgalesa.alcaudon.uk,up,mastodon,6,12,6,1764054303
mejia.social,up,mastodon,6,1884,10416,1676081096
mastodon.proquality.ro,up,mastodon,6,44,85007,1672818953
kein.monster,up,mastodon,6,33,3973,1740217447
l3ib.org,up,mastodon,6,2845,20925,1669655198
spookykitties.com,up,mastodon,6,5915,20472,1704266293
social.the-mansfields.co.uk,up,mastodon,6,5,10097,1670868839
scientists.today,up,mastodon,6,93,4862,1669615222
ferretfrizz.biz,up,mastodon,6,916,9365,1667956230
gardengate.earth,up,mastodon,6,164,1984,1765102743
mastodon.ampericus.net,up,mastodon,6,3223,4597,1710802787
ccccoding.club,up,mastodon,6,318,5731,1676511396
m.mrm.im,up,mastodon,6,502,28,1748245364
fantasyhockey.social,up,mastodon,6,9208,34,1675557750
social.toot9.de,up,mastodon,6,2156,12799,1654458073
jornalismo.social,up,mastodon,6,271,10185,1743895765
grapheneos.social,up,mastodon,6,15371,20227,1669545475
yharnam.singles,up,mastodon,6,203,67623,1667437019
yasaiseikatsu.net,up,mastodon,6,19876,310,1612578347
mastodon.mailstation.de,up,mastodon,6,511,6224,1672126275
mastodon.unpluggedrva.com,up,mastodon,6,3,1381,1682195846
social.fetedelamusique.de,up,mastodon,6,47,4348,1680310028
honeybadger.social,up,mastodon,6,249,3028,1672630854
awwter.online,up,mastodon,6,65786,16155,1669642888
social.masked.cloud,up,mastodon,6,3180,11897,1612578267
nodotsam.com,up,mastodon,6,6,1293,1675931049
web-dev.social,up,mastodon,6,219,5646,1668558063
mstdn.kgtkr.net,up,mastodon,6,1052,10860,1612578267
dea42.social,up,mastodon,6,7807,2737,1669819277
social.guist.at,up,mastodon,6,17,43,1728525289
bluenoser.me,up,mastodon,6,8096,23957,1650975803
mastodon.computingcache.com,up,mastodon,6,73,4363,1706839286
anubeloredelana.art,up,mastodon,6,93,420,1740247795
volksverpetzer.social,up,mastodon,6,1338,11056,1683653194
social.cpress.org,up,mastodon,6,102,6122,1671840155
clar.ke,up,mastodon,6,1107,140635,1667625962
mastodon.kaschemme701.com,up,mastodon,6,25,7389,1737714382
vael.town,up,mastodon,6,752,13691,1651337705
mastodon.stapler.synology.me,up,mastodon,6,54,1624,1740229573
mstdn.xicon.eu,up,mastodon,6,35,2471,1676649713
dissociative.xyz,up,mastodon,6,438,2779,1728783904
mastodon.rand0m.me,up,mastodon,6,647,8389,1666988768
morph.todon.de,up,mastodon,6,4650,22143,1672879257
mastodon.grumpfff.fr,up,mastodon,6,4,648,1731087360
tschunk.social,up,mastodon,6,27,1143,1673786995
flauschhausen.de,up,mastodon,6,1701,14528,1669226040
mstdn.gsi.li,up,mastodon,6,1396,23270,1668076976
social.quothe.com,up,mastodon,6,132,1588,1741261740
toot.ewsandor.com,up,mastodon,6,3385,4958,1612578268
masto.p-nintendo.com,up,mastodon,6,2474,10161,1682098731
os3.network,up,mastodon,6,1,355,1758654751
sangha.social,up,mastodon,6,194,5778,1612578271
mstdn.aoirint.com,up,mastodon,6,3182,4522,1668318204
mastodon.nervesocket.com,up,mastodon,6,3414,15020,1667477768
syncabout.me,up,mastodon,6,33,5129,1762099395
snoot.tube,up,mastodon,6,21130,19380,1612578714
sydfyn.social,up,mastodon,6,95,2055,1750081281
puget.social,up,mastodon,6,259,10166,1703112562
olifant.fi,up,mastodon,6,2316,7171,1671530401
mastodon.inclusion.cc,up,mastodon,6,230,8129,1671475731
coolkids.house,up,mastodon,6,947,8673,1667939821
occult.institute,up,mastodon,6,19711,20954,1612578270
soc.zom.bi,up,mastodon,6,4002,18413,1612578270
datboi.network,up,mastodon,6,701,15748,1667777524
mastodon.dymaxoid.net,up,mastodon,6,13,6301,1705620374
mutual.tls.zone,up,mastodon,6,1081,13038,1612578348
mastodon.qweb.co.uk,up,mastodon,6,425,7473,1763150075
mastodon.parkingmeter.info,up,mastodon,6,92,3845,1687940139
pink-unicorn.club,up,mastodon,6,691,7993,1753908683
africa.megalopolis.social,up,mastodon,6,2,7,1761891764
buzz.cicadas.surf,up,mastodon,6,532,6975,1742735411
mastodon.delta-t.work,up,mastodon,6,19082,3181,1612578269
sp.kub2091.ru,up,mastodon,6,257,1107,1633767261
don.schraads.com,up,mastodon,6,224,1,1767133706
sociala.me,up,mastodon,6,482,16055,1612578268
mstdn.twst.me,up,mastodon,6,87,1958,1671115338
talka.social,up,mastodon,6,41,9813,1680614742
modlabs.social,up,mastodon,5,62,7861,1731073741
gioia.social,up,mastodon,5,79,2271,1612582083
feed.mccormick.cx,up,mastodon,5,499,5183,1669734862
social.bitdrift.io,up,mastodon,5,57,595,1701667323
mastodon.hnaportal.net,up,mastodon,5,294230,2474,1674261501
supp-up.social,up,mastodon,5,11,585,1740252552
dostar.moe,up,mastodon,5,199,2602,1766586718
gonottowittenberg.masto.host,up,mastodon,5,9171,1791,1665728656
cirno9.mynetgear.com,up,mastodon,5,484,2609,1674992699
sigin.fo,up,mastodon,5,2466,16038,1674830382
icanteventoot.help,up,mastodon,5,237,8858,1669819277
sipgate.social,up,mastodon,5,169,119,1740247795
blackshuck.net,up,mastodon,5,1291,15677,1667439563
social.ipsyn.net,up,mastodon,5,493,12293,1672199348
x.zyi.io,up,mastodon,5,1512,7087,1689739102
suffigo.com,up,mastodon,5,20,829,1740225509
toot.nwnwn.com,up,mastodon,5,202,7,1763913325
elevenjpnxi.hostdon.ne.jp,up,mastodon,5,4275,206,1670940175
pentimento.me,up,mastodon,5,1252,4475,1714450234
mailcow.social,up,mastodon,5,214,9205,1668790029
stolat.town,up,mastodon,5,10941,20046,1670126025
mast.treklibre.net,up,mastodon,5,120,6,1755481511
ezone.fun,up,mastodon,5,818,12717,1672272155
mastodon.nyanshell.com,up,mastodon,5,431,81661,1667082476
sixfeetup.social,up,mastodon,5,406,3727,1677232460
zettel.haus,up,mastodon,5,343,930,1693214417
mastodon.exposed,up,mastodon,5,21,1630,1669322243
gajowice.social,up,mastodon,5,38,11,1740227518
information.garden,up,mastodon,5,488,8233,1667832996
goodfeeds.net,up,mastodon,5,210,11577,1669547975
toot.host,up,mastodon,5,1540,15610,1612578266
mastsocial.de,up,mastodon,5,862,12738,1672705879
sometimes.social,up,mastodon,5,18196,27812,1651270705
mastodon.d14n.club,up,mastodon,5,172,7498,1667797922
surf.cyberspace.club,up,mastodon,5,6632,16594,1651090836
puppyfire.social,up,mastodon,5,285,13406,1672639436
coconatsu.co,up,mastodon,5,15453,4492,1663359862
michinsekki.cc,up,mastodon,5,11258,7,1752316625
mast.wmclark.com,up,mastodon,5,156,10481,1740669022
libranigans.com,up,mastodon,5,28329,16862,1688936408
masto.bimbiribase.xyz,up,mastodon,5,8237,11951,1660870866
blogator.com,up,mastodon,5,21,2985,1668934031
rustedneuron.com,up,mastodon,5,4897,26213,1612578266
social.gitea.io,up,mastodon,5,186,14886,1631928284
whitehouse.org,up,mastodon,5,692,23063,1675644170
czinege.social,up,mastodon,5,587,9037,1672153465
mstdn.obh8.net,up,mastodon,5,41,70,1740239624
leicesterchat.channel.org,up,mastodon,5,1,2,1766721308
punct.me,up,mastodon,5,179,5996,1740219152
social.picopod.fm,up,mastodon,5,37,2364,1752325347
toot.tux.si,up,mastodon,5,379,7180,1667789936
camp.crates.im,up,mastodon,5,2696,9195,1651412777
mastodon.pathconnect.de,up,mastodon,5,188,6133,1668303750
mastodon.wtfomfg.org,up,mastodon,5,15,4349,1672630613
mastodon.schle.nz,up,mastodon,5,12924,11728,1667803342
mastodon.minionflo.net,up,mastodon,5,11382,12063,1695934501
shelton.chat,up,mastodon,5,22,767,1673827416
social.jigmedatse.com,up,mastodon,5,25617,16409,1675313623
social.ernie.wtf,up,mastodon,5,7,6525,1740217390
epsom.social,up,mastodon,5,4605,111179,1668847060
resistance.masto.host,up,mastodon,5,67,1950,1751097255
mastodon.flifloo.fr,up,mastodon,5,209,15707,1628679200
wxy.ai.kr,up,mastodon,5,1402,0,1747235262
fedi.eepycats.place,up,mastodon,5,3857,6841,1745208995
beyondwatts.social,up,mastodon,5,3685,17484,1668980511
drehspiess-online.de,up,mastodon,5,686,2340,1748970372
lightparty.me,up,mastodon,5,263,539,1741883093
mastodon.freie.app,up,mastodon,5,104,3168,1682765921
social.eike.in,up,mastodon,5,394,4726,1747394905
social.breizhcamp.org,up,mastodon,5,207,1111,1740217773
community.offgridcom.net,up,mastodon,5,5,6,1763728104
thebean.ruds.io,up,mastodon,5,19,1196,1752617210
carpdiem.online,up,mastodon,5,1058,13647,1669054404
mstdn.monapii.net,up,mastodon,5,4234,10274,1678034092
quietcar.social,up,mastodon,5,459,14423,1650919144
sad.earth,up,mastodon,5,215,1877,1612578266
cuties.cloud,up,mastodon,5,2087,25975,1670906056
social.security.plumbing,up,mastodon,5,4874,19528,1651775083
lebrady.net,up,mastodon,5,985,12420,1667762769
mastodon.rip,up,mastodon,5,4006,4359,1668988325
social.tedium.co,up,mastodon,5,563,19771,1669567396
bla.daanberg.net,up,mastodon,5,5706,19002,1674260690
hub.sakuragawa.moe,up,mastodon,5,8511,11999,1612578267
social.longwing.us,up,mastodon,5,8231,5,1752498467
social.anaproy.nl,up,mastodon,5,1295,18355,1612578269
social.caserio.de,up,mastodon,5,8123,10706,1651058720
brotkru.me,up,mastodon,5,3862,22002,1687687126
m.otta.world,up,mastodon,5,0,2288,1673722602
feed.casa,up,mastodon,5,355,609,1612578345
social.dsmouse.net,up,mastodon,5,7274,25312,1612578267
social.modest.com,up,mastodon,5,2361,15968,1668935839
ferrovipath.es,up,mastodon,5,97,4740,1612578266
mastodon.tudgwal.fr,up,mastodon,5,621,5447,1667856190
mastodon.qamoe.cyou,up,mastodon,5,0,13682,1674882015
mastodon.hupel.info,up,mastodon,5,1776,11031,1673729870
social.museus.gov.br,up,mastodon,5,121,3139,1715285181
mastodon.indiegamesdevel.com,up,mastodon,5,5,2591,1688425671
social.mastodon.site,up,mastodon,5,277,7165,1690237108
verhu.xyz,up,mastodon,5,214,18397,1688520601
astrolaboratory.club,up,mastodon,5,704,1934,1612578345
varwest.fr,up,mastodon,5,145,5332,1667733358
strangeweb.page,up,mastodon,5,6629,26293,1669882984
spoilertv.social,up,mastodon,5,73,7654,1670851071
mastodon.opter.org,up,mastodon,5,61,3098,1741349062
members.freeworldpeople.org,up,mastodon,5,10,6,1749500697
hilltown.studio,up,mastodon,5,2673,12016,1668959087
lighthouse.co.im,up,mastodon,5,222,8037,1755444137
iris.aeris.synology.me,up,mastodon,5,387,4453,1740217145
social.w7f.eu,up,mastodon,5,0,2835,1668423747
lifth.site,up,mastodon,5,1358,0,1762607924
outdoorenthusiasts.space,up,mastodon,5,1,3867,1676218562
community.growregen.org,up,mastodon,5,46,1362,1720042603
mastodon.dubwise.dk,up,mastodon,5,669,8595,1726427156
wisperit.com,up,mastodon,5,4,945,1754415326
mstdn.jetzou.com,up,mastodon,5,333,5896,1677137535
mastodon.mallegolhansen.com,up,mastodon,5,6807,17614,1669326162
inari.click,up,mastodon,5,2356,6870,1612578266
metal.social,up,mastodon,5,9,599,1740640137
cailincat.cloud,up,mastodon,5,9226,17931,1653867820
social.wasscher.com,up,mastodon,5,39,10657,1651900458
social.griff.la,up,mastodon,5,466,6831,1677827915
pad.venzano.fr,up,mastodon,5,13876,8250,1675852944
mastodon.anesthetizeme.net,up,mastodon,5,192,9528,1687560148
beta7508.voyager.blue,up,mastodon,5,0,588,1747634108
social.openrightsgroup.org,up,mastodon,5,5513,22477,1669059018
thefantasy.pub,up,mastodon,5,100,5145,1752296248
akasa.red,up,mastodon,5,1351,2122,1668696381
mastodon.souperk.gr,up,mastodon,5,68,4752,1678220220
mastodon.despise.computer,up,mastodon,5,2565,13726,1698728072
fluffyfox.space,up,mastodon,5,3439,5431,1756206037
mastodon.longlandclan.id.au,up,mastodon,5,69093,19859,1671970907
mastodon.castlemistsoftware.com,up,mastodon,5,417,432,1731285737
social.oc.is,up,mastodon,5,3606,14633,1668205399
peoplegroup.social,up,mastodon,5,190,5238,1656656627
angelou.club,up,mastodon,5,1,10091,1668028498
neuropaganes.masto.host,up,mastodon,5,101,5540,1739429486
mastodon.trand.fr,up,mastodon,5,61,5655,1668369256
social.ars.electronica.art,up,mastodon,5,882,14719,1668606898
social.chatty.monster,up,mastodon,5,5390,25415,1667686357
mastodon.unsuspicious.website,up,mastodon,5,1091,7939,1651608241
don.academist.jp,up,mastodon,5,107,1179,1671243024
social.cms.garden,up,mastodon,5,23,2078,1668802304
social.dunamisnexus.net,up,mastodon,5,11,1123,1733236207
farts.social,up,mastodon,5,408,6990,1668335347
social.memes.nz,up,mastodon,5,459,12950,1667841310
chatsubo.bar,up,mastodon,5,844,14290,1677340122
dutchcaribbean.social,up,mastodon,5,91,3594,1669134029
grosshans.online,up,mastodon,5,318,21705,1665828585
social.devteams.at,up,mastodon,5,3855,16783,1667460612
rethinkplaces.social,up,mastodon,5,56,5421,1668785052
toot.nimantu.de,up,mastodon,5,284,10341,1651828231
meshed.cloud,up,mastodon,5,2038,25671,1651421092
social.accessiblegrace.org,up,mastodon,5,140,221,1722766447
snacka.org,up,mastodon,5,202,9117,1627358855
mastodon.kapler.family,up,mastodon,5,95,9742,1612578347
lavraievie.social,up,mastodon,5,17713,19771,1612578266
mastodon.nnn1590.org,up,mastodon,5,821,265,1614446956
mstdn.sheehanmiles.com,up,mastodon,5,556,12274,1667871444
masto.millforge.org,up,mastodon,5,178,6210,1745724348
mstdn.owu.one,up,mastodon,5,196,208,1740222773
mastodon.awo.agency,up,mastodon,5,136,3244,1669064968
mastodon.bgzashtita.es,up,mastodon,5,1912,11886,1646698248
masto.flong.us,up,mastodon,5,33,2396,1740218519
recs3601.online,up,mastodon,5,48,6,1742752519
tomodachi.gafea.net,up,mastodon,5,3,0,1717485119
plshug.me,up,mastodon,5,1392,21479,1627593082
social.megorei.net,up,mastodon,5,125,7571,1686328138
m.kretschmann.social,up,mastodon,5,30639,15016,1612578269
makervine.net,up,mastodon,5,2259,12207,1667455644
troet.yavin3.de,up,mastodon,5,1773,13324,1669897757
mastodon.cattail.uk,up,mastodon,5,16423,6931,1720405213
toot.ikata.co,up,mastodon,5,13674,9035,1668773857
social.b0t.at,up,mastodon,5,9918,12866,1668186652
bwa.social,up,mastodon,5,53,5908,1674378718
mstdn.studiofreesia.com,up,mastodon,5,3436,7449,1668909598
mstdn.kurame.net,up,mastodon,5,614,361,1689426195
60228.dev,up,mastodon,5,25039,23699,1612578267
social.pincade.com.au,up,mastodon,5,751,18371,1688538514
mastodon.myaddomain.org,up,mastodon,5,15,3055,1670137418
bogus.boo,up,mastodon,5,26,2840,1762817538
ihan.outo.la,up,mastodon,5,7286,13761,1737536024
toot.li,up,mastodon,5,567,3742,1612579013
mastodon.sunn.net,up,mastodon,5,20,9052,1667993722
mastodon.hopbox.net,up,mastodon,5,50,9756,1690205845
mastodon.3dgo.net,up,mastodon,5,29,10770,1669000886
ribeiro.social,up,mastodon,5,1069,13528,1612578345
prlic.social,up,mastodon,5,40,8729,1668408848
mastodon.pyramix.ca,up,mastodon,5,70,2158,1748003121
mastodon.drjpdns.com,up,mastodon,5,551,3638,1706904960
quarium.xyz,up,mastodon,5,2243,2766,1706098779
mastodon.samfira.com,up,mastodon,5,2223,17835,1667809489
m.pcgt.link,up,mastodon,5,1103,9418,1713004240
social.ancow.name,up,mastodon,5,65,7358,1651087820
foreveryou.ng,up,mastodon,5,153,7356,1746465868
i-nonaka.net,up,mastodon,5,14521,5821,1670883750
mensmaaktmooi.nl,up,mastodon,5,1099,6522,1652215256
social.project-insanity.org,up,mastodon,5,3253,14141,1700950492
pulpunte-chinpun.xyz,up,mastodon,5,99677,10520,1667653143
fotz.cc,up,mastodon,5,6,417,1646330162
social.electrafish.tech,up,mastodon,5,2922,15512,1668298788
fedi.erin.lgbt,up,mastodon,5,743,5071,1692440154
skoops.social,up,mastodon,5,14511,18505,1612578269
mastodon.home.dnlm.de,up,mastodon,5,1,609,1676740864
soundcafe.nl,up,mastodon,5,314,4768,1612578266
mammut.mx,up,mastodon,5,115,4883,1612578265
bookclub.masto.host,up,mastodon,5,223,10298,1672791190
yatil.social,up,mastodon,5,12482,20623,1679683700
social.adridoesthings.com,up,mastodon,5,7141,5047,1703256738
french-take.pt,up,mastodon,5,2175,9989,1741031552
shiro.dog,up,mastodon,5,379,16266,1612578269
pouet.evolix.org,up,mastodon,5,0,1725,1670010179
nonoino.masto.host,up,mastodon,5,238,10875,1720189415
konvergo.co.uk,up,mastodon,5,183,7330,1612578346
koreus.social,up,mastodon,5,2967,10805,1612579013
artsocial.boston,up,mastodon,5,880,11766,1691171178
mastobot.ping.moi,up,mastodon,5,65057,4103,1675268419
mastodon.woitschetzki.de,up,mastodon,5,136,10261,1689807944
neuss.social,up,mastodon,5,1685,4238,1704461339
mastodon.davinkevin.fr,up,mastodon,5,497,7386,1675434536
vyizis.tech,up,mastodon,5,17,10727,1682006358
social.dryan.com,up,mastodon,5,1293,13471,1667023084
psyopshop.com,up,mastodon,5,1673,15085,1612578269
social.zocradio.info,up,mastodon,5,8204,10856,1668910022
bristolnews.channel.org,up,mastodon,5,0,11,1751410085
makka.moe,up,mastodon,5,22042,195,1740232167
fedi.katze.sh,up,mastodon,5,545,14683,1665693835
ma.id10t.it,up,mastodon,5,1,2927,1668073656
fedi.wondernetwork.com,up,mastodon,5,89,1182,1691345456
breizh.social,up,mastodon,5,923,9649,1693336879
social.postomo.de,up,mastodon,5,310,994,1758248514
lifergeek.social,up,mastodon,5,896,8007,1706253226
the.goofs.space,up,mastodon,5,2084,136935,1612578266
mastodon.ddcloud.info,up,mastodon,5,1,10839,1671821792
yoitsu.moe,up,mastodon,5,847,8175,1612578266
kokoro.shugetsu.space,up,mastodon,5,1206,2816,1651747589
osmcast.social,up,mastodon,5,335,3606,1651121655
twipped.social,up,mastodon,5,19052,29470,1651157727
mastodon.openedx.uliege.be,up,mastodon,5,0,1142,1759431633
flownative.social,up,mastodon,5,1329,18300,1612578783
social.galaxy-control.org,up,mastodon,5,792,2427,1673706964
matthewbogart.com,up,mastodon,5,1523,16201,1678328611
pha.one,up,mastodon,5,15,4043,1677830562
nuacht.live,up,mastodon,5,13384,326,1759809765
weirdgone.pro,up,mastodon,5,476,12391,1612578269
vox.ominous.net,up,mastodon,5,527,10012,1760495602
bots.doo.dad,up,mastodon,5,699,337,1733211580
mastodon.moonling.nl,up,mastodon,5,25,1803,1689456913
ice-cream.social,up,mastodon,5,4,1674,1688512015
mastodon.anteiku.mydns.jp,up,mastodon,5,4690,25,1695710037
mijn.masto.host,up,mastodon,5,730,3702,1612578345
baltic.social,up,mastodon,5,86,3057,1666952402
focal.love,up,mastodon,5,933,22072,1684193166
grumpys.online,up,mastodon,5,7498,14439,1612578267
masto.nuteburn.com,up,mastodon,5,33,5491,1704950048
social.cavac.at,up,mastodon,5,621,7430,1668785799
fractalego.social,up,mastodon,5,1798,18566,1667586433
logjam.city,up,mastodon,5,11717,8838,1612578268
dumpster.social,up,mastodon,5,773,9918,1668154565
mastodononline.com,up,mastodon,5,12384,6413,1720658673
social.raytec.co,up,mastodon,5,13359,24344,1668246422
its.bencarneiro.com,up,mastodon,5,381,9874,1740217232
parasocial.network,up,mastodon,5,118,7093,1676529437
mastodon.stack.black,up,mastodon,5,143,10217,1667848738
mastodon.animint.fr,up,mastodon,5,2444,1476,1713159755
sosial.nyheimen.no,up,mastodon,5,111,8592,1708511955
giggle.social,up,mastodon,5,24,3595,1758906358
mstdn.pepepper.net,up,mastodon,5,443854,1550,1654929782
howseven.social,up,mastodon,5,33,721,1675410679
lammy.club,up,mastodon,5,14507,8079,1743190640
caw.corbode.com,up,mastodon,5,2932,9331,1740217705
qicx.net,up,mastodon,5,277,6016,1752072376
tibus.social,up,mastodon,5,1,17,1686608440
masto.top,up,mastodon,5,558,11604,1722523963
mastodon.gnomos.org,up,mastodon,5,1038,15447,1650525048
mastodon.bitcoin.ninja,up,mastodon,5,580,16450,1667782990
agilodon.social,up,mastodon,5,7405,18871,1667951095
marcotte.party,up,mastodon,5,216,8388,1669757954
torsten.cz,up,mastodon,5,298,6035,1690490541
mastodon.misty.garden,up,mastodon,5,383,7122,1673042694
mastodon.maho-do.jp,up,mastodon,5,388,5399,1612578268
mastodon.24bit48khz.de,up,mastodon,5,989,3346,1671226416
ribbit.froggirl.club,up,mastodon,5,885,15226,1687180070
sv1.in-deep.blue,up,mastodon,5,9108,11566,1669812887
alleysmith.family,up,mastodon,5,1107,3759,1669263794
socials.thundercleess.com,up,mastodon,5,62,2134,1744292956
twexit.de,up,mastodon,5,335,5720,1693282304
wordnik.social,up,mastodon,5,18,2808,1667662738
u.miaomiao.li,up,mastodon,5,1058,57506,1671539101
comfy.blue,up,mastodon,5,6160,7834,1671078402
social.luap42.de,up,mastodon,5,1476,1955,1677297450
mstdn.syoshida.org,up,mastodon,5,10576,6,1612582166
yazoocity.us,up,mastodon,5,73,7118,1741490663
s.mysw.moe,up,mastodon,5,21730,4146,1668133191
mastodon.bentasker.co.uk,up,mastodon,5,2224,32089,1668349148
mastodon.lithium03.info,up,mastodon,5,37047,16948,1612578270
astrum.social,up,mastodon,5,26,7317,1675520254
social.teamb.space,up,mastodon,5,1510,9682,1668952825
echoes.stolen.day,up,mastodon,5,1819,60509,1651785090
nekogenesis.com,up,mastodon,5,6,1714,1668087891
mastodon.plus.agency,up,mastodon,5,5,1606,1741738201
mastodon.xethos.net,up,mastodon,5,235,15869,1657834969
mastodon.degroenecup.nl,up,mastodon,5,628,6589,1734803313
mastodon.mjksoftware.de,up,mastodon,5,11,1240,1744346196
two-bits.org,up,mastodon,5,641,11612,1668323495
mamutut.space,up,mastodon,5,1736,13715,1668098011
mastodon.n5h.co,up,mastodon,5,4818,7214,1718690804
astro.clinic,up,mastodon,5,64,235,1612578348
decco.net,up,mastodon,5,5583,2571,1671488600
mastodon.transportevolved.com,up,mastodon,5,1779,9860,1669104374
icom.lol,up,mastodon,5,38,2764,1704130051
awoo.studio,up,mastodon,5,33,5796,1669081168
social.anthro.fun,up,mastodon,5,255,14160,1672380619
solutionpoint.in,up,mastodon,5,63,3472,1671596905
mstdn.nostalgia-tns.net,up,mastodon,5,3585,4835,1675705979
pavlidis.top,up,mastodon,5,17,106,1766120196
mastodon.teccave.de,up,mastodon,5,4,872,1752075942
mstdn.o-nature-culture.net,up,mastodon,5,1532,6677,1669775134
friendzone.social,up,mastodon,5,401,7489,1612578349
wellesley200.masto.host,up,mastodon,5,103,14,1718351557
social.dezinezync.com,up,mastodon,5,6546,13481,1668450715
social.ei8fdb.org,up,mastodon,5,1813,11347,1612578266
toot.kotocoop.org,up,mastodon,5,88,6813,1667821346
social.x4s.it,up,mastodon,5,9,2578,1717044557
taverne-zum-wanderer.de,up,mastodon,5,34,1581,1693483741
splodge.fluff.org,up,mastodon,5,1497,10136,1668805480
turtlesallthewaydown.com,up,mastodon,5,3,7306,1740217390
mastodon.grml.de,up,mastodon,5,6315,13829,1612578348
secondarylocation.garden,up,mastodon,5,1,1,1765874798
tutu.social,up,mastodon,5,3,10205,1720975942
social.podsnack.se,up,mastodon,5,502,4767,1690884682
don.paltee.net,up,mastodon,5,28233,5299,1651954031
afternoonauthor.online,up,mastodon,5,12,1425,1668959087
mazaska.social,up,mastodon,5,887,13090,1668577389
mastodon.chateaude.luxe,up,mastodon,5,1882,17279,1676757015
edamame.social,up,mastodon,5,223,5746,1725830059
mastodon.infinitelibraries.com,up,mastodon,5,936,99337,1670386692
dysfunction.social,up,mastodon,5,351,7428,1671329386
mastodon.ping.de,up,mastodon,5,241,5198,1710410025
toots.niark.nexus,up,mastodon,5,1356,14081,1690995215
chattingdarkly.org,up,mastodon,5,4113,66378,1672353571
social.tonfabrik.at,up,mastodon,5,5,3455,1753707162
mastodon.blablalinux.be,up,mastodon,5,1528,8514,1740217156
amateurfunk.social,up,mastodon,5,1,7768,1672565340
mamoswine.pkmn.cloud,up,mastodon,5,25,5,1684124988
social.frog.fashion,up,mastodon,5,304,9295,1645395078
mastodon.naomina121.com,up,mastodon,5,181,5,1765521560
tcp.fm,up,mastodon,5,603,10532,1675481974
hilo00.hostdon.ne.jp,up,mastodon,5,64,1555,1712505535
mastodon.jeckyll.net,up,mastodon,5,430962,6268,1667818911
mastodon.bzh,up,mastodon,5,1,1,1698859398
wellduck.me,up,mastodon,5,9882,19906,1660090781
opsone.social,up,mastodon,5,187,8077,1669051424
twitoot.com,up,mastodon,5,210,8203,1740217288
teamfmradio.com,up,mastodon,5,2704,3964,1683138477
m.consultatron.com,up,mastodon,5,15,4356,1740221284
mastodon.clusterfucks.nl,up,mastodon,5,1150,21068,1671494438
indiefilmmakers.social,up,mastodon,5,246,7797,1747340467
m.uwuntu.org,up,mastodon,5,259,5738,1691366909
curia.social-network.europa.eu,up,mastodon,5,914,7838,1718610957
vgn.church,up,mastodon,5,389,8601,1691797759
mas.wrong.tools,up,mastodon,5,5998,21385,1668905827
blub.social,up,mastodon,5,6,1554,1673426350
social.lazymedia.media,up,mastodon,5,3,9,1700708509
social.fa-fo.de,up,mastodon,5,94,8916,1721996657
social.michaelspost.com,up,mastodon,5,0,892,1741696428
social.lom.audio,up,mastodon,5,141,3779,1740217719
sieg-dragon.blue,up,mastodon,5,10642,1885,1674374585
m.jinwei.me,up,mastodon,5,19879,11690,1620457610
mastodon.ip6.li,up,mastodon,5,286,9210,1750406780
social.karabro.net,up,mastodon,5,25,800,1672084015
social.caskey-demaret.se,up,mastodon,5,1341,12531,1667726494
tardis.team,up,mastodon,5,2899,18440,1678927305
prtlnd.org,up,mastodon,5,94,4056,1741907328
bertshouse.social,up,mastodon,5,56437,41832,1672169202
aber.social,up,mastodon,5,5,11,1755444234
theapex.social,up,mastodon,5,7182,4641,1612578271
social.sfbi.fr,up,mastodon,5,92,299,1747317729
mastodon.treegecko.com,up,mastodon,5,183,9102,1652223939
social.0x705h.com,up,mastodon,5,145,6378,1676044002
social.tpapak.com,up,mastodon,5,256,8532,1668964574
wireless-iot.social,up,mastodon,5,554,3308,1651413771
lizards.live,up,mastodon,5,204175,26693,1612578266
awoo.chown.me,up,mastodon,5,24517,11864,1612578267
mastodon.varjonvalo.fi,up,mastodon,5,1342,6887,1711806279
monarchists.uk,up,mastodon,5,71,9039,1678021810
steloj.xyz,up,mastodon,5,125,941,1705793962
mas.homeofcode.com,up,mastodon,5,302,7,1743455328
sculpin.social,up,mastodon,5,3375,10711,1640914959
toon.social,up,mastodon,5,1719,15984,1644922587
massivedong.social,up,mastodon,5,20,1811,1739308778
tffp.masto.host,up,mastodon,5,698,15396,1684109136
social.kontrollapparat.de,up,mastodon,5,2180,10469,1669830316
mastodon.gsugambit.com,up,mastodon,5,414,6912,1612578266
yyds.re,up,mastodon,5,71,434,1740906442
tootworld.social,up,mastodon,5,97,3936,1687050613
social.sceneworld.org,up,mastodon,5,518,12440,1672586976
mastodon.li7g.com,up,mastodon,5,4,5069,1668198400
social.archworks.co,up,mastodon,5,981,15673,1687631247
social.oshan.studio,up,mastodon,5,0,4419,1732108983
social.rkowl.com,up,mastodon,5,176,14462,1672042124
social.ffl.name,up,mastodon,5,21,741,1694172656
mastodon.wootton.dev,up,mastodon,5,5472,9085,1678348341
social.breisgaucave.de,up,mastodon,5,27,4843,1712082964
mastodon.naugrim.org,up,mastodon,5,1,7808,1686684173
mstdn.alicia.ne.jp,up,mastodon,5,10779,3947,1612578268
wallonie-bruxelles.social,up,mastodon,5,4655,6944,1672168350
mastodon.merkel.info,up,mastodon,5,1967,16759,1668963891
mastodon.runninginthenight.com,up,mastodon,5,104,5543,1617291353
greifswald.lgbt,up,mastodon,5,626,11774,1697092625
social.smekal.at,up,mastodon,5,266,2919,1669601445
mastodon.firo.org,up,mastodon,5,1,3,1669276531
mastodon.blueworlds.org,up,mastodon,5,6,2365,1669134029
social.harding.dev,up,mastodon,5,609,14942,1672194272
social.nebula.lgbt,up,mastodon,5,1155,19111,1679807629
social.wieser-hv.de,up,mastodon,5,8,4634,1612578266
shmg.online,up,mastodon,5,11294,18917,1671528654
social.ssbx.dev,up,mastodon,5,633,10070,1612578269
hobbitwhispers.social,up,mastodon,5,1181,5642,1757978094
mastodon.kevinhooke.com,up,mastodon,5,2982,1765,1732129368
musclecafe.men,up,mastodon,5,139,7751,1746479488
morrow.social,up,mastodon,5,19,5677,1668904959
social.xin.cat,up,mastodon,5,833,16804,1612578265
social.doggoat.de,up,mastodon,5,1575,17580,1685489767
toot.quebec,up,mastodon,5,1079,7003,1670138402
alentours.cc,up,mastodon,5,779,13540,1668105171
social.screamingatmyscreen.com,up,mastodon,5,11178,20759,1651075967
honeycomb.engineer,up,mastodon,5,11057,13809,1709295390
social.zentonic.org,up,mastodon,5,30,5006,1667693769
social.inter-mundos.de,up,mastodon,5,84,5856,1639649496
social.apfelfunk.com,up,mastodon,5,3700,15608,1668463314
radz-at-han.city,up,mastodon,5,0,479,1688517471
social.meteocon.com,up,mastodon,5,777,1594,1677392886
social.exs.gay,up,mastodon,5,74,9132,1677710975
kardiologie.olching.social,up,mastodon,5,3,3,1747479336
micro.rzhi.xyz,up,mastodon,5,764,608,1740217213
social.crablab.uk,up,mastodon,5,6182,19716,1704040892
megalonyx.social,up,mastodon,5,1255,14457,1668740298
masto-lab-01.arewesecureyet.org,up,mastodon,5,54,57,1699696961
social.purrucker.de,up,mastodon,5,1090,8052,1676574806
fietkau.social,up,mastodon,5,4127,24001,1667810465
social.roteserver.de,up,mastodon,5,175,6011,1621799231
fediverse.nicknisi.com,up,mastodon,5,442,10687,1674509484
battle7.net,up,mastodon,5,0,582,1689221304
mastodon.niu.ne.jp,up,mastodon,5,101,539,1612579013
mastodon.tuxtendo.nl,up,mastodon,5,146,16856,1669615222
mastodon.lothlorien.net,up,mastodon,5,2919,105211,1667932482
smithtodon.org,up,mastodon,5,6090,12980,1676788333
welt.all.de,up,mastodon,5,1262,11439,1612578267
adalta.social,up,mastodon,5,13547,7571,1762502539
mastodon.postmoderns.info,up,mastodon,4,2258,8195,1612578269
mastodon.fedigleis.de,up,mastodon,4,3,25,1767075542
social.lex-blog.eu,up,mastodon,4,275,6146,1671557215
social.mtrichardson.com,up,mastodon,4,216,8149,1667458558
mastodon.rubywhite.com,up,mastodon,4,304,10900,1672802739
actu.blois.fr,up,mastodon,4,834,4630,1760989351
8bitar.io,up,mastodon,4,3,6910,1682436010
fedi.nzyme.org,up,mastodon,4,1313,13760,1699926256
toot.chattanooga.digital,up,mastodon,4,19,82,1765264917
social.ryno.cc,up,mastodon,4,3592,3839,1731617050
is.burntout.org,up,mastodon,4,5843,20955,1668941432
whisper.tf,up,mastodon,4,4055,18080,1612578266
mastodon.naturalorder.me,up,mastodon,4,2274,17156,1671474465
social.procolix.eu,up,mastodon,4,18,4254,1757074888
mastodon.chanchotec.com,up,mastodon,4,56,817,1705511465
mastodon.hgs.moe,up,mastodon,4,36,6420,1669101049
social.wilboard.nl,up,mastodon,4,17,8311,1612585289
bagua.social,up,mastodon,4,0,4404,1740217144
fra.kt.al,up,mastodon,4,0,47,1714076868
mastodon.llamachile.tube,up,mastodon,4,255,2295,1740221730
mastodon.raikee.fi,up,mastodon,4,104,7652,1690464208
fedi.kcore.org,up,mastodon,4,15261,19471,1667828407
noventech.social,up,mastodon,4,26,4544,1670094298
social.param.codes,up,mastodon,4,15407,2021,1675521052
fabulous.social,up,mastodon,4,363,10148,1674927449
mst.muiiio.com,up,mastodon,4,14302,27528,1668553703
talk.mls20.de,up,mastodon,4,287,6668,1667609299
qlub.dev.fedihost.ca,up,mastodon,4,7,16,1764656315
masatodon.net,up,mastodon,4,41118,1932,1677643510
www.justanothercolorado.family,up,mastodon,4,40,1497,1753340346
takoverse.syutin.com,up,mastodon,4,4893,13803,1675931846
zombofant.net,up,mastodon,4,746,14920,1676722342
social.twei7.com,up,mastodon,4,73,0,1612586174
mtdn.anyqn.com,up,mastodon,4,19833,16248,1668835386
xn--t8j1bd0a4k.xn--q9jyb4c,up,mastodon,4,862,8286,1676183345
social.interlunium.nl,up,mastodon,4,116,2675,1764571484
datachimps.eu,up,mastodon,4,3790,13061,1703268951
mstdn.co.uk,up,mastodon,4,6585,11697,1645816308
spondr.cz,up,mastodon,4,4245,19431,1667227318
brunic.com,up,mastodon,4,62,7,1706114249
extraplanet.masto.host,up,mastodon,4,1,29,1724415960
mastodon.my.id,up,mastodon,4,106,2785,1668111496
aliensoup.social,up,mastodon,4,73,4359,1668242050
social.cyberspark.co.uk,up,mastodon,4,0,231,1675914504
notorious.gay,up,mastodon,4,2,14111,1651004483
brignell.co,up,mastodon,4,1257,10640,1612578268
770ml.me,up,mastodon,4,995,6970,1719696287
wybt.net,up,mastodon,4,11736,19796,1667173719
altstore.masto.host,up,mastodon,4,153,101,1746942652
happytobehe.re,up,mastodon,4,13843,8295,1616475273
mastodon.maymundere.org,up,mastodon,4,25,3704,1762283843
mastodon.maxynetwork.it,up,mastodon,4,10,9884,1696876651
mammut.moe,up,mastodon,4,4315,18748,1667948614
mastodon.mozysswamp.com,up,mastodon,4,23,3582,1730788529
social.masi.family,up,mastodon,4,3,1918,1620878723
zeitung.social,up,mastodon,4,126,5469,1682578807
ratingen.social,up,mastodon,4,804,121211,1668297096
sn.rongyi.io,up,mastodon,4,433,5684,1681216025
social.programmier.bar,up,mastodon,4,288,1505,1703424102
toot.salted.fish,up,mastodon,4,161,10675,1679876220
we.tei.li,up,mastodon,4,16,4019,1670230143
void.masto.host,up,mastodon,4,15331,2,1746280025
toot.monny.cloud,up,mastodon,4,1636,16746,1667224399
b0o1y.com,up,mastodon,4,149,1320,1671730352
atlbbs.com,up,mastodon,4,6091,6051,1712780496
social.neonpaws.digital,up,mastodon,4,367,14152,1730658413
mtd.task.vc,up,mastodon,4,5,9,1682988399
xn--trt-tna.wala2x.de,up,mastodon,4,379,6980,1667038694
m.heine.xyz,up,mastodon,4,45176,17817,1612578268
silvan.cloud,up,mastodon,4,5513,17082,1667974294
social.participate.at,up,mastodon,4,0,1282,1740231910
pancake.place,up,mastodon,4,2157,15847,1667338378
latenight.social,up,mastodon,4,653,10858,1688206677
foothills.social,up,mastodon,4,8247,8409,1762087308
raikow.online,up,mastodon,4,18,3491,1671278492
mastodon.igl.ooo,up,mastodon,4,65,4358,1688857354
mastodon.bestiver.se,up,mastodon,4,24,13428,1725550454
mastodon.squarecows.com,up,mastodon,4,15246,15926,1718507935
mastodon.f-si.org,up,mastodon,4,96,13684,1612578266
mastodon.snld.ca,up,mastodon,4,226,9552,1674978293
social.kevjack.eu,up,mastodon,4,40,5649,1667693769
anglophone.world,up,mastodon,4,16,4203,1710406604
social.granularperspective.com,up,mastodon,4,825,11309,1675294937
mastodon.constant.social,up,mastodon,4,1026,7406,1674014661
hax.social,up,mastodon,4,4444,25411,1675496673
social.thelab.uno,up,mastodon,4,631,3960,1761677901
gatorcountry.club,up,mastodon,4,39,35,1682307978
mastodon.southcoastgeek.uk,up,mastodon,4,447,7822,1670781191
freundliches.de,up,mastodon,4,17,868,1672372919
mastodon.schweren.dev,up,mastodon,4,650,11417,1694210425
bots.blakeeskin.com,up,mastodon,4,5935,502,1740217232
social.nixfox.ca,up,mastodon,4,84,2681,1743622333
tootzi.ch,up,mastodon,4,5,860,1690997845
mastodon.vshn.social,up,mastodon,4,315,6151,1709305273
nolabooks.social,up,mastodon,4,4595,4008,1688492246
social.drenth.xyz,up,mastodon,4,140,9814,1672701809
blob.love,up,mastodon,4,37930,18808,1714178619
mastodon.leprette.fr,up,mastodon,4,455,6334,1724745942
mastodon.cloud.karagory.com,up,mastodon,4,564,22038,1612578267
taciturn.social,up,mastodon,4,26,8352,1667792203
buttsex.restaurant,up,mastodon,4,482,2271,1669647488
mastodon.jisaba.life,up,mastodon,4,291,1590,1673635686
mst.nekonohige.jp,up,mastodon,4,482,41,1708977937
pouet.pas.la,up,mastodon,4,1481,14082,1669832813
pub.frostillic.us,up,mastodon,4,3772,14007,1667863736
social.mollejuo.com,up,mastodon,4,9203,7773,1693438451
empty.cafe,up,mastodon,4,2065,14507,1612578388
coven.social,up,mastodon,4,20,804,1745605535
m.nov.im,up,mastodon,4,226,65,1670879532
iconfactory.world,up,mastodon,4,2777,11643,1674515477
social.nozbe.com,up,mastodon,4,1563,7129,1675755873
social.mezzo.moe,up,mastodon,4,7113,21456,1612578270
m.trusty.town,up,mastodon,4,68,463,1730503626
mstdn.nial.to,up,mastodon,4,2,2172,1667470725
mastod.no,up,mastodon,4,3712,8773,1667906466
vapeslurry.social,up,mastodon,4,40,4464,1672296838
soc.sekundenklebertransportverbot.de,up,mastodon,4,58245,20860,1704913028
toot.kennery.com,up,mastodon,4,130,14123,1668064184
tootbots.social,up,mastodon,4,2175,2184,1740221730
librefeed.top,up,mastodon,4,11,2588,1740220697
social.sveken.au,up,mastodon,4,791,10435,1690364788
logoff.website,up,mastodon,4,7021,21369,1667814208
sanguinem.space,up,mastodon,4,169675,18485,1612578269
m.foxxmd.social,up,mastodon,4,107,5637,1740217390
buvette.club,up,mastodon,4,24,2461,1740218144
mastodon.thbase.net,up,mastodon,4,318,3497,1724125473
summerhill.cafe,up,mastodon,4,2723,1142,1690291585
mstdn.ingrats.net,up,mastodon,4,33998,7777,1671585525
mastodon.vervainglobal.com,up,mastodon,4,540,8317,1715033206
face-house.fedicity.net,up,mastodon,4,6422,219,1708874679
app.kingsglobalfunding.world,up,mastodon,4,339,2445,1754119049
media.sund-fornuft.dk,up,mastodon,4,93,326,1722972040
mastodon.qowala.org,up,mastodon,4,2159,14293,1612578269
social.telemetrydeck.com,up,mastodon,4,19023,29607,1667735715
kyuti.es,up,mastodon,4,70,3792,1719523714
toot.fs.al,up,mastodon,4,40,538,1671682421
social.zoeyvid.de,up,mastodon,4,137,23780,1669482306
wizzards.club,up,mastodon,4,531,14314,1612578266
mastodon.nissesdomain.org,up,mastodon,4,354,2306,1678757553
mastodon.andrewbversfeld.co.za,up,mastodon,4,85,3341,1687887991
orctavern.pub,up,mastodon,4,4219,10339,1621839168
mnstdn.monster,up,mastodon,4,4551,15745,1683757716
md.muyactual.com,up,mastodon,4,11,2417,1695755577
freespeech.chat,up,mastodon,4,449,4927,1668303362
mast.swfindercore.org,up,mastodon,4,59,14503,1731531392
toot.plus.yt,up,mastodon,4,4287,15192,1612578268
mieth.social,up,mastodon,4,3287,7573,1651509245
m.posterdati.it,up,mastodon,4,254,10440,1673523354
bcast.guru,up,mastodon,4,258,13833,1669414585
masto.fuzzy.systems,up,mastodon,4,12321,18009,1612578269
miui.one,up,mastodon,4,57,3758,1755839512
lunya.gay,up,mastodon,4,609,2858,1763669979
social.wiredancer.hu,up,mastodon,4,16,2611,1710109316
mastodon.mossy.page,up,mastodon,4,517,13506,1688328653
mastodon.desord.re,up,mastodon,4,795,8952,1612578269
chaos-gp.social,up,mastodon,4,34,4520,1675454080
mastodon.elandrion.net,up,mastodon,4,63,4488,1673949007
mastodon.j-makoto.online,up,mastodon,4,294,50,1762431976
wlslymast.com,up,mastodon,4,4,9,1715388216
mastodon.rzgierskopp.de,up,mastodon,4,2149,13903,1658542830
mckellar.social,up,mastodon,4,1817,15127,1612578271
social.duclaria.com,up,mastodon,4,1618,7953,1691540815
svrdn.drillion.net,up,mastodon,4,3653,6081,1612578344
wrannek.me,up,mastodon,4,72,4383,1675751419
m.knucklebones.rip,up,mastodon,4,2985,8209,1708329022
findtennispartner.eu,up,mastodon,4,19,2148,1753605161
rubi.masto.host,up,mastodon,4,425,3947,1678803060
tootsweet.social,up,mastodon,4,4602,17777,1667954577
social.fro.ge,up,mastodon,4,1156,18490,1670407637
posts.digitaldemocracies.org,up,mastodon,4,2,112,1674723217
poorlyrendered.com,up,mastodon,4,3366,15875,1676258169
s.pebcak.de,up,mastodon,4,1988,12160,1668804989
social.savemy.name,up,mastodon,4,151,9403,1653178169
social.jpoehnelt.dev,up,mastodon,4,38,5341,1712338179
achi.masto.host,up,mastodon,4,121047,12263,1612578266
thorium.masto.host,up,mastodon,4,3,0,1762187415
social.baubs.net,up,mastodon,4,79,10453,1668242356
nesting.garden,up,mastodon,4,219,2616,1761490373
mastodon.root.rs,up,mastodon,4,1,1597,1749910878
mrcippy.xyz,up,mastodon,4,1372,6311,1671566853
cybr.es,up,mastodon,4,268,9646,1612578269
mastodon.undef.org.uk,up,mastodon,4,107,7156,1704073210
social.van.buu.re,up,mastodon,4,8647,14590,1676117192
honeybank.net,up,mastodon,4,47,3378,1707267871
social.muchametow.de,up,mastodon,4,2,2955,1677565310
euproject.info,up,mastodon,4,200,4926,1707176832
social.iwascoding.com,up,mastodon,4,1561,7040,1671221773
beo.social,up,mastodon,4,478,1468,1667755643
secretstage.club,up,mastodon,4,124,2340,1678334703
mediasres.masto.host,up,mastodon,4,10,8,1742376438
status.kinlan.me,up,mastodon,4,1504,20487,1667571696
paopu.social,up,mastodon,4,560,4463,1688311894
recluse.social,up,mastodon,4,36,5796,1671667266
dreampods.space,up,mastodon,4,71,6,1740227518
cousteaudivers.social,up,mastodon,4,7,13009,1687279965
divas.joburg,up,mastodon,4,2417,12774,1651237902
hueck.social,up,mastodon,4,50,6522,1671472360
uksocial.net,up,mastodon,4,27,687,1612578271
squatch.online,up,mastodon,4,1035,12056,1721634124
sosyal.mavzer.org,up,mastodon,4,19,851,1764020227
social.nowicki.io,up,mastodon,4,6462,11465,1668132431
mastodon.dtris.moe,up,mastodon,4,7,1215,1681639790
guelph.social,up,mastodon,4,575,10541,1726116630
social.elia.garden,up,mastodon,4,569,5743,1703548733
mitente.club,up,mastodon,4,25,4794,1668348679
mastodon.haojia-wu.com,up,mastodon,4,177,5627,1669684589
m.hirad.it,up,mastodon,4,11049,20957,1690246592
me.pptry.info,up,mastodon,4,160,26,1691748651
mastodon.iftas.org,up,mastodon,4,1796,24532,1683138477
io.waxandleather.com,up,mastodon,4,12630,26413,1668386140
mastodon-test.thenexus.today,up,mastodon,4,6,2754,1712810481
social.odenseye.wiki,up,mastodon,4,15,2271,1740221928
social.vleij.com,up,mastodon,4,434,27010,1667464155
metcha.me,up,mastodon,4,513,16076,1667748520
mastodon.spencergreenhalgh.com,up,mastodon,4,98,4456,1740217447
partychickens.net,up,mastodon,4,872,8338,1747102824
fedimonster.de,up,mastodon,4,4396,10146,1728568389
pub.str.rs,up,mastodon,4,0,5311,1687012623
royalrainbow.link,up,mastodon,4,6396,571,1718421394
getthefuck.in,up,mastodon,4,7,0,1740252552
techotakugamerz.com,up,mastodon,4,71,2187,1670372218
social.ratte.dev,up,mastodon,4,227,2680,1720358806
neph.social,up,mastodon,4,55,3194,1695420573
hadan.social,up,mastodon,4,1641,10272,1745750227
ingenthron.social,up,mastodon,4,2661,14151,1722109910
toot.jimmygulp.co.uk,up,mastodon,4,133,7377,1668019618
woods.secretbearsociety.org,up,mastodon,4,1727,10611,1728834896
f-t.net.pl,up,mastodon,4,7838,11536,1675357298
social.shuttle.eu,up,mastodon,4,67,3555,1740217448
devco.social,up,mastodon,4,3294,15561,1669232608
oogy.club,up,mastodon,4,24,4514,1672116837
social.luebcke.eu,up,mastodon,4,0,21,1740457932
social.bopinions.de,up,mastodon,4,3574,13596,1667396667
etc.passwd.org,up,mastodon,4,89,7334,1668904985
uberspace.social,up,mastodon,4,2322,16037,1612578267
weyr.social,up,mastodon,4,279,4722,1668484423
i.wildserver.ru,up,mastodon,4,342,5555,1709642468
social.menzel.lol,up,mastodon,4,353,9600,1713042883
lookup.citizenskies.com,up,mastodon,4,27,2126,1765305352
mastodon.lymecraft.com,up,mastodon,4,6,33,1740601317
silence.horse,up,mastodon,4,6123,3438,1664780094
nofed01.heguro.com,up,mastodon,4,51,3,1665893213
preprod-mastodon.mathnum.inrae.fr,up,mastodon,4,2,1,1750333769
mastodon.aads.cloud,up,mastodon,4,1,8298,1740353649
upp2.com,up,mastodon,4,619,8749,1612578781
giersig.net,up,mastodon,4,2581,12649,1667044518
vivatucson.net,up,mastodon,4,8,1344,1675029933
confessional.social,up,mastodon,4,10,1163,1757632070
mastodon.nyanstorm.fun,up,mastodon,4,3784,3711,1705798464
mastodon.kotet.jp,up,mastodon,4,2188,9234,1671494690
masto.method.run,up,mastodon,4,53,3512,1745820845
mstdn2.ht164.jp,up,mastodon,4,5875,6031,1668296074
mastodon.transition-citoyenne.org,up,mastodon,4,0,229,1749216878
landshut.social,up,mastodon,4,49,462,1675146610
i.tomlab.ai,up,mastodon,4,0,5219,1755444653
v-insanity.com,up,mastodon,4,1546,2931,1612578266
mastodon.internetcleanup.foundation,up,mastodon,4,16,2254,1741816592
ricard.social,up,mastodon,4,5750,10247,1666325128
toots.258990001.xyz,up,mastodon,4,7,8,1694281178
us.woundclinic.space,up,mastodon,4,24,1035,1674790611
mastodon.gruenheide.social,up,mastodon,4,3,368,1752253550
manohitotoki.com,up,mastodon,4,6079,380,1689853729
kapteinis.lv,up,mastodon,4,5617,13346,1723117245
social.smanettoni.ovh,up,mastodon,4,2,1759,1763553807
chain.closetoya.com,up,mastodon,4,36,5849,1676991741
mastodon.enlightware.ch,up,mastodon,4,41,3189,1669525362
sciencefictionspacecraft.social,up,mastodon,4,200,8074,1752395010
social.sergeant.net,up,mastodon,4,601,11514,1667076961
mastodon.zeckenbu.de,up,mastodon,4,124,3378,1759431405
cijber.social,up,mastodon,4,21588,22244,1612578269
iguana.masto.host,up,mastodon,4,151,5335,1667698914
mastodon.cosmicnation.co,up,mastodon,4,4791,16536,1668315494
social.tsd.zone,up,mastodon,4,14,3101,1689805526
m.ocsf.in,up,mastodon,4,11549,7314,1655948186
myapple.social,up,mastodon,4,4210,3038,1674778761
blue.yuv.pink,up,mastodon,4,65,10700,1650911695
social.nikkasystems.com,up,mastodon,4,1992,12490,1690629078
akasaka.org,up,mastodon,4,59,1,1708706073
social.datasolace.com,up,mastodon,4,89,3117,1729521629
sumanko.com,up,mastodon,4,32973,16677,1691322105
txnet.social,up,mastodon,4,30,10122,1669679243
amaurot.city,up,mastodon,4,16566,4740,1668106385
social.lein.us,up,mastodon,4,1326,9282,1682296368
thepride.network,up,mastodon,4,124,4124,1760580328
masto.onurb.net,up,mastodon,4,98,14811,1676883250
mastodon.lermer.nl,up,mastodon,4,6930,8495,1612578267
sns.mszpro.com,up,mastodon,4,336,5510,1668906793
mastodon.roessner-online.de,up,mastodon,4,13,2837,1668904971
fluff.avery.lgbt,up,mastodon,4,76,5754,1750185095
apple2.org.za,up,mastodon,4,12,4693,1655930219
objc.social,up,mastodon,4,1640,12111,1675725093
mastodon.upx.moe,up,mastodon,4,3014,400,1693577445
squeaky.social,up,mastodon,4,3698,10174,1612578345
mstdn.chrisalemany.ca,up,mastodon,4,50243,24122,1673932186
commonsunite.com,up,mastodon,4,3,169,1765918147
mastodon.0xd8.dk,up,mastodon,4,43,5729,1699573699
mahiro222.fedicity.net,up,mastodon,4,167,6531,1705240715
mastodon.futurelab.social,up,mastodon,4,797,11542,1669148564
social.ioputting.com,up,mastodon,4,25,21,1764579209
mstdn.4ushiyu.jp,up,mastodon,4,4956,270,1685654187
tur.bot,up,mastodon,4,0,6482,1670039659
isuri.eu,up,mastodon,4,60,8624,1760032552
moss.church,up,mastodon,4,917,6650,1612578348
draconity.me,up,mastodon,4,1217,9722,1718729670
mastodon.haan.social,up,mastodon,4,1,483,1766807578
mastodon.addo.art,up,mastodon,4,10,232,1699837644
netcup.cafe,up,mastodon,4,455,2853,1703298617
betagravity.com,up,mastodon,4,1166,13953,1668769134
social.wohlfarth.name,up,mastodon,4,653,12266,1673022856
toot.matereal.eu,up,mastodon,4,185997,31368,1612578266
nekton.social,up,mastodon,4,5,3192,1669527677
yabtm.us,up,mastodon,4,127,5343,1671006160
provably.online,up,mastodon,4,11999,13790,1726260292
mstdn.pokete.com,up,mastodon,4,8817,8845,1675685804
mastodon.0xcb.dev,up,mastodon,4,225,4181,1688334556
labo.nora.social,up,mastodon,4,280,1794,1691750065
social.butterknifeestates.com,up,mastodon,4,114,6612,1612578714
mastodon.gfc.rocks,up,mastodon,4,578,4225,1713691987
toot.sissom.net,up,mastodon,4,18,11819,1670538080
togl.me,up,mastodon,4,3060,16907,1668302044
beautifullosers.org,up,mastodon,4,10856,6960,1695591899
mastodon.yuangezhizao.cn,up,mastodon,4,18145,112,1657873915
www.afcolegiado.app,up,mastodon,4,10010,933,1674668021
daxuanempire.com,up,mastodon,4,610,3890,1744767114
mochi.social,up,mastodon,4,3,3195,1668159385
mastodon.f4n.de,up,mastodon,4,67,8766,1641643891
socialnet.turnsys.com,up,mastodon,4,244,408,1749849334
mastodon.blip.rocklin.dev,up,mastodon,4,811,7626,1668371195
pub.welter.rocks,up,mastodon,4,6,1,1740227518
mastodon.pixiecatsupreme.com,up,mastodon,4,8152,2831,1744540008
dwx.social,up,mastodon,4,524,2649,1676475251
f.bumblebee.systems,up,mastodon,4,99,11852,1729038803
japanwi.de,up,mastodon,4,605,1807,1740224398
mastodon.binarygnome.com,up,mastodon,4,30,7613,1730135064
montpellier.buzz,up,mastodon,4,1286,8466,1612578345
ericscouten.social,up,mastodon,4,368,10468,1674425273
elbmatsch.de,up,mastodon,4,28271,25680,1612578442
mastodon.s.wrongplace.be,up,mastodon,4,7,812,1612578348
masto.gotestsec.net,up,mastodon,4,17,814,1759161399
chswx.social,up,mastodon,4,6857,6409,1675212183
social.lsnet.eu,up,mastodon,4,12637,15731,1612578266
mastodon.thewarrens.name,up,mastodon,4,1121,15290,1612578269
xn--00w656a.xn--2os22eixx6na.xn--kpry57d,up,mastodon,4,18974,7003,1689662066
social.koti.site,up,mastodon,4,458,14522,1612578442
backyard.cloud,up,mastodon,4,16825,7725,1612578269
art-software.fr,up,mastodon,4,14288,17277,1621956108
mastodon.dangelodario.it,up,mastodon,4,2890,1449,1745484610
m.tsubasa.moe,up,mastodon,4,368,4780,1729617107
darkraislegs.org,up,mastodon,4,889,1382,1758233369
tusky.pink,up,mastodon,4,1096,11437,1683720981
social.metaways.de,up,mastodon,4,15,230,1682703666
shiina.cafe,up,mastodon,4,8620,155269,1626699389
meishin.site,up,mastodon,4,155,3157,1741451499
social.axiixc.com,up,mastodon,4,3326,15231,1669122851
social.nibis.de,up,mastodon,4,54,1114,1674014274
social.goldenhillsoftware.com,up,mastodon,4,75,1870,1732547386
note.computer,up,mastodon,4,1670,14855,1671221008
social.tkschland.de,up,mastodon,4,25,70,1691224641
social.1000grad.com,up,mastodon,4,10,34,1671718917
staging.qlub.social,up,mastodon,4,17,7,1755450508
mastodon.szservices.net,up,mastodon,4,84,120723,1748676585
miau.le-chat-a-velo.at,up,mastodon,4,4051,18518,1669580591
social.techniverse.net,up,mastodon,4,425,10279,1711557455
bits.social,up,mastodon,4,173,10733,1666939159
mastodon.madnight.co.uk,up,mastodon,4,0,1511,1696427763
social.xmflsct.com,up,mastodon,4,1645,136094,1612578270
social.mecanis.me,up,mastodon,4,100261,21024,1612578270
mastodon.jannis-goeing.de,up,mastodon,4,325,15214,1651251064
xtux.org,up,mastodon,4,22,9247,1612578268
toot.coupou.fr,up,mastodon,4,436,20555,1612578266
awoo.town,up,mastodon,4,872,7778,1688600704
mastodon.improved-madness.de,up,mastodon,4,199,11308,1652580238
anml.io,up,mastodon,4,174,8880,1669008015
greenplenty.social,up,mastodon,4,4968,14196,1651072385
fedi.notesbylex.com,up,mastodon,4,13,379,1747789832
mastodon.thepodcast.social,up,mastodon,4,190,2916,1748804605
elytra15.com,up,mastodon,4,700,8618,1671994237
social.xanten.cc,up,mastodon,4,227,10455,1739362650
social.dropbear.xyz,up,mastodon,4,2894,29013,1612578271
beoriginal.social,up,mastodon,4,1040,19953,1687716068
weathered-steel.social,up,mastodon,4,451,3886,1752253550
uirapuru.ibict.br,up,mastodon,4,9,9401,1720581743
tfq.social,up,mastodon,4,141,108242,1667839872
gabvp.masto.host,up,mastodon,4,1844,13369,1653906075
krassestegang.social,up,mastodon,4,226,13378,1682100960
m.objc.io,up,mastodon,4,1034,10278,1672212809
md.net-p.org,up,mastodon,4,34084,6599,1612578266
social.rooby.io,up,mastodon,4,0,1627,1728121639
mastodon.b3lt3r.com,up,mastodon,4,364,11434,1719511794
gotham.social,up,mastodon,4,30023,13981,1668844653
fanboys.social,up,mastodon,4,745,10430,1676173688
anarshy.social,up,mastodon,4,978,4224,1669643383
nomenloony.com,up,mastodon,4,395,4196,1765102701
mirwarso.de,up,mastodon,4,3,6153,1651277615
social.g2od.ch,up,mastodon,4,127,10579,1713042711
social.resihold.com,up,mastodon,4,2,2796,1682973414
social.ultimaterez.com,up,mastodon,4,75,8891,1744170176
monitoring.cafe,up,mastodon,4,5,6440,1691776597
yesterday.me,up,mastodon,4,111,814,1740222389
hellinger.wtf,up,mastodon,4,29485,18715,1704205201
m.litten.social,up,mastodon,4,0,2098,1732003100
scorpinc.social,up,mastodon,4,5723,12752,1668279134
straw.social,up,mastodon,4,13,2441,1674449028
d.sky.gy,up,mastodon,4,538,36,1761992405
social.goodanser.com,up,mastodon,4,645,12315,1653324152
sleep.etoile.ink,up,mastodon,4,1321,1686,1762970078
pretix.social,up,mastodon,4,293,4219,1678728229
masto.tstoll.me,up,mastodon,4,69,5755,1758823854
fedi.5013.es,up,mastodon,4,670,8744,1693376441
mastodon.zmingu.com,up,mastodon,4,23,112,1756474676
shutafem.casa,up,mastodon,4,53,8273,1697924286
m.lab-ant.me,up,mastodon,4,5,420,1755446640
skaverat.net,up,mastodon,4,6698,21495,1668238491
mastodon.lemarchand.io,up,mastodon,4,1791,13058,1612578266
mastodon.guardianvx.synology.me,up,mastodon,4,84,10,1760021718
raj.lol,up,mastodon,4,468,0,1688020525
plone.social,up,mastodon,4,922,3871,1668212037
mastodon.suderman.dev,up,mastodon,4,43,5829,1687050054
social.rlin.eu,up,mastodon,4,60,2662,1676812590
terz.at,up,mastodon,4,3,185,1669649207
social.thiskurt.me,up,mastodon,4,26785,23025,1612578266
made.asterism.gay,up,mastodon,4,16508,3908,1765352358
unkomaker.hostdon.ne.jp,up,mastodon,4,198578,9348,1631617087
social.glennfitzpatrick.com,up,mastodon,4,2322,18334,1695415878
delaylama.de,up,mastodon,4,11,6614,1704801780
bygg.land,up,mastodon,4,113,10271,1667492363
social.yellowgoat.net,up,mastodon,4,0,3147,1671604681
social.3delights.store,up,mastodon,4,32,327,1732231498
wirejunkie.net,up,mastodon,4,1385,9370,1743470178
spaceup.city,up,mastodon,4,3175,16211,1667777524
social.unapologetic.io,up,mastodon,4,68,1893,1755444234
micro.uninformation.org,up,mastodon,4,127,4831,1761077698
mastodon.internet-czas-dzialac.pl,up,mastodon,4,14803,21498,1658793451
a17k.social,up,mastodon,4,217,10409,1673472713
lazybear.social,up,mastodon,4,17564,26763,1612578269
censored.social,up,mastodon,4,2,195,1721286782
trombas.vost.pt,up,mastodon,4,3653,4221,1668089685
mastodon.furrific.uk,up,mastodon,4,0,32,1745500191
elephant.crime.group,up,mastodon,4,2471,22131,1612578268
mastodon.rp-taki.com,up,mastodon,4,104040,36,1680806167
tooter.thespawn.net,up,mastodon,4,2,18,1707477814
lohmann.social,up,mastodon,4,114,10207,1724747951
mast.boston,up,mastodon,4,0,975,1681321666
social.wakemu.fr,up,mastodon,4,829,11436,1669253960
mastodon.tojo.tokyo,up,mastodon,4,18512,11604,1612578266
social.hyuki.net,up,mastodon,4,5444,9897,1612578386
greywolf.social,up,mastodon,4,1639,10261,1679442157
sunrise.social,up,mastodon,4,438,5648,1671674554
social.mango.vg,up,mastodon,4,1631,11525,1693213555
techstack.channel.org,up,mastodon,4,0,1,1751410085
flx.masto.host,up,mastodon,4,7083,18927,1673352534
procydon.net,up,mastodon,4,538,1950,1668904971
toot.tinsleyviaduct.com,up,mastodon,4,79,425,1672267887
is.aaronbsmith.com,up,mastodon,4,5640,21015,1612578269
mastodon.svgun.ru,up,mastodon,4,13,2970,1706302379
teaminstar.fedicity.net,up,mastodon,4,3670,187,1730462926
sisulink.social,up,mastodon,4,2,740,1687495317
rokjohnson.online,up,mastodon,4,18,1859,1753708569
catalan.social,up,mastodon,4,44,2536,1702540135
mastodon.pretendo.network,up,mastodon,4,236,6829,1668904961
mastodon.benpettis.ninja,up,mastodon,4,1110,17979,1671081785
tetrahedron.trisec.se,up,mastodon,4,0,2906,1670990600
masto.blasters.fr,up,mastodon,4,474,5610,1668860421
toot.chez.gay,up,mastodon,4,15681,16131,1688739677
m.noxie.ch,up,mastodon,4,1503,15002,1651004483
social.cozytronics.com,up,mastodon,4,120,5844,1667003597
mastodon.xorp.hu,up,mastodon,4,339,1954,1685483705
soapbox.smbi.community,up,mastodon,4,70,706,1669291606
tetrax.de,up,mastodon,4,4451,13284,1679672529
mastodon.home.little.place,up,mastodon,4,6,1740,1670203481
social.gamepowerx.com,up,mastodon,4,4,745,1750873398
mastodon.ste.no,up,mastodon,4,1496,12118,1668408848
devellight.space,up,mastodon,4,4,10132,1716327912
dulc.es,up,mastodon,4,518,15775,1671051166
interrobang.pizza,up,mastodon,4,2,738,1669091327
bikes.social,up,mastodon,4,46,3243,1752266959
snabel.party,up,mastodon,4,1386,9450,1668904961
mast.uxp.de,up,mastodon,4,2370,17667,1667865405
quasselkopf.de,up,mastodon,4,3000,24924,1612578389
frostmn.social,up,mastodon,4,345,8617,1668417383
darksheep.social,up,mastodon,4,8,57,1766815262
m.prettyshiny.org,up,mastodon,4,12392,13385,1680905990
my-spaces.social,up,mastodon,4,3782,19712,1651184183
mtdn.zenmai.org,up,mastodon,4,14474,5446,1691934172
some.tehy.fi,up,mastodon,4,1190,8276,1669821476
whitespashe.uk,up,mastodon,4,4384,21932,1612578268
staging.social.mikutter.hachune.net,up,mastodon,4,249,345,1612578345
todon.jsna.dev,up,mastodon,4,15,2815,1669858928
social.tomtaylor.co.uk,up,mastodon,4,10505,10666,1667617462
noveille.com,up,mastodon,4,1,736,1740225925
im.mibo.live,up,mastodon,4,98,562,1671456558
toot.village.one,up,mastodon,4,582,7393,1667820405
fedi.phy25.com,up,mastodon,4,1203,3651,1673913591
social.1bitsquared.com,up,mastodon,4,137,7531,1669429913
social.factorial.io,up,mastodon,4,94,3846,1669619223
mastodon.rdan.net,up,mastodon,4,35,5785,1700212069
mstdn.shihoya.tokyo,up,mastodon,4,34229,5281,1667880959
shoetown.dhscholar.com,up,mastodon,4,2,4266,1757833687
2137.social,up,mastodon,4,2204,2532,1637300606
mastodon.woodburn.au,up,mastodon,4,64,2566,1698066187
zz.ac,up,mastodon,4,148,2323,1755830604
domum.social,up,mastodon,4,65,5286,1763071019
voxtek.social,up,mastodon,4,12,17,1765108404
info.mobilite-mobiliteit.brussels,up,mastodon,4,641,5359,1730397310
thesenate.cc,up,mastodon,4,10160,9067,1612578268
oroz.me,up,mastodon,4,0,1449,1755444653
social.di2.io,up,mastodon,4,1552,11688,1651441282
botany.social,up,mastodon,4,8715,13699,1667003597
lesbian.masto.host,up,mastodon,4,40036,530,1675740568
social.uitsmijter.io,up,mastodon,4,545,1971,1695485771
join.mttv.it,up,mastodon,4,231,4628,1668674786
olching.social,up,mastodon,4,9098,12492,1675858687
t51b.org,up,mastodon,4,28405,10258,1697478343
jaehanley.social,up,mastodon,4,1820,15170,1667263593
tooting.cc,up,mastodon,4,609,14105,1674766082
mastodon.momiji-ka.com,up,mastodon,4,6661,1330,1745214228
mfg.social,up,mastodon,4,359,5172,1732599324
distant.social,up,mastodon,4,308,4484,1691385650
blumenwie.se,up,mastodon,4,3192,14433,1668939939
fedi.lwn.net,up,mastodon,4,848,9267,1745956754
ulman.social,up,mastodon,4,10603,10663,1612578345
mastodon.loess-aauw.org,up,mastodon,4,21,3284,1740783854
folium-learning.social,up,mastodon,4,5,1762,1669940330
mastodon.sprawl.club,up,mastodon,4,2554,22917,1667628622
mastodon.n6.io,up,mastodon,4,448,3472,1668266931
mastodon.circle.lt,up,mastodon,4,1410,12337,1675750819
toot.treffenstaedt.de,up,mastodon,4,1673,12812,1668280856
social.just-joshin.lol,up,mastodon,4,140,5389,1698658706
mastodon.screentimes.net,up,mastodon,4,1956,11574,1671836450
mastodon.funigtor.fr,up,mastodon,4,99,6289,1612578389
toot.robzazueta.com,up,mastodon,4,6260,14814,1677763555
sharkfeed.earth,up,mastodon,4,0,123,1740234263
minby.info,up,mastodon,4,1,7,1704784820
social.joelle.us,up,mastodon,4,4700,17942,1651129556
activitypub.garmy.jp,up,mastodon,4,16211,3396,1675580275
mastodon.inman.xyz,up,mastodon,4,631,483,1612578346
social.radio,up,mastodon,4,36,4759,1765110492
meghadeep.social,up,mastodon,4,270,9488,1720686897
mouth.semperpax.com,up,mastodon,4,77,22,1668707758
mastodon.pcgaldo.com,up,mastodon,4,2437,12733,1680377847
social.jvns.ca,up,mastodon,4,7475,27596,1673362378
trash.boutique,up,mastodon,4,100,11436,1687807097
social.redflag.ps,up,mastodon,4,712,3454,1740228273
crab.garden,up,mastodon,4,15584,23004,1676874349
justjake.masto.host,up,mastodon,4,10,3134,1674449288
social.etc-services.de,up,mastodon,4,1173,4627,1612579011
hmm.news,up,mastodon,4,53,4659,1713986056
surreptitious.ly,up,mastodon,4,17,2385,1667925562
mastodon.projetretro.io,up,mastodon,4,2317,16329,1671514981
maadix.social,up,mastodon,4,135,5988,1740217288
queerchen.de,up,mastodon,4,472,7848,1731777617
mastodon.clipperz.is,up,mastodon,4,2260,11664,1670974852
im.alstadheim.no,up,mastodon,4,6008,29405,1668657183
orionfoundation.masto.host,up,mastodon,4,4,359,1636240469
social.piewpiew.se,up,mastodon,4,4439,22618,1672232410
social.val-sans-retour.fr,up,mastodon,4,674,9962,1669408662
mastodon.tgjb.org,up,mastodon,4,65,4400,1692962404
mastodon.ftp.rip,up,mastodon,4,1948,109387,1641385293
timeriver.xyz,up,mastodon,4,341,61,1684915038
social.sparkway.org,up,mastodon,4,641,7997,1668469326
bobs.social,up,mastodon,4,1,10,1674926943
onsbos.hopto.org,up,mastodon,4,898,5597,1668359252
mastod1.ddns.net,up,mastodon,3,4114,10799,1668070057
quickbrb.social,up,mastodon,3,13,7661,1708464944
mastodon.mihalis.net,up,mastodon,3,555,5667,1669582660
ynacommunity.channel.org,up,mastodon,3,0,0,1752966254
social.edps.europa.eu,up,mastodon,3,71,5866,1753446204
mahalo.social,up,mastodon,3,1082,8706,1693721227
social.technoetic.com,up,mastodon,3,1064,21929,1669349212
m.ef.gg,up,mastodon,3,342,6143,1668808966
mastodon.mesnumeriques.fr,up,mastodon,3,242,3663,1729973239
brain404.com,up,mastodon,3,285,4797,1690281816
morehammer.uk,up,mastodon,3,5229,16421,1668555659
social.losno.co,up,mastodon,3,5916,20614,1671408898
mastodon.highteq.net,up,mastodon,3,570,11561,1668986958
warped.dev,up,mastodon,3,225,3276,1687713003
geeklife.com,up,mastodon,3,0,2598,1672861167
social.beebl.es,up,mastodon,3,5449,17059,1686520336
laconic.social,up,mastodon,3,1139,13480,1694664358
social.youhoo.fr,up,mastodon,3,30,808,1669408662
mattebox.social,up,mastodon,3,122,8271,1678389135
loerzweiler.social,up,mastodon,3,34,260,1668589805
stronghold.social,up,mastodon,3,1,1,1755466729
canerduh.ca,up,mastodon,3,89,9391,1612578268
selbsthilfe.social,up,mastodon,3,171,151970,1671457218
social.toxwat.cz,up,mastodon,3,7,369,1669231524
social.bitsammelwanne.de,up,mastodon,3,470,4663,1668283624
federation.p1k3.com,up,mastodon,3,17979,27164,1615324145
social.mashed.cloud,up,mastodon,3,642,22123,1650916956
mastodon.tgo.social,up,mastodon,3,92,10006,1755771671
social.n1mtp.com,up,mastodon,3,505,6767,1669615222
mastodon.ccqjv.com,up,mastodon,3,18,2437,1668777283
xd.trispadsmit.com,up,mastodon,3,99,9278,1612578265
social.fribbynetwork.net,up,mastodon,3,622,1411,1740221301
social.mochiart.moe,up,mastodon,3,41,370,1762658275
home2000.social,up,mastodon,3,11,3497,1740217447
covera.app,up,mastodon,3,1,4,1751891860
mastodon.runcheck.net,up,mastodon,3,94,663,1708674108
koneczny.info,up,mastodon,3,7,4244,1676352287
mastodon.cackhanded.net,up,mastodon,3,1487,9314,1674623288
mast.mrrl.me,up,mastodon,3,628,10961,1682722880
mastoben.rocks,up,mastodon,3,1157,6680,1681426287
social.qutic.com,up,mastodon,3,336,11258,1667783689
mastodon.malbela.net,up,mastodon,3,70,5594,1665084039
toot.liw.fi,up,mastodon,3,18056,25963,1612578270
s.sunville.org,up,mastodon,3,548,8286,1668255879
things.uk,up,mastodon,3,13484,27169,1667777524
gay.skid.do,up,mastodon,3,2630,5601,1668528093
mastodon.nogods.be,up,mastodon,3,11,6995,1612578268
mastodon.fajne.eu,up,mastodon,3,11,2505,1669046143
masto.complexsystems.group,up,mastodon,3,8,4064,1731014582
mastodon.borsos.at,up,mastodon,3,9,7642,1687824684
mastodon.foxfam.club,up,mastodon,3,1384,21895,1679437189
mastodon.kuenet.ch,up,mastodon,3,48,67094,1669944081
mastodon.luemy.eu,up,mastodon,3,397,5734,1680450945
social.cloudron.io,up,mastodon,3,318,6204,1612578270
masto.phoenixlair.net,up,mastodon,3,22,4309,1689730840
colonels.world,up,mastodon,3,8,2031,1669057723
covertcreatures.xyz,up,mastodon,3,40070,8330,1723239817
mastodon.4193.co.uk,up,mastodon,3,3,563,1732211985
n00b.fr,up,mastodon,3,18,6684,1667829983
hdev.im,up,mastodon,3,4324,19114,1670181739
rouge.eu.org,up,mastodon,3,7367,20756,1667693091
zenarca.de,up,mastodon,3,14,11221,1740217232
mastodon.8086.net,up,mastodon,3,88,759,1668427733
mastodon.phentruh.net,up,mastodon,3,1,508,1719611125
social.medienzentrum-hdh.de,up,mastodon,3,0,826,1726665610
konfigurationsmanufaktur.de,up,mastodon,3,1701,14361,1669006114
fedi.andrlik.org,up,mastodon,3,3272,20275,1670014549
mastodon.nyveir.fr,up,mastodon,3,372,2378,1679922612
lfnt.site,up,mastodon,3,10686,12573,1707883355
williamscloud.space,up,mastodon,3,0,1436,1639649495
mastodon.ylhuang.com,up,mastodon,3,19,554,1757313066
coldrick.me.uk,up,mastodon,3,521,10130,1667725283
bowlofpetunias.net,up,mastodon,3,82,4748,1669122851
drgns.org,up,mastodon,3,204,9371,1689233009
finkasaur.us,up,mastodon,3,3871,20400,1667498822
unboxed.social,up,mastodon,3,441,5834,1674072935
holymoly.masto.host,up,mastodon,3,1,3040,1740221301
pooper.fantranslation.org,up,mastodon,3,4283,15970,1668251145
mastodon.tolleham.top,up,mastodon,3,431,7978,1676788333
mastodon.mashi.ro,up,mastodon,3,9885,7973,1674219397
bluetoot.hardill.me.uk,up,mastodon,3,7089,18512,1667138889
toot.a-lec.org,up,mastodon,3,489,7056,1633385521
social.olchis.net,up,mastodon,3,332,8775,1649621321
mastodon.app.stefanberggren.se,up,mastodon,3,1868,13791,1668201790
mastodon.fyksen.me,up,mastodon,3,769,11083,1651233014
hard.blue,up,mastodon,3,8288,12763,1698054689
community.lifeisforhacking.com,up,mastodon,3,1,1,1750668085
toot.4t2.uk,up,mastodon,3,256,9879,1671554124
tolppa.thermopylas.fi,up,mastodon,3,51,9421,1669164413
pug.ninja,up,mastodon,3,18044,15685,1676048282
mastodon.gemo.social,up,mastodon,3,380,9516,1736675105
chateau.social,up,mastodon,3,2806,3682,1740223399
toot.vipra.vip,up,mastodon,3,3805,9883,1699730374
social.codethink.co.uk,up,mastodon,3,197,9947,1674743162
cobbsquad.club,up,mastodon,3,523,5688,1726683640
patuleia.eu,up,mastodon,3,698,11224,1715873729
mastodon.crossfamilyweb.com,up,mastodon,3,1138,14152,1612578269
ufoo9k.space,up,mastodon,3,200,3034,1670252467
kapuverse.net,up,mastodon,3,456,2337,1675699745
social.adm.ink,up,mastodon,3,5179,13795,1688727579
social.lilac.lab.shortcord.com,up,mastodon,3,8777,12708,1688291587
social.radimant.org,up,mastodon,3,54,7003,1744527483
social.pearqueendom.online,up,mastodon,3,227,1520,1755586354
social.floss.uz,up,mastodon,3,2,1438,1742319732
gardons.contact,up,mastodon,3,119,8942,1669229811
toot.upthis.io,up,mastodon,3,3,254,1693320965
u222news.fedicity.net,up,mastodon,3,305,2207,1689336208
social.jstsmthrgk.eu,up,mastodon,3,9106,9632,1670389291
thx.gg,up,mastodon,3,7389,26260,1667966499
m.bit-friends.de,up,mastodon,3,94,9161,1652225784
mastodon.matthewmcvickar.com,up,mastodon,3,5210,12652,1678998720
toot.rayonnant.org,up,mastodon,3,581,7906,1668266931
mstdn.baingan.org,up,mastodon,3,6,318,1757922647
kinetix.social,up,mastodon,3,6,13826,1671475686
mastodon.halis.io,up,mastodon,3,433,8375,1742299643
mastodon.sahil.ink,up,mastodon,3,4,1322,1740221730
social.kiesow.net,up,mastodon,3,4742,19700,1667401306
social.mondoweiss.net,up,mastodon,3,4710,20747,1684793343
masto.al2.in,up,mastodon,3,1442,11038,1668551594
stray.shee.pink,up,mastodon,3,2973,1537,1612578266
cooperate.social,up,mastodon,3,31,626,1705632555
freude.social,up,mastodon,3,1487,12572,1696211938
fedi.limes.pink,up,mastodon,3,1671,13184,1688943256
mastodon.dictatorshipcake.co.uk,up,mastodon,3,2004,3151,1691403107
bunny.social,up,mastodon,3,3086,6994,1669410478
rattodon.nexus,up,mastodon,3,6589,13824,1698129369
social.115upm.net,up,mastodon,3,14,4400,1714857343
social.jmenning.com,up,mastodon,3,52,6066,1674266703
mastodon.bdmuvt.de,up,mastodon,3,1,525,1675523700
in.unover.se,up,mastodon,3,388,7964,1702816406
kho.dev,up,mastodon,3,3,315,1683812073
m.askesis.pl,up,mastodon,3,4,6481,1667139115
slice-it-up.org,up,mastodon,3,1,1271,1740221730
mstdn-social.com,up,mastodon,3,615,20230,1679547226
social.whytheyfight.com,up,mastodon,3,293,11093,1612578441
chuckya.remlit.site,up,mastodon,3,1849,42,1750529655
leiwand.space,up,mastodon,3,30,2503,1740440038
techbacon.social,up,mastodon,3,360,7210,1671483842
social.galgata.net,up,mastodon,3,322,1205,1766287699
m.danq.me,up,mastodon,3,3257,17306,1612579253
social.medlab.host,up,mastodon,3,113,2820,1674286250
social.manulanglois.fr,up,mastodon,3,1,397,1612578345
hermes-x.social,up,mastodon,3,9,402,1761376719
mastodon.aonodensetsu.me,up,mastodon,3,5,726,1758288755
afop.social,up,mastodon,3,145,19625,1695324788
surgeons.social,up,mastodon,3,81,11959,1671624447
visitors.sk,up,mastodon,3,80,9509,1704322135
vulpini.zone,up,mastodon,3,4,1440,1674202967
social.vdavez.com,up,mastodon,3,125,3224,1675960840
tuohy.org,up,mastodon,3,0,3403,1751337589
social.alt-text.org,up,mastodon,3,325,16142,1688754265
twentyzen.social,up,mastodon,3,805,4806,1703713192
troidy.social,up,mastodon,3,65,8562,1668758741
mstdn.cigneg.com,up,mastodon,3,787,2565,1745526970
mstdn.intahnet.co.uk,up,mastodon,3,6065,96516,1750275366
social.downey.net,up,mastodon,3,513,21960,1669524133
mastodon.dfxn.org,up,mastodon,3,6,9063,1674834923
pourparler.ca,up,mastodon,3,397,11814,1667947583
mastodon.cross-solution.de,up,mastodon,3,2,1178,1701371702
gamenook.net,up,mastodon,3,49,4438,1759003999
m-test.254.network,up,mastodon,3,13,10,1670025074
nyx.lancetia.day,up,mastodon,3,1945,397,1721360346
fuzaxx.de,up,mastodon,3,14,5217,1669127074
reality2.social,up,mastodon,3,311,15056,1670094629
fedi.walrusz.hu,up,mastodon,3,223,4306,1707931324
social.maplecrew.org,up,mastodon,3,943,13094,1672696922
mstn.apps4net.eu,up,mastodon,3,42,3191,1668359252
notion.channel.org,up,mastodon,3,1,4,1752839486
hyde.monster,up,mastodon,3,258,454,1757349841
gn2.social,up,mastodon,3,335,3963,1707402813
social.algathia.fr,up,mastodon,3,23,18609,1688573039
mastodon.lo0.uk,up,mastodon,3,337,5749,1668517481
mastodon.personalspaceshow.lawyer,up,mastodon,3,9,1,1708537581
drumbum42.com,up,mastodon,3,1327,12155,1612578267
social.morretton.fr,up,mastodon,3,45,5,1663397839
mastodon.keyboardvagabond.com,up,mastodon,3,113,4347,1753437250
hooray.computer,up,mastodon,3,667,9166,1667755422
wistodon.org,up,mastodon,3,72,3470,1699533097
mastodon.wazongtest.de,up,mastodon,3,11867,1085,1694389345
social.bonifacelabs.ca,up,mastodon,3,122,7814,1612578783
gludio.org,up,mastodon,3,38,2996,1741842371
mastodon.wisellama.rocks,up,mastodon,3,215,13427,1612578269
orcavella.com,up,mastodon,3,165,2160,1726403737
theomega.zone,up,mastodon,3,81,15110,1684116927
social.karsten-voigt.de,up,mastodon,3,745,6018,1675620002
some.kansalliskirjasto.fi,up,mastodon,3,83,3310,1744768155
fastblur.win,up,mastodon,3,5731,3897,1703335869
social.arctron.nl,up,mastodon,3,43,2118,1688840701
biohive.social,up,mastodon,3,15,3569,1740221301
brso.social,up,mastodon,3,3,1522,1668786126
lurch.town,up,mastodon,3,43,2458,1765233810
justabit.social,up,mastodon,3,35,126154,1650206971
mastodon.soft-qui-peut.dev,up,mastodon,3,2,2463,1695318649
mastodon.erasethis.net,up,mastodon,3,238,9357,1687271780
waltham.city,up,mastodon,3,11,1885,1724999687
anakmanis.com,up,mastodon,3,7475,18075,1688522846
social.violoncello.ch,up,mastodon,3,670,11393,1625794732
pouet.me,up,mastodon,3,561,4950,1612578270
bnamed.social,up,mastodon,3,52,3493,1667832246
genericsocialmediapage.com,up,mastodon,3,1115,13832,1693645698
mastodon.derstandard.at,up,mastodon,3,64469,9571,1669807439
social.eden.one,up,mastodon,3,1918,16459,1667086842
pie.gd,up,mastodon,3,4066,17011,1668050199
social.tech-coops.de,up,mastodon,3,54,1468,1718800823
social.pancakesontuesday.com,up,mastodon,3,2766,16194,1671489838
pb.craignt.com,up,mastodon,3,1224,17445,1670887076
tdd.social,up,mastodon,3,5779,21535,1665232798
toot.renn.es,up,mastodon,3,913,15757,1688321973
mstdn.nanamachi.net,up,mastodon,3,574,11851,1612578388
eliyap.social,up,mastodon,3,336,8507,1678142268
obsidianmoon.com,up,mastodon,3,4778,12309,1668747270
drogen.gratis,up,mastodon,3,17,1495,1758606955
vikings.scot,up,mastodon,3,987,3663,1749341429
mastodon.stuttgart-ix.de,up,mastodon,3,7,1396,1740238700
mt.amethyst.moe,up,mastodon,3,658,1599,1672056639
mastodon.hardcover.app,up,mastodon,3,57,2396,1688857058
mastodon.myocci.social,up,mastodon,3,361,5886,1674969164
social.sopuzzled.com,up,mastodon,3,156,602,1701145321
social.ferrous-systems.com,up,mastodon,3,135,2758,1695658015
mastodon.haolit.de,up,mastodon,3,0,1965,1670587935
mstdn.moimeme.ca,up,mastodon,3,16800,15952,1721795696
mastodon.lnsystems.de,up,mastodon,3,5,4573,1668656969
dcae.fyi,up,mastodon,3,159,11204,1669009745
mastodon.philtanner.com,up,mastodon,3,14418,16625,1691530667
teamfmradio.masto.host,up,mastodon,3,13,1550,1682157763
mastodon.bram.dev,up,mastodon,3,649,8915,1676203987
masto.nox-rhea.org,up,mastodon,3,51,5507,1670126011
social.testing.queerreferat.ac,up,mastodon,3,0,8,1740238700
masto.tncloud.net,up,mastodon,3,0,3031,1741362642
social.di20.de,up,mastodon,3,2,278,1650285299
evilmeow.com,up,mastodon,3,434,11406,1674032731
social.apes.org.uk,up,mastodon,3,17,2185,1706358000
social.skrasek.us,up,mastodon,3,972,328,1668359726
wollig.social,up,mastodon,3,86,6536,1669510934
social.ichor.work,up,mastodon,3,30,117,1688666456
mastodon.duong.social,up,mastodon,3,21889,3613,1676947177
toot.kottman.xyz,up,mastodon,3,3706,18703,1612578269
mainframe.club,up,mastodon,3,576,14461,1667859693
mstdn.litschner.com,up,mastodon,3,1713,6601,1670326152
mstdn.blueday.blue,up,mastodon,3,32512,7184,1689452836
edge.dunkel.cloud,up,mastodon,3,32,4100,1672591314
rewt.link,up,mastodon,3,113,9736,1705819791
mas.cloudt.info,up,mastodon,3,1,2270,1752006178
twitterexiles.social,up,mastodon,3,2,5408,1668769134
fedi.neuwirth.priv.at,up,mastodon,3,667,16626,1667655283
masto.nd2.uk,up,mastodon,3,2168,10446,1656622282
social.massalabs.com,up,mastodon,3,776,8652,1668773027
social.accolades.coop,up,mastodon,3,51,3090,1704056806
nuernberg.press,up,mastodon,3,28,84,1762830953
toot.nclf.net,up,mastodon,3,408,16552,1667868716
social.learntosolveit.com,up,mastodon,3,149,1557,1669261272
mt.abscue.de,up,mastodon,3,121,7820,1676889942
tooting.ninja,up,mastodon,3,239,7054,1678009916
social.schmett.ventures,up,mastodon,3,18,4629,1740217447
hellowelcome.club,up,mastodon,3,677,10145,1612579375
seepocke.at,up,mastodon,3,13,8200,1680726545
social.taupehat.com,up,mastodon,3,5960,19332,1667997873
mastodev.fedilab.app,up,mastodon,3,52,3,1614311012
gnurfl.de,up,mastodon,3,31,5149,1705439641
social.synacek.org,up,mastodon,3,175,6055,1732613608
socialturtle.eu,up,mastodon,3,87,8446,1650020829
mast.ttk.is,up,mastodon,3,1263,6748,1667823435
frittaten.at,up,mastodon,3,42,8183,1668423747
mastodon.likids.info,up,mastodon,3,10161,6214,1619551501
xnode.chat,up,mastodon,3,0,25,1692882906
neo.knzk.me,up,mastodon,3,3295,8574,1675845531
toot.pyxel.cloud,up,mastodon,3,4,3158,1648961901
masto.kix2902.dev,up,mastodon,3,4516,12340,1688330774
social.wastaken.xyz,up,mastodon,3,129,2285,1713310278
mastodon.decentralised.social,up,mastodon,3,4163,21485,1674607439
prehl.social,up,mastodon,3,0,2344,1667513754
social.marxist.network,up,mastodon,3,12845,18842,1727307175
toottoot.eu,up,mastodon,3,4288,16479,1676729629
wyrm.moe,up,mastodon,3,563,4159,1760214336
mastodon.babyl.ca,up,mastodon,3,220,4354,1651117476
mastodon.wladyspb.pro,up,mastodon,3,1480,3252,1693920816
social.ifthenel.se,up,mastodon,3,2041,11041,1696965580
hips.social,up,mastodon,3,29,1403,1668367068
fedi.mvpgame.dev,up,mastodon,3,10092,15622,1712723333
nefmolojten.anqou.net,up,mastodon,3,706,310,1705318879
weilnboeck.social,up,mastodon,3,756,6874,1675492812
toot.ramuuns.com,up,mastodon,3,2417,8542,1668904971
mastodont.yvees.ovh,up,mastodon,3,5651,5912,1612578347
mastodon.scientiam.org,up,mastodon,3,707,136591,1668309325
yee.camp,up,mastodon,3,751,11691,1667868221
mstdn-kitakubu.com,up,mastodon,3,14411,1958,1688502482
fedi.awo.ooo,up,mastodon,3,110,7576,1756636734
fromm.social,up,mastodon,3,10968,20889,1651104049
mastodon.vhack.eu,up,mastodon,3,650,10581,1697147993
social.esc.sh,up,mastodon,3,5,1988,1740222757
social.osb-alliance.de,up,mastodon,3,682,11176,1698413837
social.singularity-node.net,up,mastodon,3,2,8549,1635044013
mastodon.ple-architecture.eu,up,mastodon,3,1787,1934,1658708797
woolly.monster,up,mastodon,3,94,10752,1675793211
vaughan.social,up,mastodon,3,67,98560,1653645206
derpy.masto.host,up,mastodon,3,735,9962,1689447220
donadvr.de,up,mastodon,3,180,7276,1668104401
mastodon.floyd.dk,up,mastodon,3,761,3935,1681658433
openis.tokyo,up,mastodon,3,1228,2164,1754202693
nochiiverse.eu,up,mastodon,3,24,7718,1673485175
social.nodered.org,up,mastodon,3,9987,2645,1667722118
social.wolfssl.com,up,mastodon,3,0,327,1758799772
whereismysupersuit.com,up,mastodon,3,8,6687,1668211256
the.kenphused.cafe,up,mastodon,3,16,11218,1723321921
kms.social,up,mastodon,3,0,3683,1690049267
bitfudge.com,up,mastodon,3,915,32496,1653790181
social.iterna.de,up,mastodon,3,1,7197,1626804749
leuno.kr,up,mastodon,3,1380,3545,1688307484
toot.quest,up,mastodon,3,35,1118,1668923141
sardina.love,up,mastodon,3,319,151,1688401877
galacticforest.nexus,up,mastodon,3,4,3,1765114812
masto.ahlcode.fi,up,mastodon,3,1999,12803,1727194668
mastodon.dendiz.xyz,up,mastodon,3,9431,5147,1686802448
mstdn.virtecam.net,up,mastodon,3,57810,6331,1676144519
mastodon.balamb.fr,up,mastodon,3,4369,22492,1657476796
gascoigne.social,up,mastodon,3,3253,18055,1672802739
vymazal.social,up,mastodon,3,0,5098,1668905337
social.randomsonicnet.org,up,mastodon,3,8,2208,1694653577
social.sieprawski.pl,up,mastodon,3,367,6737,1699809851
mastodon.o3o.icu,up,mastodon,3,38,10867,1642998252
about-the-author.online,up,mastodon,3,688,4332,1703364474
mstdn.syui.ai,up,mastodon,3,123,1811,1679792551
mastodon.wingsman2.net,up,mastodon,3,0,697,1672811301
curious.social,up,mastodon,3,3,1989,1671854166
mastodon.mrak.at,up,mastodon,3,881,14000,1690776921
social.tzi.fr,up,mastodon,3,1226,9614,1612578267
soc.psynet.me,up,mastodon,3,3120,6120,1674688686
social.inhae.blog,up,mastodon,3,1396,5810,1716140388
zoroark.cafe,up,mastodon,3,10404,8214,1678174624
collar.place,up,mastodon,3,2254,22045,1668180002
mo-na.space,up,mastodon,3,3479,6406,1612578268
mast.keyd.ru,up,mastodon,3,105,10998,1668352930
social.minx.space,up,mastodon,3,-15,12062,1684000410
fed.alexvan.in,up,mastodon,3,159,3587,1681071839
gilbertredman.masto.host,up,mastodon,3,387,14675,1672081736
laoda.ge,up,mastodon,3,741,7388,1653993417
mastodon.raviteja.computer,up,mastodon,3,378,7811,1671285705
mastodon.137i.de,up,mastodon,3,1322,5861,1648805367
social.froonix.org,up,mastodon,3,6107,13195,1651178472
mstdn.jmrp.io,up,mastodon,3,71,15423,1674983632
quinnwitz.house,up,mastodon,3,5013,16127,1670022499
mastodon.ito.com,up,mastodon,3,0,15,1669181280
mastodon.klev.hu,up,mastodon,3,5,675,1756041197
social.ztfr.de,up,mastodon,3,262,6258,1691196285
fedi.catnip.ee,up,mastodon,3,773,15659,1713784116
hippodon.com,up,mastodon,3,658,11029,1740008294
mastodon.kodeklang.social,up,mastodon,3,181,10003,1686402706
social.mcqn.com,up,mastodon,3,304,10712,1667593047
n0m.de,up,mastodon,3,8,4247,1703259004
social.rooty.fr,up,mastodon,3,0,5804,1630377161
cornputer.org,up,mastodon,3,1452,3666,1666995623
social.kaoskvlt.de,up,mastodon,3,59,3195,1679051026
social.pyngu.com,up,mastodon,3,224,9976,1612578348
mastodon.vapronva.pw,up,mastodon,3,312,16160,1648152050
social.deuchnord.fr,up,mastodon,3,1654,11329,1726902846
microblog.lunai.re,up,mastodon,3,3056,18643,1612578267
secuwing.social,up,mastodon,3,4090,3910,1668199188
social.skbo.net,up,mastodon,3,641,99188,1667623753
social.kapellen.onl,up,mastodon,3,117,7539,1704279879
jsp.haus,up,mastodon,3,15,5706,1764859486
social.wikidex.net,up,mastodon,3,5475,9632,1692929429
s.yelvington.com,up,mastodon,3,10160,21336,1667832681
starfruit.cafe,up,mastodon,3,157,9696,1668511113
mastodon.strasser.wien,up,mastodon,3,203,8756,1667353315
toots.pp.ua,up,mastodon,3,13,3363,1690904589
social.viufa.ca,up,mastodon,3,53,3678,1705549402
social.64i.de,up,mastodon,3,362,6901,1695856402
ipv6.party,up,mastodon,3,38,2083,1659568870
mastodon.hurley.page,up,mastodon,3,68,6209,1667605044
mastodon.nerdlings.net,up,mastodon,3,1825,8755,1667278488
mastodon.thebeeches.house,up,mastodon,3,631,16936,1644855190
toot.8th.world,up,mastodon,3,59,5764,1668274628
harukakanata.net,up,mastodon,3,4310,10754,1678085041
seyfro.social,up,mastodon,3,295,6732,1669330002
mastodon.myacs.com,up,mastodon,3,9,4438,1642534272
social.4beumer.nl,up,mastodon,3,11,1330,1740221566
don.leno3s.net,up,mastodon,3,9334,2682,1612582166
social.alacasa.fr,up,mastodon,3,3,1686,1612578267
nanitebased.club,up,mastodon,3,310,6479,1681639790
helfen.social,up,mastodon,3,18,2991,1740221301
mastodon.wappler.systems,up,mastodon,3,241,7017,1659846792
nutmeg.social,up,mastodon,3,1595,9560,1670638513
social.droppedbits.com,up,mastodon,3,600,9736,1688331555
mstdn.esp.nl,up,mastodon,3,1178,15117,1667530514
mastodon.golgoth.org,up,mastodon,3,116,1165,1693270672
social.fbsweb.de,up,mastodon,3,125,6598,1653847234
toot.brumm.family,up,mastodon,3,0,10316,1740217226
fedi.gbdev.io,up,mastodon,3,195,3082,1690767220
mcnamarii.town,up,mastodon,3,12129,19855,1612578268
social.n0g.de,up,mastodon,3,11345,11109,1668187867
chat.trueffzido.de,up,mastodon,3,2048,8739,1669423324
yetanother.place,up,mastodon,3,2264,8513,1669397274
abide.social,up,mastodon,3,315,6271,1708507712
md.uzla.net,up,mastodon,3,984,3288,1612578387
mas.spark.moe,up,mastodon,3,47,3595,1716724437
mastodon.electro.social,up,mastodon,3,126,9130,1676009188
m.jling.dev,up,mastodon,3,1472,8781,1688914116
social.repnop.dev,up,mastodon,3,674,7799,1668282376
eworld.social,up,mastodon,3,3925,18677,1675461120
social.the-thirstiest-mawile.com,up,mastodon,3,7217,5396,1612578266
mastodon.snmsoc.org,up,mastodon,3,2605,5708,1649910191
masto.nerdy-technician.social,up,mastodon,3,5116,5541,1708420172
mstdn.nan1.casa,up,mastodon,3,29792,13727,1675461973
sociallydental.org,up,mastodon,3,5,190,1670462788
mastohack.com,up,mastodon,3,587,12519,1676328640
mastodon.pappenklatsch.de,up,mastodon,3,22,3028,1686261811
mastodon.freumh.org,up,mastodon,3,132,4712,1669437527
hespere.de,up,mastodon,3,46257,28718,1651826862
sizeriot.com,up,mastodon,3,319,12285,1698134697
mastodon.preusse.berlin,up,mastodon,3,7,5717,1762798385
mstdn.social.setsuzokustudio.com,up,mastodon,3,2754,2533,1702708431
sadbitches.online,up,mastodon,3,410,5671,1743751066
fedi.jamiethegeek.com,up,mastodon,3,6,6508,1677009280
mastodon.qtmlabs.xyz,up,mastodon,3,150,6816,1667828926
hey.gregor.link,up,mastodon,3,4,9441,1673641959
social.kanhuji.eu,up,mastodon,3,0,108,1692983364
tootdorf.de,up,mastodon,3,319,5329,1740217156
social.pfzetto.de,up,mastodon,3,11,6513,1732470630
puniman.xsns.jp,up,mastodon,3,72,54,1719405197
mouse.photos,up,mastodon,3,99023,20287,1660577215
velocipederider.com,up,mastodon,3,13228,28355,1651270019
mastodon.paahtimo.games,up,mastodon,3,253,5625,1763025980
social.fidart.it,up,mastodon,3,32,3639,1691509690
mastodon.liersch.it,up,mastodon,3,7598,10384,1693434190
soc.saiyajin.space,up,mastodon,3,1924,15884,1685901742
noot.noot.cloud,up,mastodon,3,95,6738,1666999724
mastodon.farktronix.com,up,mastodon,3,1747,10612,1666952798
fd00.de,up,mastodon,3,2129,10106,1674419486
mediarevolution.channel.org,up,mastodon,3,0,308,1751971290
mastodon.mixed-reality.social,up,mastodon,3,2,2410,1689041851
mastodon.vda-group.de,up,mastodon,3,26,10540,1664978434
mstdn.immatrix.de,up,mastodon,3,2,7069,1668471901
existiert.ch,up,mastodon,3,3223,18880,1706735371
frankenwolke.com,up,mastodon,3,8881,18390,1652547424
mastodon.monich.dk,up,mastodon,3,103,7845,1669433996
fedi.aeracode.org,up,mastodon,3,1599,17004,1666898876
social.kithop.ca,up,mastodon,3,13073,17476,1612578269
mstdn.feddit.social,up,mastodon,3,590,5860,1765253385
mastodon.micha.priv.at,up,mastodon,3,189,7497,1671425111
thoresson.social,up,mastodon,3,3976,11927,1669644487
mstdn.vientos.live,up,mastodon,3,27,5553,1668801200
realwinnersquit.club,up,mastodon,3,10,1083,1753496166
biddul.ph,up,mastodon,3,436,16250,1668060583
inherently.digital,up,mastodon,3,72284,20498,1612578265
mast.bigduck.xyz,up,mastodon,3,1495,5660,1730822185
patches.social,up,mastodon,3,290,1446,1740218031
garrison.su,up,mastodon,3,2514,12891,1702936282
soylent.green,up,mastodon,3,903,20986,1667162955
social.daenarion.com,up,mastodon,3,0,2520,1667655277
unaone.social,up,mastodon,3,260,8934,1680839838
mastodon1.artsrn.ualberta.ca,up,mastodon,3,0,246,1618281689
elb.cloud,up,mastodon,3,746,5592,1612578387
mastodon.ehlo.world,up,mastodon,3,79,6759,1669448691
antifa.style,up,mastodon,3,5896,11642,1715700912
omfg.town,up,mastodon,3,4180,24126,1668315412
bellow.el.drit.ch,up,mastodon,3,882,8618,1669662525
gallifrey.social,up,mastodon,3,631,502,1669235508
newan.net,up,mastodon,3,60,1487,1708820669
testux.lt,up,mastodon,3,5,46,1728879691
social.linss.com,up,mastodon,3,5470,14165,1612578714
social.underza.net,up,mastodon,3,251,3602,1675019526
mastodon.heavenly-united.se,up,mastodon,3,1,1051,1684403757
reptile.house,up,mastodon,3,43,2033,1763618610
dekadensverket.se,up,mastodon,3,392,8457,1703807445
mastodon.familie-de-boer.net,up,mastodon,3,4,9599,1668694379
time.wastr.com,up,mastodon,3,62,5977,1668904985
kiwi.soda.jp.eu.org,up,mastodon,3,5686,7601,1705213343
mastodon.cardina1.red,up,mastodon,3,247995,11952,1612578265
mastodon.tuxtux.eu,up,mastodon,3,267,9205,1741721005
mastodon.pabst.me,up,mastodon,3,87,4208,1742451830
nutbutter.net,up,mastodon,3,310,3478,1755444207
mastodon.stbland.org,up,mastodon,3,23,236,1740246151
nyan.live,up,mastodon,3,62,120812,1612578392
climat.masto.host,up,mastodon,3,721,7142,1740219089
qqq.masto.host,up,mastodon,3,54,5489,1753312883
soc.mod-12.com,up,mastodon,3,8947,18708,1612578345
mstdn.kevinthetechguy.ca,up,mastodon,3,1150,12696,1712471367
mast.hutchie.scot,up,mastodon,3,583,11147,1676859195
ropedrop.social,up,mastodon,3,213,4097,1673674405
social.nettkommune.no,up,mastodon,3,70,6,1766227102
mastodon.gxvwb.dev,up,mastodon,3,0,668,1668104698
ghostwave.gay,up,mastodon,3,2,3964,1757846985
puppyplaypissparty.de,up,mastodon,3,163,1574,1752960478
toots.ravenoak.dev,up,mastodon,3,662,5577,1688301275
boles.xyz,up,mastodon,3,5872,24527,1672839620
buttplug.zone,up,mastodon,3,3914,19854,1621110981
mastodon.jakira.space,up,mastodon,3,5,3514,1740227263
social.dotup-pi007.dotup.de,up,mastodon,3,6,4,1740258664
pocmo.social,up,mastodon,3,226,12373,1668173109
social.tooinconsistent.com,up,mastodon,3,27,4380,1740219089
treetre.org,up,mastodon,3,355,1409,1748400608
mas.skip2.net,up,mastodon,3,472,5669,1684963533
swiftdevs.space,up,mastodon,3,4703,10540,1669830948
lllsecurity.com,up,mastodon,3,1,4224,1668904975
diff.network,up,mastodon,3,125,1579,1766060456
tirnanog.todon.de,up,mastodon,3,12700,12833,1740218498
skyjake.fi,up,mastodon,3,1089,15000,1612578266
ellie.social,up,mastodon,3,1073,8420,1669132100
mastodon.czleteron.net,up,mastodon,3,3,1217,1669499707
mastodon.staging.django-cast.com,up,mastodon,3,5,37,1669165281
mastodon.jamesoff.net,up,mastodon,3,2605,10200,1651023085
social.tupo.space,up,mastodon,3,825,10906,1669323303
txt.dog,up,mastodon,3,109,2209,1740627308
social.deeden.co.uk,up,mastodon,3,63,6857,1719872143
mastodon.canonicity.org,up,mastodon,3,1070,15321,1655622734
witchy.ink,up,mastodon,3,128,10077,1669620417
bitsandpixels.dev,up,mastodon,3,287,3369,1668773857
talk.stayas.one,up,mastodon,3,742,11170,1667337077
mastodon.davidized.com,up,mastodon,3,6,2901,1667958024
masto-lab-02.arewesecureyet.org,up,mastodon,3,58,21,1699623556
zitidar.barsoom.cc,up,mastodon,3,145,5322,1705206304
social.johnwarne.com,up,mastodon,3,2323,8595,1676714460
social.tpile.net,up,mastodon,3,0,6187,1688847675
rosafamily.social,up,mastodon,3,1540,11727,1675954892
hibiscus.pink,up,mastodon,3,653,15133,1668640128
social.riversouldiers.dk,up,mastodon,3,2335,17436,1651608000
mas.mkm.scot,up,mastodon,3,472,5233,1740217447
toot.cryolog.in,up,mastodon,3,25,673,1680246652
1ess.estradiol.tel,up,mastodon,3,145,1794,1751839084
social.etwas42.de,up,mastodon,3,509,5406,1612578346
tastybugs.club,up,mastodon,3,3144,15178,1665258381
social.vmbrasseur.com,up,mastodon,3,15122,14155,1668980870
social.jh.cx,up,mastodon,3,11,5553,1740708870
phonetown.net,up,mastodon,3,17,6499,1692577113
mastodon.ag7su.com,up,mastodon,3,78,4812,1740221284
mstdn.nicolog.jp,up,mastodon,3,6225,820,1612578267
mastodon.blocki.net,up,mastodon,3,11,5624,1708920506
troot.social,up,mastodon,3,924,16313,1668622718
ngrdk.fedicity.net,up,mastodon,3,17008,4982,1688476998
mastodon.vofr.net,up,mastodon,3,95,4007,1669598192
lea.lgbt,up,mastodon,3,11039,16788,1677960631
thehb.me,up,mastodon,3,1101,16963,1652971519
bluefox.social,up,mastodon,3,599,7954,1669151255
prattle.org.uk,up,mastodon,3,22224,14230,1667603600
mastodon.denibol.com,up,mastodon,3,10144,10228,1669323272
mastodon.awit.at,up,mastodon,3,16,1839,1763446213
gott.social,up,mastodon,3,895,7101,1668981453
hackodon.com,up,mastodon,3,56,5959,1668981453
testgroup.channel.org,up,mastodon,3,0,4,1749587497
homo.dev,up,mastodon,3,2832,10397,1612578268
social.jtalk.ru,up,mastodon,3,685,3871,1728067810
mastodon.nichi.co,up,mastodon,3,652,7887,1685178976
beaulieu.social,up,mastodon,3,7,8456,1669003052
bramul.eu,up,mastodon,3,478,1518,1740220697
holeofstuff.masto.host,up,mastodon,3,20,147,1749974232
uuu.moe,up,mastodon,3,585,6146,1690041087
firedragons.net,up,mastodon,3,397,4392,1668904961
softnoise.space,up,mastodon,3,1,965,1766832905
mastodon.stsecurity.moe,up,mastodon,3,419,11,1628683614
ma.rerac.dev,up,mastodon,3,11381,201,1711527136
quacc.space,up,mastodon,3,1150,12025,1747346638
mstdn.progressiv.dev,up,mastodon,3,2121,20508,1612578270
smallposts.net,up,mastodon,3,89,7780,1651104049
m.0x.mk,up,mastodon,3,104,7921,1668484578
social.bartificer.ie,up,mastodon,3,298,2103,1704260940
www2.kt2003.info,up,mastodon,3,5700,14817,1668425242
social.sonicbunny.com,up,mastodon,3,23,639,1680771891
u2.social,up,mastodon,3,23,96578,1667173719
varmint.town,up,mastodon,3,2217,21135,1669183705
envismo.social,up,mastodon,3,244,3852,1651864239
social.juerge.nz,up,mastodon,3,1,2575,1753171547
social.wildeboer.net,up,mastodon,3,10921,39580,1612578269
stoneartprod.xyz,up,mastodon,3,30301,14806,1612578269
social.nibblo.io,up,mastodon,3,2,130,1759804476
mas.koi.bot,up,mastodon,3,1,3432,1751742536
mastodon.metalbanana.net,up,mastodon,3,3564,11098,1650972488
unt.social,up,mastodon,3,7,6040,1759774202
mice.social,up,mastodon,3,0,627,1745984677
mastodon.cthos.dev,up,mastodon,3,7100,14861,1668123841
mastodon.chrissabato.com,up,mastodon,3,59,2461,1671872124
fedi.opensourcestories.org,up,mastodon,3,14,4170,1680160391
mastodon.bwnet.it,up,mastodon,3,1951,10742,1668329015
zuhair.social,up,mastodon,3,159,21000,1678666337
don.kofuk.org,up,mastodon,3,8877,5245,1689838082
elmoncho.cc,up,mastodon,3,3211,5453,1691159963
darksky.social,up,mastodon,3,41,422,1705499924
gazuji.com,up,mastodon,3,292,6270,1674410977
tsarolion.com,up,mastodon,3,842,10040,1668724472
mast.giants-club.net,up,mastodon,3,3655,7377,1671552144
mastodon.knight.fyi,up,mastodon,3,1526,24619,1669495575
ebel.social,up,mastodon,3,904,5054,1668986085
mastodon.jacen.moe,up,mastodon,3,12850,13886,1659659161
t.fred.social,up,mastodon,3,73,6310,1671073784
social.harter.us,up,mastodon,3,1077,11611,1669262004
neighborhood.11ty.dev,up,mastodon,3,445,9337,1745604394
mstd.katalik.lt,up,mastodon,3,12,289,1765315755
mastodon.msoddfox.xyz,up,mastodon,3,1385,6620,1760288135
social.sbball.co.uk,up,mastodon,3,3211,3153,1714028895
cybersulu.ninja,up,mastodon,3,61,10243,1673740475
fedi.space,up,mastodon,3,151,15711,1612578265
mstdn.osfree.org,up,mastodon,3,0,6,1642841596
m.luvz.me,up,mastodon,3,1099,1128,1644467046
social.erambert.me,up,mastodon,3,15196,16890,1723246745
social.luoe.dev,up,mastodon,3,94,6955,1668408848
mastodon.f2a.io,up,mastodon,3,1398,7433,1669003052
iamveryti.red,up,mastodon,3,27,1720,1612578269
ramblings.social,up,mastodon,3,209,10407,1671649367
microblog.veen.world,up,mastodon,3,517,9035,1702367744
toot.metasyntactical.com,up,mastodon,3,335,7930,1669043177
fed.uu.org,up,mastodon,3,3903,9129,1667790020
ghost.cafe,up,mastodon,3,3861,18387,1612578270
micro.bbalm.me,up,mastodon,3,9,2630,1676511048
ms.monkeyspace.net,up,mastodon,3,833,5865,1740217447
mastodon-test.ip6.li,up,mastodon,3,1,486,1753654982
social.kevinvandam.me,up,mastodon,3,2,67,1673225178
waldvogel.family,up,mastodon,3,2663,21492,1667245820
mastodon.nothus.fr,up,mastodon,3,281,3189,1671792901
shuriken.masto.host,up,mastodon,3,5899,2778,1740217213
fediverse.repc.co,up,mastodon,3,241,5747,1667847015
m.bonzoesc.net,up,mastodon,3,21120,25743,1612578270
social.dinn.ca,up,mastodon,3,14112,24753,1668200216
mastodon.archfiend.org,up,mastodon,3,1434,13840,1651075249
mastodon.hinata.cz,up,mastodon,3,28,740,1668440078
social.sengeis.priv.at,up,mastodon,3,3,1227,1617884629
whimsy.chat,up,mastodon,3,169,4322,1751253193
adhd.recipes,up,mastodon,3,16,1295,1681027912
web4.us,up,mastodon,3,109,2178,1668904961
social.nerdyfam.tech,up,mastodon,3,11,2713,1673018034
hazelius.cc,up,mastodon,3,516,4497,1733087623
social.systemz.pl,up,mastodon,3,880,10220,1702498524
mastodon.adrien.run,up,mastodon,3,10,2814,1664414399
social.abwesend.com,up,mastodon,3,419,8024,1667775806
mastodon.makearmy.io,up,mastodon,3,4,0,1755444234
msgs.ee,up,mastodon,3,30,73901,1669041225
finops.social,up,mastodon,3,26,3952,1703354781
scalie.eu,up,mastodon,3,21,7776,1667919978
fedispace.de,up,mastodon,3,30149,14112,1694544109
social.apcn.nz,up,mastodon,3,6480,21900,1651066843
m.thibau.lt,up,mastodon,3,890,7790,1619573730
noisy-lab.com,up,mastodon,3,178,4595,1668826468
mastodon.mgtow.pl,up,mastodon,3,196,155,1672286022
mastodon.fun7.de,up,mastodon,3,11,2753,1668222228
mastodon.orko.it,up,mastodon,3,10371,13898,1638015441
toot.hoi-polloi.org,up,mastodon,3,0,1324,1669495139
thickey.com,up,mastodon,3,651,8561,1713131458
ibiocephalus.hostdon.ne.jp,up,mastodon,3,256,1112,1675688308
mastodon.greencounsel.se,up,mastodon,3,24,815,1740880466
mastodon.gatewayy.net,up,mastodon,3,2971,18515,1675971221
stamps.town,up,mastodon,3,8,400,1669316380
alerts.shilohnewark.org,up,mastodon,3,14,1,1740231507
andersen.social,up,mastodon,3,865,14842,1612578267
social.sophron.ru,up,mastodon,3,330,2538,1756479541
social.martins-almeida.com,up,mastodon,3,72,1531,1697519977
peekeend.nl,up,mastodon,3,236,8858,1722422427
social.huppelknuppel.nl,up,mastodon,3,150,728,1752253550
shrin.es,up,mastodon,3,70,1435,1701243482
beutl.space,up,mastodon,3,26,9815,1668744430
gwah.social,up,mastodon,3,45,3521,1699585229
mastodon.bisam97.de,up,mastodon,3,125,5872,1730584528
social.teamlight.stream,up,mastodon,3,130,13467,1676150624
mastodon.uniteddiversity.coop,up,mastodon,3,1138,10393,1668732890
mastodon.lli.be,up,mastodon,3,34,6509,1755443982
tusk.chat,up,mastodon,3,32,3414,1673539451
valinwolf.com,up,mastodon,3,129,1418,1760079410
social.digitalundso.net,up,mastodon,3,504,11204,1689725016
yodogawa.hostdon.ne.jp,up,mastodon,3,274,1760,1673298744
mastodon.xsxx.ru,up,mastodon,3,1097,1449,1762555931
mastodon.granto.cloud,up,mastodon,3,26,7599,1669082117
mastodon2.artsrn.ualberta.ca,up,mastodon,3,0,0,1638289324
m.drcassone.com,up,mastodon,3,58,4211,1766901831
aquariumofyourbrain.masto.host,up,mastodon,3,201,2062,1686687611
ashka.me,up,mastodon,3,3424,16214,1650922401
javabubble.social,up,mastodon,3,384,7763,1672359682
fedi.hug.institute,up,mastodon,3,6338,7753,1764284444
xtom.social,up,mastodon,3,98,6593,1672773171
roko.basilisk.technology,up,mastodon,3,302,6550,1742001373
social.intothecloud.net,up,mastodon,3,924,14382,1668981998
mastodon.steph.social,up,mastodon,3,16,2224,1740221301
thebristol.social,up,mastodon,3,1253,9173,1669754526
m.alittlenook.net,up,mastodon,3,1623,11246,1751042355
mastodon.moonquake.name,up,mastodon,3,1,273,1740231245
weewee.social,up,mastodon,3,43,5070,1671214574
realmhopper.town,up,mastodon,3,11,2440,1752286383
tikatech.org,up,mastodon,3,53,4147,1742734646
ostatus.taiyolab.com,up,mastodon,3,12211,19127,1612578386
poststoffarm.de,up,mastodon,3,93,12429,1668990289
wulf.social,up,mastodon,3,687,6027,1668597235
matcha.pub,up,mastodon,3,108,5210,1700912787
mastodon.kovarovi.org,up,mastodon,3,50,1087,1669782116
mastodon.blankdevaux.fr,up,mastodon,3,2,6768,1696558035
mastodon.bostoncaucus.club,up,mastodon,3,658,16459,1668920078
mastodon.palmer.house,up,mastodon,3,2925,13116,1667974552
anasodon.com,up,mastodon,3,227,625,1680950954
observatory.social,up,mastodon,3,11060,954,1682700108
demo.interledger.social,up,mastodon,3,2,183,1740226491
social.bytten-studio.com,up,mastodon,3,124,9899,1669339459
mielke.social,up,mastodon,3,2499,4113,1671538376
mastodon.kosti.dev,up,mastodon,3,2,606,1671592684
mastodon.dduel.dev,up,mastodon,3,14,714,1695525545
byteheaven.net,up,mastodon,3,7743,13203,1671525911
kdn-pop.net,up,mastodon,3,3747,1911,1746539328
social.marcus.io,up,mastodon,3,451,6572,1688749796
this-is-fine.social,up,mastodon,3,76,3011,1741218353
mastodon.ar.al,up,mastodon,3,56780,47339,1612578270
social.thentrythis.org,up,mastodon,3,326,7175,1740217571
chat.noelle.codes,up,mastodon,3,31003,24005,1622331924
mastodon.saarland.social,up,mastodon,3,27,4816,1740217390
mastodon.mlsn.fr,up,mastodon,3,9685,12642,1688641912
social.t12.online,up,mastodon,3,771,6082,1699698189
social.mytinygiraffe.com,up,mastodon,3,44,3234,1751942200
macnemo.social,up,mastodon,3,25,2112,1676324432
thelounge.network,up,mastodon,3,699,23687,1669849925
caffeohibo.it,up,mastodon,3,805,3553,1757006186
westodon.com,up,mastodon,3,163,4756,1762738313
social.datarek.nl,up,mastodon,3,642,14033,1669858928
mastodon.obdev.at,up,mastodon,3,494,8091,1674289265
auralis.space,up,mastodon,3,112,15,1669224188
beltaine.day,up,mastodon,3,1128,94,1680686406
social.dcsl.dk,up,mastodon,3,0,7511,1667994876
mastodon.familie-jauss.de,up,mastodon,3,4,2888,1669566071
mofu.one,up,mastodon,3,209,12429,1639649497
girllich.link,up,mastodon,3,12,3234,1615076627
social.demi-sec.org,up,mastodon,3,58,5616,1668001469
cocoaheads.social,up,mastodon,3,52,2591,1680759307
mastodon.fo,up,mastodon,3,0,9,1668481289
kirikabu.fedicity.net,up,mastodon,3,20975,5365,1688833274
social.m1n1ster.com,up,mastodon,3,103,10327,1688299896
sometimesantisocial.media,up,mastodon,3,1340,7405,1670961757
hudsonhub.social,up,mastodon,3,1693,1586,1740221461
j12t.social,up,mastodon,3,2127,17052,1722457418
tooter.hellcat.net,up,mastodon,3,154,3733,1690907932
dtg.social,up,mastodon,3,285,3898,1703614644
social.polymath.net,up,mastodon,3,77,4748,1674197304
mstdn.geanix.com,up,mastodon,3,13,5272,1668757909
mastodon.tds.xyz,up,mastodon,3,2732,16170,1612578345
snep.place,up,mastodon,3,1801,8195,1707621272
mastodon.l0nax.org,up,mastodon,3,141,11246,1673664739
social.domov.de,up,mastodon,3,299,22016,1644379970
eloi.social,up,mastodon,3,147,87357,1671429301
mastodon.cronenberg.cc,up,mastodon,3,61,4976,1674333133
fediworld.social,up,mastodon,3,45,2001,1727250678
mas.greatlakes.club,up,mastodon,3,518,9262,1671327492
julianjulian.moe,up,mastodon,3,2997,8148,1612578269
social.nikos410.de,up,mastodon,3,319,10696,1634151056
about.to.be.nota.live,up,mastodon,3,39,684,1612578269
glitchsoc.bg-presents.us,up,mastodon,3,3726,8933,1740217447
mastodon.voege.net,up,mastodon,3,0,9441,1729993925
mastodon.elinvention.ovh,up,mastodon,3,196,6014,1755546848
meron.io,up,mastodon,3,1088,17551,1669864309
goark.fedicity.net,up,mastodon,3,13041,7595,1701606037
social.blep.cz,up,mastodon,3,121,4255,1642047665
tau-ceti.space,up,mastodon,3,19319,23054,1676375406
mas.gordons.gen.nz,up,mastodon,3,6291,11192,1612578266
bloor.tw,up,mastodon,3,9568,23975,1667336265
rusty.cat,up,mastodon,3,1341,11364,1612583518
mastodon.fozztexx.com,up,mastodon,3,3371,17319,1673745497
really.sleepytealcoder.com,up,mastodon,3,513,10523,1696683351
ambitopia.social,up,mastodon,3,266,5889,1722200991
pub.qu1x.one,up,mastodon,3,88,15492,1670161352
social.adamperfect.com,up,mastodon,3,361,9316,1675441721
mastodon.wtmo.cloud,up,mastodon,3,2,22,1766785596
sns.dougetsusha.com,up,mastodon,3,353,8865,1724568114
mastodoh.com,up,mastodon,3,18,5048,1672685016
masto.gock.haus,up,mastodon,3,53,1893,1753873456
antiquated.systems,up,mastodon,3,76,14522,1651548046
mastodon.gisvold.co.uk,up,mastodon,3,116,9789,1716280579
genista.osrx.chat,up,mastodon,3,1253,12254,1676501036
tinfoil.social,up,mastodon,3,103,5371,1670307430
social.cyberespresso.eu,up,mastodon,3,692,2488,1751314982
upload.chat,up,mastodon,3,802,9641,1668266931
mastodon.starfyre.de,up,mastodon,3,59,2460,1668469297
social.hispa.net,up,mastodon,3,22918,7385,1750277166
social.gergen.family,up,mastodon,3,12,4856,1675061310
okpeace.org,up,mastodon,3,151,3218,1668859448
rwx.ch,up,mastodon,3,272,8364,1667867635
mole.lynze.net,up,mastodon,3,1630,5859,1741848582
physik.cool,up,mastodon,3,117,5231,1668904975
foo.sx,up,mastodon,3,2346,20003,1612578266
troet.karlvalentin.de,up,mastodon,3,675,15602,1678980787
plwrtp.moonquake.name,up,mastodon,3,382,452,1720929765
social.schaffenburg.org,up,mastodon,3,478,8053,1672616530
tooclean.masto.host,up,mastodon,3,1,899,1741918710
mastodon.bithaven.cloud,up,mastodon,3,2888,3973,1764139421
ruz.social,up,mastodon,3,20850,4866,1668981453
tecnfy.com,up,mastodon,3,4651,12572,1612578267
foxfamily.online,up,mastodon,3,578,14305,1667954067
nullptr.rehab,up,mastodon,3,1249,8868,1712989016
social.mcwhirter.io,up,mastodon,3,9762,16138,1612581694
social.myexp.de,up,mastodon,3,0,7329,1668064254
ghetto-fabulo.us,up,mastodon,3,37,6585,1685282654
risonchu.social,up,mastodon,3,109,30750,1669975894
troet.wandel.social,up,mastodon,3,162,4654,1667841387
boothcomputing.social,up,mastodon,3,8855,22003,1668837056
beanut.link,up,mastodon,3,104,3,1766417089
nondeterministic.computer,up,mastodon,3,6133,30181,1667827837
pollyanna.social,up,mastodon,3,15583,14333,1671694116
social.luckvintage.com,up,mastodon,3,365,3592,1755443982
social.rsgames.org,up,mastodon,3,8,1140,1742451368
mastodon.inner-visions.net,up,mastodon,3,39,2755,1754352664
bluechakra.cloud,up,mastodon,3,489,16852,1674438846
existentialcrisis.link,up,mastodon,3,460,19586,1668594334
fedi.esgeroth.org,up,mastodon,3,1660,14855,1674841812
toot.burns.is,up,mastodon,3,16,2513,1704790052
musktodon.de,up,mastodon,3,2,5411,1668188485
mastodon.brdsnest.net,up,mastodon,3,15,9748,1671506389
bitnexus.social,up,mastodon,3,8,1822,1763332892
social.uprootnutrition.com,up,mastodon,3,18,1356,1740221461
mastodon.rehtiniko.xyz,up,mastodon,3,-2,2737,1669616565
dembowski.social,up,mastodon,3,7839,24294,1668935870
mastodon.7sdre.am,up,mastodon,3,31,5410,1675030575
social.lemee.co,up,mastodon,3,85,13453,1612578269
crabby.fyi,up,mastodon,3,1991,11204,1668283440
sleepyhe.ad,up,mastodon,3,108,14251,1737741343
betweenthelions.link,up,mastodon,3,41323,14358,1670662557
devhub.social,up,mastodon,3,46,4615,1740217719
hiryu-yakiniku.hostdon.ne.jp,up,mastodon,3,45389,59,1675647233
hp10z9.com,up,mastodon,3,11524,1049,1755444699
mastodon.simply-life.net,up,mastodon,3,1122,16111,1667626230
cbr.social,up,mastodon,3,37,3828,1740196922
sieweke.social,up,mastodon,3,3,1677,1668359252
zweibruecken.social,up,mastodon,3,761,10531,1673569269
interconnected.systems,up,mastodon,3,563,20229,1612578267
mastodon.jabbxi.de,up,mastodon,3,56,6525,1668271490
mastodon.rapidcow.org,up,mastodon,3,150,7,1712562616
cyber.digital-cache.cloud,up,mastodon,3,82,5955,1688178746
toot.kakurady.ca,up,mastodon,3,147,2225,1697642080
glitchy.upcloud.world,up,mastodon,3,578,6061,1755769719
mastodon.tuxbase.com,up,mastodon,3,57,2478,1762205074
mostlygood.xyz,up,mastodon,3,8067,17815,1694717335
dre.casa,up,mastodon,3,79,5332,1612578441
uncontrollablegas.com,up,mastodon,3,1362,14642,1612578268
social.s31bz.com,up,mastodon,3,447,11472,1747609840
masto.allerlei.it,up,mastodon,3,779,9189,1678670381
toot.glomzubuk.fr,up,mastodon,3,19,398,1651716117
mstdn.toonspell.net,up,mastodon,3,5662,123,1703614233
burmesehealthcare.channel.org,up,mastodon,3,0,0,1752262799
social.oarsnet.nl,up,mastodon,3,165,221,1690397918
j-ch.net,up,mastodon,3,70970,790,1684125970
mastodon.neilzone.co.uk,up,mastodon,3,11303,27687,1612578269
mastodon.skorpil.cz,up,mastodon,3,2470,23581,1619306378
mastodon.biophonpodcast.de,up,mastodon,3,14,2597,1700765633
charities.place,up,mastodon,3,6,4835,1766175653
social.mirkwood.io,up,mastodon,3,74,6706,1668416090
mastodon.ostertag.team,up,mastodon,3,1170,9799,1622135214
tosk.in,up,mastodon,3,178,9281,1671609444
social.potatoenergy.ru,up,mastodon,3,132,2993,1723634852
fedi.j1nk4l.com,up,mastodon,3,4930,12065,1720115805
roosendaal.social,up,mastodon,3,7,4876,1746825550
2k2k.org,up,mastodon,3,8,1484,1755621114
mstdn.mimikun.jp,up,mastodon,3,144700,16606,1612578270
mastodon.storhav.com,up,mastodon,3,2,1017,1765102808
mastodon.idwd.ch,up,mastodon,3,319,8685,1740217232
blog.housewayreth.org,up,mastodon,3,191,9820,1730420569
coleman.social,up,mastodon,3,194,8149,1669602908
mast.stalker.ee,up,mastodon,3,2,4690,1673721699
mastodon.sanpo-an.site,up,mastodon,3,1761,1306,1675661728
toots.inbutts.lol,up,mastodon,3,342,8779,1690296861
rabbit.x86.town,up,mastodon,3,27,4211,1674999932
mtd.ax9.eu,up,mastodon,3,30,10575,1612578269
soc.nochn.net,up,mastodon,3,6067,21138,1668940311
majak.de,up,mastodon,3,420,12131,1612578266
sur.social,up,mastodon,3,34,2418,1612578268
m.tkw.fm,up,mastodon,3,106132,19089,1630759156
slightly.social,up,mastodon,3,2740,15165,1668385919
itryhrd.com,up,mastodon,3,6,20,1704828635
neuropunks.org,up,mastodon,3,39,6699,1669240145
linden.social,up,mastodon,3,463,9307,1668296264
fed.jpegs.forsale,up,mastodon,3,927,1167,1668182602
mastodon.doufen.org,up,mastodon,3,3025,4877,1661868175
mastodon.todfox.site,up,mastodon,2,380,4114,1709504651
mastodon.hidden-reality.net,up,mastodon,2,43,5813,1764878754
m.undreaming.org,up,mastodon,2,10,7122,1704340101
mewitoot.de,up,mastodon,2,0,3968,1613405893
kachel.social,up,mastodon,2,560,13189,1667289483
csisac.social,up,mastodon,2,0,7,1653379673
mastodon.xrh0905.top,up,mastodon,2,17,4485,1660562864
johnmastodon.eu,up,mastodon,2,0,646,1671734345
huskies.online,up,mastodon,2,471,7166,1681228964
mastodon.wulfsige.com,up,mastodon,2,19,4090,1668851106
mastodon.dygytally.academy,up,mastodon,2,4,2994,1674592454
mastodon.hobbithole.com,up,mastodon,2,1,134,1669562912
mstdn.ht164.jp,up,mastodon,2,16244,7971,1612578265
mastodon.siteop.biz,up,mastodon,2,220,10997,1668617084
mammoth.nightcity.lu,up,mastodon,2,267,2,1717661773
social.paulderaaij.nl,up,mastodon,2,946,6806,1667951095
mastodon.cousinsd.net,up,mastodon,2,1,4,1669297350
fm7878.com,up,mastodon,2,56,3,1612578346
peace.parts,up,mastodon,2,0,192,1756376239
social.shadsy.net,up,mastodon,2,660,968,1731993423
mastodon.snakenode.eu,up,mastodon,2,36,5995,1612578265
social.saw.dev,up,mastodon,2,283,14,1692351139
wizarding-world.icu,up,mastodon,2,96374,12373,1676385787
larry.town,up,mastodon,2,401,12001,1676223684
thebluehydrangea.org,up,mastodon,2,52,66,1764844733
mastodon.bierschutzpartei.de,up,mastodon,2,6769,16438,1651001518
pub.eeruwang.me,up,mastodon,2,17423,3788,1669484752
mastodon.janusweb.org,up,mastodon,2,242,9696,1684520798
poto.cafe,up,mastodon,2,0,651,1651015275
m.aqr.af,up,mastodon,2,217462,16329,1612578266
fedifriends.social,up,mastodon,2,43905,9867,1693083273
selden.social,up,mastodon,2,138,10206,1731266857
mastodon.wormhole.eu,up,mastodon,2,6197,13230,1612578442
toot.morikka.me,up,mastodon,2,8690,4766,1612578266
felin.social,up,mastodon,2,3747,13650,1674410569
social.kubiak.me,up,mastodon,2,504,5657,1703164574
md.echoplex.info,up,mastodon,2,2,5761,1671472551
social.hertener-loewen.de,up,mastodon,2,217,96,1740238700
mastodon.timnolte.com,up,mastodon,2,2930,15193,1667779635
social.lino.cooking,up,mastodon,2,10,1169,1681225755
social.fwcr.de,up,mastodon,2,133,14811,1721946485
memo.nemorium.net,up,mastodon,2,433,3385,1747506421
social.axvig.com,up,mastodon,2,57,6020,1740934290
mstdn.tentonic.de,up,mastodon,2,2,2609,1682988402
mastodon.gaitenis.id.lv,up,mastodon,2,534,5484,1709797737
woof.lokinet.uk,up,mastodon,2,7,2043,1669371732
radon.social,up,mastodon,2,17683,6217,1667806027
fietser.social,up,mastodon,2,828,1036,1667639407
mastodon.futurist.info,up,mastodon,2,4672,14846,1747486562
mastodon.labhouse.fr,up,mastodon,2,27,4828,1740781760
real.badanalys.is,up,mastodon,2,49,6332,1669114279
toot.andr3.net,up,mastodon,2,392,10742,1667728127
higgy.social,up,mastodon,2,4117,9742,1689049456
social.funkwhale.audio,up,mastodon,2,100,9444,1697533982
social.karotte.org,up,mastodon,2,4066,8226,1702660930
pangu.hengsha.host,up,mastodon,2,2277,8986,1612578270
some.sakulehti.fi,up,mastodon,2,164,2929,1718988639
pz.lc,up,mastodon,2,3,3714,1706830846
social.neocloradas.com,up,mastodon,2,59,1089,1668905120
mastodon.huntsvillain.com,up,mastodon,2,75,6850,1667339029
mastodon.rfc1925.org,up,mastodon,2,44,18026,1668862335
mastodon.dlgreen.com,up,mastodon,2,66,10037,1669999617
mastodon.familleboisteau.fr,up,mastodon,2,1,3167,1694382566
social.machauer.dev,up,mastodon,2,1,5969,1650611652
mastodon.d4.social,up,mastodon,2,8,6708,1612578346
tigr.dad,up,mastodon,2,1061,6679,1687616483
some.skrolli.fi,up,mastodon,2,25,795,1669165281
nicht-so.social,up,mastodon,2,223,6559,1708257547
accioly.social,up,mastodon,2,1053,14601,1688895291
mastodon.fricloud.dk,up,mastodon,2,7,1410,1612579435
t.q12.im,up,mastodon,2,472,3469,1668528278
staging.mystical.garden,up,mastodon,2,25,167,1669837264
autisticpri.de,up,mastodon,2,2861,22018,1684336864
mastodon.akxnet.de,up,mastodon,2,0,6618,1671381401
social.hostpath.de,up,mastodon,2,221,18707,1612578266
social.mkj.earth,up,mastodon,2,2011,25499,1701106105
mastodon.pointless.net,up,mastodon,2,876,14016,1612578266
fedi.selfprivacy.org,up,mastodon,2,30,3199,1692825812
mastodon.ny4.dev,up,mastodon,2,333,6219,1716288817
nexus.torment.ca,up,mastodon,2,470,12007,1740217213
wants.coffee,up,mastodon,2,3,13552,1659109094
moosetodon.com,up,mastodon,2,743,11915,1667496099
mastodon.airi.tv,up,mastodon,2,105,2868,1668769134
m.earlymusicnews.org,up,mastodon,2,636,550,1756176640
mastodon.keekerdc.com,up,mastodon,2,454,8142,1668785799
spragleknas.no,up,mastodon,2,167,8400,1667999989
sick.social,up,mastodon,2,97,11181,1668267368
vm.io,up,mastodon,2,239,13396,1732289105
stoney.monster,up,mastodon,2,2472,18587,1669175832
don.hammons.llc,up,mastodon,2,40,3229,1681866833
noquieromierdas.com,up,mastodon,2,3,1671,1704326245
desu.social,up,mastodon,2,18064,28740,1612578268
peak.pub,up,mastodon,2,1,3682,1675218060
mastodon.esparrec.net,up,mastodon,2,10,193,1690197952
howells.social,up,mastodon,2,783,5992,1715553645
mastodon.net2o.de,up,mastodon,2,25187,20497,1687097451
ms.podonaut.com,up,mastodon,2,7,1439,1748968462
hamilton.social,up,mastodon,2,68,7844,1674413037
mstdn.klageweib.de,up,mastodon,2,13,3403,1668753782
weibo.zhangyuqing.cn,up,mastodon,2,1581,2697,1673795092
toot.phseiff.com,up,mastodon,2,22201,16527,1612578386
toot.chx.ovh,up,mastodon,2,66,9187,1668093657
jellystyle.social,up,mastodon,2,1466,9430,1669023984
mastodon.ffcentral.net,up,mastodon,2,409,8230,1750030272
mastodon.thesmircios.synology.me,up,mastodon,2,104,221,1687785341
solosociety.social,up,mastodon,2,74,3989,1670189191
toot.d3fc0n.one,up,mastodon,2,2,5100,1646268451
mastodon.alljoin.me,up,mastodon,2,468,5662,1676496286
mstdn.zeku.org,up,mastodon,2,24,10566,1676273934
social.eurorede.com,up,mastodon,2,4,142,1754133057
types.town,up,mastodon,2,2,3295,1742411433
social.kollegin.eu,up,mastodon,2,1709,101,1748861918
leanside.org,up,mastodon,2,35,7216,1681843062
supra.eco,up,mastodon,2,0,495,1766522181
myonlinepi.uk,up,mastodon,2,155,25798,1682744697
social.osur.ee,up,mastodon,2,260,4167,1740950522
mastodon.faked.org,up,mastodon,2,7,2135,1669112180
matya.social,up,mastodon,2,20,4410,1677569377
bikeshed.vibber.net,up,mastodon,2,15469,24835,1665253274
social.matriphe.net,up,mastodon,2,250,2428,1668544817
mastodon.weber.fi.eu.org,up,mastodon,2,8070,11362,1670023265
scl.kaffeemonster.com,up,mastodon,2,3532,9898,1677885797
grrl.me,up,mastodon,2,116,5966,1759990940
microblog.network,up,mastodon,2,73,1,1747833168
out.ruin.io,up,mastodon,2,324,14990,1681033107
chico-9yard-st.kr,up,mastodon,2,46,33,1748149556
md.dgty.uk,up,mastodon,2,15,1250,1729507651
rencher.industries,up,mastodon,2,43,8880,1674600132
dev.magincia.cafe,up,mastodon,2,0,1077,1665787423
social.zachcapalbo.com,up,mastodon,2,65,12677,1669082069
roark.voluminum.net,up,mastodon,2,22619,17761,1676588386
bassrock.social,up,mastodon,2,214,4147,1708130353
prisol.live,up,mastodon,2,0,416,1758379656
md.tals.dev,up,mastodon,2,146,5550,1709535546
toots.hd0.eu,up,mastodon,2,6,5933,1668339446
social.kenodriscoll.com,up,mastodon,2,138,4640,1669525361
m.t-8.me,up,mastodon,2,100,3968,1688536819
mastodon.nghtmr3.com,up,mastodon,2,1,5076,1746021091
mean.engineer,up,mastodon,2,1969,9811,1668940308
slon.yojik.net,up,mastodon,2,2,13947,1651441057
masto.knight-heron.org,up,mastodon,2,173,7190,1740217232
cavalina.net,up,mastodon,2,1608,8986,1669034238
m.trisweb.com,up,mastodon,2,8387,28794,1667577348
mastodon.tiennot.net,up,mastodon,2,1475,7355,1612578348
t.ghp.social,up,mastodon,2,2,731,1683502640
mstd.gg,up,mastodon,2,0,1642,1667935380
masto.dimebox.net,up,mastodon,2,43,4496,1732943915
mastodon.thedirtydis.co,up,mastodon,2,1,2769,1692751633
mastodon.deathbybandaid.net,up,mastodon,2,10,11430,1669848823
rairarai.hostdon.ne.jp,up,mastodon,2,57991,3012,1626665856
mastodon.batyrbloc.org,up,mastodon,2,3,760,1757287536
toot.dubdub.space,up,mastodon,2,248,2169,1683692230
tulipgardenshow.masto.host,up,mastodon,2,10329,13707,1674345643
mastodon.oday.net,up,mastodon,2,0,4183,1673790354
mastodon.meter-depot.com,up,mastodon,2,28,5553,1740101043
tny.social,up,mastodon,2,1506,6196,1669017485
rocketsnail.masto.host,up,mastodon,2,8479,8109,1650993977
eu-isoe-west-1.com,up,mastodon,2,9482,9051,1732588804
mastodon.jimmy-b.se,up,mastodon,2,1,3016,1743998166
mastodon.solidairesfinancespubliques.org,up,mastodon,2,253,4926,1692313539
algarrobo.masto.host,up,mastodon,2,9,1681,1765757958
meeple.social,up,mastodon,2,41,5775,1682475933
self.social,up,mastodon,2,1633,12688,1673770251
xmob.social,up,mastodon,2,29,405,1671399374
social.boeckli.net,up,mastodon,2,55,11570,1701523744
bfs.llc,up,mastodon,2,66,1868,1668556990
mstdn.chitose.org,up,mastodon,2,306747,9736,1612578268
dom.ke,up,mastodon,2,187,10312,1667655277
voip.social,up,mastodon,2,0,1052,1700231474
trolley.seattlebus.space,up,mastodon,2,4855,16945,1668757982
alfajet.masto.host,up,mastodon,2,4389,16303,1612578267
theclacks.cloud,up,mastodon,2,499,9713,1668252245
mastodon.lavergne.online,up,mastodon,2,253,7661,1612578266
twitter.resolvt.net,up,mastodon,2,3462,11156,1669050677
social.bwpost.online,up,mastodon,2,5,5812,1671206919
social.tumelum.de,up,mastodon,2,1270,14522,1627331569
mastodon.kryptykphysh.xyz,up,mastodon,2,811,10590,1667081485
social.pengins.dev,up,mastodon,2,56,7741,1669181851
social.webitel.me,up,mastodon,2,2476,7145,1676307379
nodo.comun.red,up,mastodon,2,4,6,1765860090
social.ipv64.de,up,mastodon,2,19,1659,1760186798
awp.news,up,mastodon,2,21477,1423,1669223835
social.dundeeradio.org,up,mastodon,2,1,3,1767186612
mstdn.musicforlife.jp,up,mastodon,2,312,8667,1713350920
mst.cyss.us.eu.org,up,mastodon,2,1,139,1720509424
mytoot.de,up,mastodon,2,1271,18349,1612578268
mastodon.feedmechocolate.com,up,mastodon,2,79,12731,1669761703
social.dave-vlab.com,up,mastodon,2,8,4068,1669547092
mastodon.phukuile.com,up,mastodon,2,285,5346,1677681082
mastodon.tinycart.club,up,mastodon,2,2390,16100,1671420720
social.action0.com,up,mastodon,2,60,4040,1672706021
mastodon.borstis.cloud,up,mastodon,2,8,15323,1689684735
social.linuxkram.de,up,mastodon,2,178,4678,1741567045
social.podnews.net,up,mastodon,2,4763,15449,1668855496
moss.vegas,up,mastodon,2,234,1255,1680710326
social.georgeb.net,up,mastodon,2,332,8118,1667926280
social.zoc.me,up,mastodon,2,207,2407,1669038107
mastodon.aspisdata.com,up,mastodon,2,488,5251,1612578270
hexa.club,up,mastodon,2,1643,12044,1743472343
social.heathenlab.net,up,mastodon,2,0,2,1758741953
michaonline.net,up,mastodon,2,160,6774,1612578345
mastodon.bitt.app,up,mastodon,2,10,436,1766251077
s.crschmidt.net,up,mastodon,2,11,391,1667932482
social.tinycyber.space,up,mastodon,2,587,13530,1688255847
joopleberry.garden,up,mastodon,2,308,5301,1668478124
audiomo.org,up,mastodon,2,21,1060,1765370695
mastodon.seanlunsford.com,up,mastodon,2,42,5999,1740221730
masto.jimmitchell.org,up,mastodon,2,76,2130,1763759759
social.zteo.com,up,mastodon,2,8,7355,1612578269
mastodon.mado.moe,up,mastodon,2,439,4410,1641121194
mastodon.kassepied.org,up,mastodon,2,196,7999,1668980395
social.stuetzle.cc,up,mastodon,2,368,10529,1739783583
musee.social,up,mastodon,2,2,1433,1668904985
mastadon.nerfed.net,up,mastodon,2,0,633,1740222195
m.aardling.social,up,mastodon,2,1613,3073,1709736733
mastodon.goip.de,up,mastodon,2,141,2224,1688521885
forensicpsychiatry.social,up,mastodon,2,2,1103,1667265908
mastodon.ai8w.ddns.net,up,mastodon,2,159,20615,1682213612
social.n8e.dev,up,mastodon,2,2330,24669,1668302807
social.cemocom.de,up,mastodon,2,0,9104,1686348375
mastodon.teppotastic.co.uk,up,mastodon,2,1,2639,1674374082
mastodon.xuereb.family,up,mastodon,2,16,230,1759935394
mastodon.swits.org,up,mastodon,2,15,441,1742406881
social.winter.ink,up,mastodon,2,1749,11923,1613417111
micro.charlesbeadle.tech,up,mastodon,2,16,1228,1763155641
social.callingallpapers.com,up,mastodon,2,6395,1492,1675701089
myanmar.channel.org,up,mastodon,2,0,1,1750984453
social.hackingand.coffee,up,mastodon,2,104,5458,1612578714
masto.onemanandhisblog.com,up,mastodon,2,919,10573,1704828621
social.detroit.hockey,up,mastodon,2,318,815,1696369436
masto.impermanente.es,up,mastodon,2,179,5731,1762380679
m1.minorthoughts.com,up,mastodon,2,397,6978,1668865669
m.wingu.se,up,mastodon,2,948,9984,1675023446
greens.channel.org,up,mastodon,2,0,161,1747209348
mastodon.qaq.li,up,mastodon,2,7,1420,1742133450
greiner.social,up,mastodon,2,124,7195,1674187655
mastodon.dev.fediscovery.org,up,mastodon,2,23,7,1740255133
wang.nz,up,mastodon,2,20,8593,1667829986
social.thinkingguy.com,up,mastodon,2,75,2145,1672950785
m1x.app,up,mastodon,2,12,4479,1674825214
foxi.sh,up,mastodon,2,379,6885,1669498459
social.zendit.digital,up,mastodon,2,35,2409,1760102901
nikkel.xyz,up,mastodon,2,0,6432,1667564318
toot.hoppet.cool,up,mastodon,2,57024,12330,1705038826
masto.machlis.com,up,mastodon,2,2620,18966,1688039780
us.andrewscom.net,up,mastodon,2,24,18838,1683745252
ossum.net,up,mastodon,2,75,7365,1667754183
fedi.sndr.uk,up,mastodon,2,1028,11348,1740217304
m.blank.org,up,mastodon,2,5861,22044,1668389609
mastodon.naiveapps.com,up,mastodon,2,116,6552,1674016907
bachmann.social,up,mastodon,2,254,10483,1668037187
technikpunk.net,up,mastodon,2,0,1618,1766773273
social.peanutsmediaserver.com,up,mastodon,2,22,2141,1719513733
masto.ezhevita.dev,up,mastodon,2,1082,24675,1667234488
shuttersociety.uk,up,mastodon,2,157,2794,1755444137
social.lokinet.uk,up,mastodon,2,0,9537,1668123033
negative.social,up,mastodon,2,34,5211,1671693500
pray.channel.org,up,mastodon,2,0,0,1743463755
istoleyour.pw,up,mastodon,2,14904,27091,1669027421
family.jmstevens.ca,up,mastodon,2,17,0,1696904091
masto.saturnforge.com,up,mastodon,2,168,5470,1707101142
mastodon.paftech.se,up,mastodon,2,25,5176,1667604468
yesr.net,up,mastodon,2,4,97,1766904615
mstdn.kurosuke.org,up,mastodon,2,571,7345,1612578269
mast.markla.in,up,mastodon,2,72,7204,1753734660
mastodon.miicat.eu,up,mastodon,2,3394,16835,1667693316
mtd.sysblog.at,up,mastodon,2,390,11464,1668751187
mstdn-dev.feddit.social,up,mastodon,2,1,592,1765261066
social.avery.cafe,up,mastodon,2,5116,15180,1612578271
jabber.net.nz,up,mastodon,2,47016,9632,1716347817
mstdn.asterism.xyz,up,mastodon,2,324058,14137,1612578268
toot.onlyfans.tokyo,up,mastodon,2,30,3374,1668326425
tlv.cool,up,mastodon,2,912,8148,1674182829
scoat.es,up,mastodon,2,3059,18257,1667602458
social.pigelet.org,up,mastodon,2,2,4247,1612578345
torisan.party,up,mastodon,2,25115,9414,1688661678
kopepasah.com,up,mastodon,2,435,7193,1703546280
federator.de,up,mastodon,2,386,7131,1702951771
mstdn.matthewmcgranahan.me,up,mastodon,2,2502,9040,1710109781
vim.town,up,mastodon,2,12,3874,1682348922
mstdn.matsu.icu,up,mastodon,2,326,3388,1704857632
mastodon.boogstreken.be,up,mastodon,2,321,2530,1667961975
mastodon.kichi2004.jp,up,mastodon,2,38,407,1668904971
sleepygremlin.online,up,mastodon,2,150074,168,1620412721
lovelace.social,up,mastodon,2,3413,15176,1676494146
hamfam.party,up,mastodon,2,1,121,1760605005
ztechnical.net,up,mastodon,2,4,3951,1677923008
mstdn.soysoftware.net,up,mastodon,2,12303,4432,1612578266
hypno.church,up,mastodon,2,46,5299,1612578267
wolp.tech,up,mastodon,2,787,6540,1764021954
shen.zone,up,mastodon,2,9,27,1748438188
social.feep.org,up,mastodon,2,441,14663,1668089660
lurk.nop.chat,up,mastodon,2,2,2919,1740222195
mastodon.theyosh.nl,up,mastodon,2,208,5428,1670079024
t.testitfor.me,up,mastodon,2,650,1497,1674958678
nfra.club,up,mastodon,2,864,17170,1669430676
sns.taking.kr,up,mastodon,2,67,1686,1721539282
malenfant.net,up,mastodon,2,426,15351,1690113730
social.cisoft.co.cr,up,mastodon,2,0,2,1668435655
social.meenzen.net,up,mastodon,2,704,18599,1667339034
masto.libre.brussels,up,mastodon,2,0,3701,1612578268
don.secretbatcave.co.uk,up,mastodon,2,4989,11656,1668353777
bananen.software,up,mastodon,2,132,10022,1705402614
merida.social,up,mastodon,2,168,3564,1755812235
ots.social,up,mastodon,2,44,4740,1668972759
social.unextro.net,up,mastodon,2,2739,18988,1612578269
techtett.de,up,mastodon,2,88,5441,1748349635
mastodon.katniss.top,up,mastodon,2,11,11028,1688273996
hu.fedihost.io,up,mastodon,2,1,91,1762974029
mone.dev,up,mastodon,2,218,5250,1670137262
social.f1sh.de,up,mastodon,2,169,10015,1651173967
gursoy.social,up,mastodon,2,1617,12439,1686848837
pastel-pink.life,up,mastodon,2,11419,185,1695347793
social.huginn.uk,up,mastodon,2,1440,10729,1687563375
nonsense.direct,up,mastodon,2,870,10443,1667349072
mastodon.twiddlebang.org,up,mastodon,2,76,11185,1668246722
mightyena.com,up,mastodon,2,57,1071,1690278985
fedinerds.net,up,mastodon,2,520,13364,1669005261
mastodon.robcrz.com,up,mastodon,2,0,297,1753767340
nejiamasi.com,up,mastodon,2,863,6096,1612578344
social.clawhammer.net,up,mastodon,2,319,9209,1669166886
trpg.cyou,up,mastodon,2,132,6180,1742293926
social.brage.fr,up,mastodon,2,11102,6547,1673573538
social.dario.cloud,up,mastodon,2,26,4781,1676781171
unifed.io,up,mastodon,2,15,5748,1763793597
klunscher.social,up,mastodon,2,3,9779,1682936092
tsukeru.moe,up,mastodon,2,0,3143,1690192595
indifferent.observer,up,mastodon,2,33,1974,1752064354
mastodon.vladovince.com,up,mastodon,2,5567,17800,1667893362
thomasjpr.social,up,mastodon,2,92,8511,1669991503
timeline.wtf,up,mastodon,2,29,1947,1712338264
mastodon.parastor.net,up,mastodon,2,1862,18250,1667925562
derg.zone,up,mastodon,2,99,3701,1689517230
brainless.social,up,mastodon,2,2793,7717,1740218519
scores.social,up,mastodon,2,165,274,1674118978
social.nove-b.dev,up,mastodon,2,28891,5113,1729233299
mastodon.drewhess.social,up,mastodon,2,75,12110,1675323337
mastodon.egroc.de,up,mastodon,2,1504,6823,1651094969
m.otlab.dev,up,mastodon,2,42,2381,1752765606
stonebird.house,up,mastodon,2,7,3228,1761494123
toots.n7.gg,up,mastodon,2,1907,10249,1652480999
mstdn-test.sublimer.me,up,mastodon,2,31,493,1688867982
mastodon.novadata.app,up,mastodon,2,531,3564,1705931493
censurion.tk,up,mastodon,2,0,2107,1619554027
vk.me-db.ru,up,mastodon,2,1,36,1763947066
ap.pachy.social,up,mastodon,2,0,7369,1671834059
p.gow.fr,up,mastodon,2,21,2072,1675894854
social.darndt.de,up,mastodon,2,2,3230,1698427286
sns.govanify.com,up,mastodon,2,57,6734,1641134885
tooting.intensifi.es,up,mastodon,2,39847,20102,1612578269
nothavingthis.co.uk,up,mastodon,2,6,6812,1715524268
mastodon.sysctl.io,up,mastodon,2,641,9100,1651489895
karakun.social,up,mastodon,2,139,3207,1697858674
radio.quaqoostore.net,up,mastodon,2,5492,2613,1693088598
zusammenkunft.net,up,mastodon,2,13035,21804,1668840577
talk.drdiddlybadger.com,up,mastodon,2,418,5919,1684465752
democ.horse,up,mastodon,2,1,2304,1669633084
social.umb.schurawlow.me,up,mastodon,2,0,1,1746421307
mastodon.ptolemaios.fr,up,mastodon,2,6190,11036,1690510994
newsmastfoundation.channel.org,up,mastodon,2,0,66,1747145480
tiny.sengis.net,up,mastodon,2,49,3379,1712348860
7oday.social,up,mastodon,2,8,1549,1749367450
social.overclockmp.io,up,mastodon,2,9,2599,1726681755
social.maxxroot.com,up,mastodon,2,1,845,1688902508
myprivate.social,up,mastodon,2,794,10204,1669574651
mastodon.revsuine.xyz,up,mastodon,2,20,2295,1732741053
chabant.social,up,mastodon,2,3449,18705,1612578266
social.redbarrel.net,up,mastodon,2,0,5568,1707916026
mastodon.kirgus.net,up,mastodon,2,31,2943,1674635984
toot.norbipeti.eu,up,mastodon,2,1055,11766,1693800869
mamuti.ieleja.lv,up,mastodon,2,476,1292,1682639836
mastodon.nexusuk.org,up,mastodon,2,3002,26643,1668201809
yoru.cc,up,mastodon,2,10,406,1762984734
social.practicalbytes.de,up,mastodon,2,0,2072,1676478607
mastodon.toaruden.net,up,mastodon,2,207,930,1697196519
no-outlet.com,up,mastodon,2,2336,10817,1687136506
haku-655.hostdon.ne.jp,up,mastodon,2,16944,2855,1738750330
mastodon.s-rechner.de,up,mastodon,2,0,1124,1746179717
m.fa.gl,up,mastodon,2,7000,22803,1667450353
social.equinoxe-libre.org,up,mastodon,2,7,473,1757293190
masto.doserver.top,up,mastodon,2,1806,14259,1692728912
twt.auridh.me,up,mastodon,2,0,217,1749134163
sandbox.nyanya.net,up,mastodon,2,2,98,1688872675
kotur.eu,up,mastodon,2,100,6825,1744287934
toast.dragon2611.net,up,mastodon,2,5824,15447,1687365163
denotation.link,up,mastodon,2,143,4390,1745835929
otter.cx,up,mastodon,2,432,8557,1707205384
mastodon.haetsal.me,up,mastodon,2,18,2098,1681748781
hifish.social,up,mastodon,2,18,1927,1666602604
m.h.riedel.nyc,up,mastodon,2,6,1904,1696672282
mast.madmolelabs.com,up,mastodon,2,100,3376,1740217390
jellyfishtxt.hostdon.ne.jp,up,mastodon,2,14,1556,1677137623
thedayroom.social,up,mastodon,2,7,2745,1757276784
microscopic.network,up,mastodon,2,276,14520,1667715658
mastodon.cosroe.com,up,mastodon,2,138,8049,1712132132
ki6bjv.social,up,mastodon,2,185,10016,1688862692
social.cyber.harvard.edu,up,mastodon,2,36,1143,1671604681
social.pacna.org,up,mastodon,2,227,7672,1667704193
lattia.loyi.dev,up,mastodon,2,79,199,1762931538
uuchten.lu,up,mastodon,2,23,13616,1662855106
social.piweb.be,up,mastodon,2,337,8707,1612578268
edafe.social,up,mastodon,2,412,11456,1703966743
social.jmstevens.ca,up,mastodon,2,0,54,1696561223
ptibistrot.danslesbois.net,up,mastodon,2,128,2275,1702756316
mast.solarisfire.com,up,mastodon,2,2969,23870,1672870842
h3xtacy.party,up,mastodon,2,47,1277,1637889649
social.lecker.coffee,up,mastodon,2,198,14439,1612578266
m.superuser.one,up,mastodon,2,4105,14827,1669030010
mastodon.launay.org,up,mastodon,2,2506,13232,1651964378
the-crossroads-inn.com,up,mastodon,2,3138,12596,1697016756
saturndust.net,up,mastodon,2,91,1675,1731470406
mstdn.ipol.social,up,mastodon,2,24,5324,1671793298
marcella.masto.host,up,mastodon,2,1031,9188,1758690889
pub.kreig.rocks,up,mastodon,2,9,623,1689281904
noko.social,up,mastodon,2,580,7440,1731976319
social.pieter.ninja,up,mastodon,2,11,1838,1612578345
parrygod.club,up,mastodon,2,60,2473,1612578345
demiboy.gay,up,mastodon,2,10884,10925,1689309615
social.scholzbande.de,up,mastodon,2,10,5467,1635087412
mariagesociere.com.es,up,mastodon,2,1344,1617,1740217213
fedi.zowi.ee,up,mastodon,2,235,4923,1721413238
mastodon.tavernaro.synology.me,up,mastodon,2,6,1,1731062863
smilton.net,up,mastodon,2,6,2678,1669038107
jbof.eu,up,mastodon,2,18,7820,1740217705
zepi.social,up,mastodon,2,132,5859,1668792643
stareinto.space,up,mastodon,2,696,12017,1668010890
mastodon.blitz-netzwerk.de,up,mastodon,2,1531,5026,1707855970
social.markofall.com,up,mastodon,2,15,5846,1612578346
don.r-pe.net,up,mastodon,2,212,42,1688977518
social.openbydefau.lt,up,mastodon,2,38,2579,1750183694
mastodon.adtension.com,up,mastodon,2,3685,5356,1670929973
nunu.fedicity.net,up,mastodon,2,6063,10996,1703652015
mastodon.self-hosted.site,up,mastodon,2,79,2058,1669058575
gulo.monster,up,mastodon,2,4,6155,1700082975
social.manysid.com,up,mastodon,2,26,8717,1669061320
svu.social,up,mastodon,2,27,47,1706464239
mastodon.wolkenheim.eu,up,mastodon,2,286,4702,1749124346
shellsharks.social,up,mastodon,2,2213,17929,1709097899
pxi.social,up,mastodon,2,2580,17499,1668380633
social.nathandyer.me,up,mastodon,2,804,15501,1689030785
colovo.com,up,mastodon,2,148,16823,1677730243
social.mqtr.es,up,mastodon,2,0,3856,1676646746
mstdn.team-rescue.com,up,mastodon,2,55,11,1693730680
mastodon.meh.cat,up,mastodon,2,27,2721,1740231245
abando.social,up,mastodon,2,673,6781,1680234640
s.datais.me,up,mastodon,2,418,5609,1740217156
m.terryx.com,up,mastodon,2,20,4606,1651404273
mitten.dur.ch,up,mastodon,2,603,12711,1670367565
bucher.naturesmeatcandy.org,up,mastodon,2,79,8025,1669401252
nerdistan.cloud,up,mastodon,2,10,4998,1670418226
nya.otter.sh,up,mastodon,2,16984,13987,1653669790
mastodon.wolvar.net,up,mastodon,2,96,1699,1671551322
writ.live,up,mastodon,2,364,10149,1669091333
hola-soy-milk.online,up,mastodon,2,1271,8887,1683252497
autisticnomad.social,up,mastodon,2,3257,12318,1694698480
mastodon.mindlesstux.com,up,mastodon,2,3,4520,1612578265
mast.yourautisticlife.com,up,mastodon,2,11980,20540,1691299246
social.braxo.se,up,mastodon,2,1953,12436,1678013492
social.jirutka.cz,up,mastodon,2,710,9308,1692574662
social.antonywalton.com,up,mastodon,2,1,2156,1674237478
mstdn.omaera.org,up,mastodon,2,2,165,1612578266
astrel.la,up,mastodon,2,50,7681,1674072935
mstdn.azrak.io,up,mastodon,2,0,2,1759567990
odinson.odin.nohost.me,up,mastodon,2,8,299,1765172675
masto.slpin.com,up,mastodon,2,1,12,1767207621
pateti.co,up,mastodon,2,53,3616,1672729739
social.node001.net,up,mastodon,2,11696,13834,1654212499
opinuendo.com,up,mastodon,2,6323,16668,1674023074
social.pileus.ch,up,mastodon,2,0,8370,1711539673
info.performing-arts.ch,up,mastodon,2,155,2286,1671782113
rubi.gd,up,mastodon,2,607,3727,1612578346
mastodon.benkard.de,up,mastodon,2,9,714,1688398683
social.yeschenko.com,up,mastodon,2,2469,11097,1669660329
social.over-world.org,up,mastodon,2,31,4437,1612580839
abraham.social,up,mastodon,2,39,3034,1673409004
mastodon.half-shot.uk,up,mastodon,2,2988,20297,1667871071
omnitest.social,up,mastodon,2,6,4197,1669510934
navi.social,up,mastodon,2,6,5,1766646179
mst.slu.mx,up,mastodon,2,25,5255,1676237406
social.controlaltdieliet.be,up,mastodon,2,45,2224,1763775861
mastodon.blanu.net,up,mastodon,2,327,6409,1636938825
testhub.channel.org,up,mastodon,2,0,1,1764137247
endsky.de,up,mastodon,2,9,146,1767050314
social.rust-lang.org,up,mastodon,2,53,15279,1696711901
are.sexy,up,mastodon,2,122,5941,1671547305
mstn.milow.me,up,mastodon,2,21,132,1766603187
0x000.co,up,mastodon,2,180,3464,1746605965
social.nettek.at,up,mastodon,2,95,9825,1612578267
witchlounge.ca,up,mastodon,2,33,6646,1677725382
m.yerp.io,up,mastodon,2,406,4396,1668228749
maxpe.todon.de,up,mastodon,2,0,6411,1668250993
mastodon.gibald.com,up,mastodon,2,8,6292,1672704770
medshake.fr,up,mastodon,2,64,1864,1746227749
kroo.co,up,mastodon,2,0,2170,1668936405
soc.stepman.guide,up,mastodon,2,180,7902,1668777528
toot.sosh.co.uk,up,mastodon,2,1800,8298,1678825682
mastodon.rata.red,up,mastodon,2,14,62,1761443746
mast.tpz.de,up,mastodon,2,65,10290,1668446482
mastodon.pccl.me,up,mastodon,2,0,3447,1669171854
don.nakochi.me,up,mastodon,2,1118,1014,1688525259
mastodon.themetaldog.net,up,mastodon,2,16273,1862,1745697046
social.mai.nz,up,mastodon,2,2,1904,1668511132
listodon.com,up,mastodon,2,52,5180,1710485935
aseriesoftubes.social,up,mastodon,2,388,9300,1668128681
mastodon.colincogle.name,up,mastodon,2,5914,12343,1709412578
mastodon.bruckner.email,up,mastodon,2,1143,10023,1730826772
mastodon.mudkips.net,up,mastodon,2,331,10205,1667881302
wstrsd.masto.host,up,mastodon,2,48166,10942,1676080474
social.aaroncrocco.com,up,mastodon,2,4275,24174,1670448152
noxon.cc,up,mastodon,2,4745,21544,1675122994
docviper.de,up,mastodon,2,207,15608,1667345479
mastodon.disiere.social,up,mastodon,2,7,685,1763061408
notclickable.social,up,mastodon,2,799,9438,1674852201
social.unwi.re,up,mastodon,2,122,6907,1762900910
antarian.social,up,mastodon,2,64,8021,1740217213
digitalstuntfactory.com,up,mastodon,2,3766,17132,1668857082
social.tlg-media.de,up,mastodon,2,1,316,1764693452
bl-community.channel.org,up,mastodon,2,0,11,1743287982
social.goblfc.org,up,mastodon,2,656,2013,1668726298
social.fedida.com,up,mastodon,2,11,1833,1668369888
social.gridp7.de,up,mastodon,2,1,1842,1748676511
mastodon.mobbs.me,up,mastodon,2,1,517,1751440578
techlife.zone,up,mastodon,2,473,4529,1764571948
social.lama-corp.space,up,mastodon,2,2,12060,1709579002
social.ulysses.app,up,mastodon,2,184,7324,1675375704
mastodon.stochastique.io,up,mastodon,2,11,1712,1740221916
thirdrock.social,up,mastodon,2,5,1851,1745213748
mastodon.oxus.net,up,mastodon,2,1,102,1668531935
social.ivydra.com,up,mastodon,2,166,5518,1676092059
smnn.ch,up,mastodon,2,1349,16977,1669007235
mastodon.mariusdavid.fr,up,mastodon,2,943,13638,1651148326
wolvesare.sexy,up,mastodon,2,618,11250,1667552784
potla.ch,up,mastodon,2,384,10577,1672847562
mastodon.caylee.de,up,mastodon,2,26,2982,1670768136
masto.nicolastissot.fr,up,mastodon,2,2380,8459,1698581890
m.on-trails.com,up,mastodon,2,3411,3504,1709046410
mastodon.oysta.au,up,mastodon,2,2844,12720,1668577389
masto.fr-transmasc.space,up,mastodon,2,31,2690,1759951414
knottywolf.sexy,up,mastodon,2,235,1820,1669008589
mstdn.kaznak.work,up,mastodon,2,6173,4275,1744808784
gaken.social,up,mastodon,2,25,7418,1674342905
roshless.me,up,mastodon,2,295,4331,1612578441
mastodon.iocularis.org,up,mastodon,2,0,4322,1724730263
mastodon.darkflame.dev,up,mastodon,2,0,6741,1676957140
social.northbaypython.org,up,mastodon,2,1003,13956,1690500363
pinsapo.cc,up,mastodon,2,119,4222,1766171277
social.foxes.life,up,mastodon,2,4210,10483,1668242842
mastodon.gamezonline.me,up,mastodon,2,0,325,1744851831
www.omeowgle.com,up,mastodon,2,192,179,1651672300
social.spielenmitlili.com,up,mastodon,2,234,1998,1720915334
summer.channel.org,up,mastodon,2,0,0,1751410085
gsw.social,up,mastodon,2,0,3,1678380508
curloftheburl.nylarea.com,up,mastodon,2,357,8505,1743366180
m.courtneyr.co,up,mastodon,2,1291,10260,1716237235
mastodon.s3-dev.ovh,up,mastodon,2,733,361,1761583204
familypath.net,up,mastodon,2,11,65,1763845097
seekers.nz,up,mastodon,2,33,150,1765165270
null.ptr.fm,up,mastodon,2,180,6633,1669232876
albireo.am0300snow.com,up,mastodon,2,1078,1748,1717918447
mastodon.desmu.fr,up,mastodon,2,3056,14684,1612578269
mastvie.eu,up,mastodon,2,36,6749,1706222470
mtd.usagi-gumi.jp,up,mastodon,2,3015,5822,1671878374
minds.excession.llc,up,mastodon,2,11,3480,1667562471
mastodon.leblanc.io,up,mastodon,2,9,6675,1615690539
mastodon.gadgetoid.com,up,mastodon,2,1054,1898,1671393972
soc.nym.se,up,mastodon,2,415,11143,1704416483
stunlock.social,up,mastodon,2,0,4,1674009647
mastdn.f5.si,up,mastodon,2,60,6656,1712294828
harbour.cafe,up,mastodon,2,983,9575,1651104049
mastodon.shodan.io,up,mastodon,2,205,4193,1672615106
mastodon.noctis.at,up,mastodon,2,18,739,1755602352
social.willfurnell.com,up,mastodon,2,57,3975,1671407278
vault37.xyz,up,mastodon,2,147,12348,1706555031
mastodon.deepak.science,up,mastodon,2,53,6300,1651201799
mastodon.rctatman.com,up,mastodon,2,550,6419,1651112390
social.thesisterverse.com,up,mastodon,2,4,776,1765103112
social.niso.org,up,mastodon,2,786,4907,1672359682
mastodon.astifter.com,up,mastodon,2,635,7667,1651928900
soc.spla.cat,up,mastodon,2,4,47,1765985506
bronyfurry.com,up,mastodon,2,45,1147,1649777856
mastodon.madhouse.org,up,mastodon,2,726,8663,1673738138
social.path-of-chaos.com,up,mastodon,2,7,378,1740987362
mastodon.berton.me,up,mastodon,2,17,981,1612578348
masto3.de,up,mastodon,2,5,694,1761973973
social.diamondtin.com,up,mastodon,2,40,422,1731552156
mastodon.ctrl-c.liu.se,up,mastodon,2,29,15372,1669394602
mastodon.heer.xyz,up,mastodon,2,17,8077,1675094262
misanthrope.social,up,mastodon,2,5582,15476,1668996367
mastodon.sujets-libres.fr,up,mastodon,2,167,9289,1668251876
fedii.xn--n3haa.ws,up,mastodon,2,24,234,1675503603
mastodon.nesven.eu,up,mastodon,2,12,7063,1612578345
mastodon.kfed.org,up,mastodon,2,4,920,1711832231
social.drxem.de,up,mastodon,2,12,62,1766625023
osintunleashed.masto.host,up,mastodon,2,122,3621,1698795335
mtd.asukadns.net,up,mastodon,2,110,26,1740227518
toot.mattedwards.org,up,mastodon,2,967,23546,1621625665
social.tree.dance,up,mastodon,2,24,14551,1682515221
social.itshalfempty.com,up,mastodon,2,179,3125,1719088004
xbn.ch,up,mastodon,2,56,336,1766209610
mammut.sch.moe,up,mastodon,2,2297,13408,1719585471
mastodon.rolandvanipenburg.com,up,mastodon,2,34,678,1719572793
mastodon.maurovanetti.info,up,mastodon,2,885,6144,1688166208
mastodon.wivodaim.ch,up,mastodon,2,176,4623,1755445914
mastodon.sacklzefix.de,up,mastodon,2,1,2846,1672706021
panatropic.social,up,mastodon,2,45,1777,1669257768
garver.social,up,mastodon,2,4,1155,1671270826
m.lyorz.me,up,mastodon,2,7,108,1766458920
masto.maechler.cloud,up,mastodon,2,197,5505,1740217156
mastodon.ladon-dragon.net,up,mastodon,2,351,9490,1667815610
mstdn.bdms.ca,up,mastodon,2,722,14692,1690917743
praxis.gay,up,mastodon,2,1,2344,1745146090
maron.blue,up,mastodon,2,151,7296,1612578267
copland.social,up,mastodon,2,657,9275,1676069859
blue-write.com,up,mastodon,2,2680,142,1691748651
social.studio.link,up,mastodon,2,19,4128,1704608656
mastodon.netconnect.icu,up,mastodon,2,0,2991,1763826980
remotelab.uk,up,mastodon,2,1632,11522,1672232410
secluded.ch,up,mastodon,2,20,15127,1668979306
collectivedisorder.com,up,mastodon,2,106,5666,1740402216
chiroptera.space,up,mastodon,2,6,801,1742802380
mstdn.axtch.net,up,mastodon,2,3432,19253,1651064939
mastodon.downstairsgeek.com,up,mastodon,2,77,4569,1740217448
mastodon.neosite.com.ar,up,mastodon,2,339,3561,1753428911
hamhamm.social,up,mastodon,2,591,6752,1740217156
social.qownnotes.org,up,mastodon,2,569,9136,1629424506
antisocial.ly,up,mastodon,2,1368,15130,1653366656
m.ansd.xyz,up,mastodon,2,48,8469,1668230086
enshittified.tech,up,mastodon,2,2,578,1750840796
mastodon.themarkup.org,up,mastodon,2,678,22307,1676470894
mastodon.wasnt.net,up,mastodon,2,0,9971,1667503509
xn--llq98d.jp,up,mastodon,2,35,597,1708899050
mastodon.sudoxreboot.com,up,mastodon,2,1,45,1765900344
tokless.com,up,mastodon,2,26419,1,1677763554
d20.social,up,mastodon,2,1825,10090,1612578269
cleverdevil.club,up,mastodon,2,2578,12721,1668833028
toot.nullbrain.nexus,up,mastodon,2,10,1975,1765268032
social.gorritodeplata.xyz,up,mastodon,2,586,10330,1666296215
toot.bieniek-it.de,up,mastodon,2,2,3123,1702640111
mastodon.vandevoor.de,up,mastodon,2,582,4937,1668904961
mstdn.221b.uk,up,mastodon,2,20,1277,1672059343
chatty.littleblue.men,up,mastodon,2,0,3520,1678857809
social.blach.io,up,mastodon,2,617,8244,1669334407
mastodon.we-cloud.de,up,mastodon,2,2,3287,1651322698
social.souverain.ovh,up,mastodon,2,144,3854,1758464099
nastycandy.com,up,mastodon,2,56,2544,1674358627
magical-ribbon.net,up,mastodon,2,27,12854,1680784633
social.zetritech.com,up,mastodon,2,2,1184,1740228893
ap.umedasp.co.jp,up,mastodon,2,70,851,1612578268
bussmann.social,up,mastodon,2,992,12983,1673708335
snippet.dappur.tech,up,mastodon,2,22,4382,1748175294
toot.xdncs.com,up,mastodon,2,8,93,1668511113
toots.im,up,mastodon,2,656,7323,1668047049
tracyverse.social,up,mastodon,2,8,6623,1691282774
mastodon.tstm.info,up,mastodon,2,6,6902,1671390362
ap.sip.sh,up,mastodon,2,57,,1707516056
misc.name,up,mastodon,2,1007,14533,1630639662
masto.drydenhouse.org,up,mastodon,2,509,8486,1672884356
caluser.social,up,mastodon,2,8,4472,1673640876
m.phase.org,up,mastodon,2,8064,24915,1667303346
social.aether.earth,up,mastodon,2,25,3157,1761665299
mas.torpidity.net,up,mastodon,2,5083,7787,1729846145
agency.spaceagency.space,up,mastodon,2,84,4495,1704329762
hyde.love,up,mastodon,2,625,422,1759165171
the.unforgiven.pl,up,mastodon,2,20,979,1668550055
fedi.machaj.info,up,mastodon,2,370,10969,1669577565
social.laslie.de,up,mastodon,2,0,906,1763353236
fasol.org,up,mastodon,2,2033,18487,1688542707
xn--kdk0c930v.com,up,mastodon,2,27,1934,1668972260
nullderef.tech,up,mastodon,2,5,1243,1756729824
maguire.social,up,mastodon,2,15,2233,1669830948
social.yearg.in,up,mastodon,2,1834,15502,1668477786
mastodon.laphorum.com,up,mastodon,2,1,2,1751623728
mastodon.casjay.social,up,mastodon,2,1,2112,1732062011
social.altetanke.com,up,mastodon,2,844,5699,1682175528
brie.lol,up,mastodon,2,1559,1658,1740247796
spooner.social,up,mastodon,2,1,2884,1675540375
the.tonytiger.club,up,mastodon,2,71,10028,1689847739
social.therestartproject.org,up,mastodon,2,2,108,1669708383
allfuckers.com,up,mastodon,2,204,937,1749179538
m1.thosemartins.net,up,mastodon,2,915,16336,1668940249
lab.wheelsbot.dev,up,mastodon,2,520,10685,1753658630
mastodon.r-flash.eu,up,mastodon,2,537,13023,1667097705
chromium.social,up,mastodon,2,723,7761,1673889911
criticalrolestats.com,up,mastodon,2,1756,531,1668913959
pub.calebhearth.com,up,mastodon,2,2040,17848,1675479173
mstdn.wolfpeach.net,up,mastodon,2,14,8541,1745115389
mstdev.stcpt.com,up,mastodon,2,34,13,1677024071
mmnews.channel.org,up,mastodon,2,0,0,1744213240
smeap.com,up,mastodon,2,10822,17854,1612578267
hemmer.land,up,mastodon,2,2289,10206,1612578345
social.u2s.cloud,up,mastodon,2,1427,10870,1639649496
grammus.net,up,mastodon,2,144,10156,1677254207
mastodon.mernacher.at,up,mastodon,2,0,936,1651091132
mastodon.kurumah.dev,up,mastodon,2,1834,7683,1668269607
social.peregrinor.net,up,mastodon,2,957,7451,1672737602
mastodon.tychosystems.uk,up,mastodon,2,428,1952,1712888865
bonk.expert,up,mastodon,2,1083,8870,1700530148
brocks.social,up,mastodon,2,1254,15742,1612578388
m.mew.gay,up,mastodon,2,189,4699,1726113198
masto.cyanbane.com,up,mastodon,2,439,9556,1682115018
mastodon.macalinao.org,up,mastodon,2,217,9007,1668303046
social.adlerhorst.net,up,mastodon,2,1004,10274,1668298968
mastodon.kxn4t.tech,up,mastodon,2,110687,7853,1612578266
toot.sg,up,mastodon,2,355,1074,1654592877
lagopine.lgbt,up,mastodon,2,651,6432,1716391432
social.wildlife-cloud.com,up,mastodon,2,92,4814,1740217218
my.devsuite.app,up,mastodon,2,28,8955,1722465275
fashionviz.xyz,up,mastodon,2,211,12576,1667805195
ipjmast.b3lt3r.com,up,mastodon,2,0,5960,1760722458
atx.social,up,mastodon,2,1824,10973,1612578390
social.nelson.zone,up,mastodon,2,11,129129,1671693456
cybernetic.monster,up,mastodon,2,119,3066,1757568205
social.cooltux.net,up,mastodon,2,298,9823,1673442408
mutant.cz,up,mastodon,2,199,5116,1668618740
floof.link,up,mastodon,2,4318,4110,1670016883
mastodon.goroundtrip.co,up,mastodon,2,3,171,1674445486
mastodon.lepik.eu,up,mastodon,2,63,1971,1670324162
ku-kan-ya.hostdon.ne.jp,up,mastodon,2,1163,3473,1681555690
social.leuchtstark.dev,up,mastodon,2,69,3882,1758918544
roddie.social,up,mastodon,2,1022,11932,1724455696
watzmann.social,up,mastodon,2,241,3433,1762531325
unitedmastodon.com,up,mastodon,2,2,12015,1669020991
mstdn.ten4ward.social,up,mastodon,2,19,6835,1692565522
mastodon.originalsinners.org,up,mastodon,2,312,8200,1720644894
mastodon.ryotosaito.com,up,mastodon,2,122,18,1677852017
fedi.jrlenz.net,up,mastodon,2,537,13811,1712308197
diafri.space,up,mastodon,2,6,0,1672262672
drykath.red,up,mastodon,2,1,53,1690705567
toots.cordelya.net,up,mastodon,2,15060,19475,1667322899
social.datenschutz-guru.de,up,mastodon,2,400,8225,1674651388
sipstea.town,up,mastodon,2,224,16853,1733477012
s.neguse.net,up,mastodon,2,237,2029,1612578386
mastodon.diniscorreia.com,up,mastodon,2,189,12473,1667927356
mstdn.toya.blog,up,mastodon,2,754,2255,1690269318
sc.sigmaris.info,up,mastodon,2,210,8082,1612578268
mastodon.elvandalinq.com,up,mastodon,2,219,2750,1688535911
social.masc.group,up,mastodon,2,5,2475,1745109241
social.ivor.org,up,mastodon,2,4328,18028,1667942607
cozymech.com,up,mastodon,2,921,7742,1647508601
social.ions.sh,up,mastodon,2,152,9878,1668036047
social.cloudonaut.io,up,mastodon,2,1054,13765,1668077246
mst.fpotfk.org,up,mastodon,2,5400,1601,1691618821
toot.berdaguermontes.eu,up,mastodon,2,35,4760,1690404521
fedi.smith.geek.nz,up,mastodon,2,324,6715,1764827832
mastodon.martinm.de,up,mastodon,2,1,2750,1671209026
mastodon.schnuffle.de,up,mastodon,2,234,9427,1667093328
masto.alancfrancis.com,up,mastodon,2,447,16950,1667582609
fedi.raphmap.ru,up,mastodon,2,204,1928,1756379852
bundyo.com,up,mastodon,2,13315,12553,1668361015
sns.neonka.info,up,mastodon,2,451,15344,1672437103
kudzu.ca,up,mastodon,2,1956,11850,1668697325
mstdn.fname.ca,up,mastodon,2,3756,9169,1726533430
masto.bhsnw.com,up,mastodon,2,210,14096,1715707140
mastodon.lia-host0.ifw-dresden.de,up,mastodon,2,4,64,1743006282
mastodon.gbanyan.net,up,mastodon,2,616,6862,1744594393
hedgebound.net,up,mastodon,2,21,4513,1687944903
mastodon.flying-snail.de,up,mastodon,2,4794,13322,1651452424
mstdn.sastudio.jp,up,mastodon,2,159056,1890,1612578268
mastodon.lys.ee,up,mastodon,2,58,9620,1689361411
celtic.blue,up,mastodon,2,1832,1105,1691921812
status.pointless.one,up,mastodon,2,4221,16868,1612578387
riedstadt.social,up,mastodon,2,202,11793,1683641569
mastodon.dbatley.com,up,mastodon,2,1117,7210,1612578270
fedi.lair.be,up,mastodon,2,1287,9406,1682109761
schipper.social,up,mastodon,2,123,2506,1675834074
social.yussuv.com,up,mastodon,2,116,14923,1688832664
m.nest.norbipeti.eu,up,mastodon,2,3,2961,1748898426
fakten.daten.cool,up,mastodon,2,0,3,1749022000
boop.city,up,mastodon,2,6188,16209,1672244169
mastodon.cyslodiahost.at,up,mastodon,2,2,317,1764578526
social.roninsysadmin.com,up,mastodon,2,98,3220,1740221301
mstdn.haku-kazamaru.club,up,mastodon,2,739,7348,1666561136
social.ganba.re,up,mastodon,2,2,3792,1668058935
serrebiradio.com,up,mastodon,2,318,923,1612585464
dresserfamily.social,up,mastodon,2,1,110,1670169903
topofthe.city,up,mastodon,2,15,4479,1642900996
daan.social,up,mastodon,2,56,4024,1668635321
hemipenes.club,up,mastodon,2,373,3018,1667880947
social.lostcause.house,up,mastodon,2,377,14516,1612578348
wobbly.ninja,up,mastodon,2,0,6451,1671765732
sheppo.au,up,mastodon,2,16,6677,1671237085
loser.cafe,up,mastodon,2,20,937,1638473640
39383844.xyz,up,mastodon,2,3,0,1728500760
10mb.social,up,mastodon,2,855,11345,1683835956
mstdn.omer.land,up,mastodon,2,831,18655,1676071067
social.startupstack.tech,up,mastodon,2,0,951,1674187925
don2.inux39.me,up,mastodon,2,8285,5049,1659478983
mastodon.kylerank.in,up,mastodon,2,1002,10948,1682698777
husky.xyz,up,mastodon,2,5,60,1671396204
social.theokadas.com,up,mastodon,2,168,8923,1668356077
tragically.social,up,mastodon,2,1735,14981,1668116229
mumak.app,up,mastodon,2,1261,7521,1667944730
but.still.drinkin.coffee,up,mastodon,2,822,9563,1760130843
social.secretclubhousecompany.com,up,mastodon,2,3,4302,1740983931
hi.lysianth.us,up,mastodon,2,205,9068,1690244140
toot.mundane-semantics.net,up,mastodon,2,244,7809,1704012578
hbghosting.social,up,mastodon,2,5,3353,1689537406
dumbo.mad-scientists.net,up,mastodon,2,1075,3018,1687855776
myf.one,up,mastodon,2,3781,17347,1677373830
infrastruct.social,up,mastodon,2,1564,12489,1708706073
kamloops.social,up,mastodon,2,531,665,1763780015
mastodon.xylonx.com,up,mastodon,2,220,14,1647379449
mastodon.korbip.de,up,mastodon,2,4,480,1677773504
mstdn.ys217.tokyo,up,mastodon,2,361,1540,1675628009
mastodon.rxbrad.com,up,mastodon,2,4492,17416,1689046055
pouchi.ca,up,mastodon,2,119,11506,1703011049
photosharing.work,up,mastodon,2,5,5027,1685451098
nokinoki.net,up,mastodon,2,45682,9695,1675919243
social.marius.systems,up,mastodon,2,14,1854,1763327074
social.khaus.io,up,mastodon,2,496,18121,1669303116
social.shrimp.faith,up,mastodon,2,88,5551,1667872153
pierce.xyz,up,mastodon,2,219,115897,1668427145
m.alexyang.me,up,mastodon,2,803,3271,1672986874
ocalaavenue.net,up,mastodon,2,7139,3941,1701023311
social.thunderkeys.net,up,mastodon,2,114,9193,1667773392
masto.duxtec.de,up,mastodon,2,5,3089,1709394892
mastodon.keller.dennis-blauhut.de,up,mastodon,2,5,2542,1740217447
social.maljaars.net,up,mastodon,2,180,6663,1688332848
gay.demon.dev,up,mastodon,2,1204,9796,1740221566
homo.promo,up,mastodon,2,19216,21172,1676195575
mastodon.truaxweb.com,up,mastodon,2,0,1532,1763700648
sn80.hostdon.ne.jp,up,mastodon,2,5410,1198,1756722773
un.reasonably.social,up,mastodon,2,1742,6295,1749520054
vrc-instance.xyz,up,mastodon,2,190,180,1676360403
mastodon.etxepareikaskoop.eus,up,mastodon,2,3,21,1766529001
news.hostdon.ne.jp,up,mastodon,2,98289,3013,1715642627
crikey.social,up,mastodon,2,1010,9392,1684593529
fedi.aviflax.dev,up,mastodon,2,31,1841,1763082981
alwyzon.social,up,mastodon,2,5,57,1675029187
weatherby2378.social,up,mastodon,2,16649,16872,1667332975
istanza.ch,up,mastodon,2,5070,15329,1677751941
jcx.nu,up,mastodon,2,793,10506,1702951361
nnmdon.com,up,mastodon,2,719,410,1688361996
as9136.social,up,mastodon,2,21,3364,1691593541
mastodon.garyhawkins.uk,up,mastodon,2,28,5341,1667378948
ownsu.com,up,mastodon,2,49,1352,1668993508
rsngrtn.fyi,up,mastodon,2,750,4558,1669150353
nuttx-feed.org,up,mastodon,2,2929,438,1740227518
mastodon.vanzanten.be,up,mastodon,2,1,912,1745118218
feistycricket.org,up,mastodon,2,379,16278,1687305482
masto.hiveboston.org,up,mastodon,2,141,6415,1724359503
social.oberhauser.space,up,mastodon,2,403,7155,1675740436
social.southcoastsea.food,up,mastodon,2,143,5017,1759865441
suckersforstatus.social,up,mastodon,2,56,6644,1677237851
m6n.akimasa.jp,up,mastodon,2,85,1908,1672596952
zmtdn.de,up,mastodon,2,1037,10593,1671697102
y.diskcat.com,up,mastodon,2,5305,13409,1703857262
mstdn.mell0w-5phere.net,up,mastodon,2,7466,1511,1612578267
technically.social,up,mastodon,2,104,3784,1740217288
is.a.horrific.dev,up,mastodon,2,169,7334,1612578270
schoolahead.social,up,mastodon,2,669,17787,1672259027
ms.vg,up,mastodon,2,18483,12551,1668046142
sayurili.hostdon.ne.jp,up,mastodon,2,2381,2292,1673675248
noctua.social,up,mastodon,2,275,6810,1671772310
mastodon.antanst.com,up,mastodon,2,36,6774,1671462681
vcc.channel.org,up,mastodon,2,0,1,1761895160
schlechter.info,up,mastodon,2,17,3357,1674230876
nantabe.fedicity.net,up,mastodon,2,30910,1592,1687276044
mastodon.funkturm7.de,up,mastodon,2,19,1011,1612578441
social.yba.dev,up,mastodon,2,44,2170,1673796171
social.trackers-world.org,up,mastodon,2,11,3167,1702588793
yulran.masto.host,up,mastodon,2,566,10744,1612578266
starlit.earth,up,mastodon,2,1953,153,1731796541
albuquerque.masto.host,up,mastodon,2,39,2051,1764863012
social.polotek.net,up,mastodon,2,3234,16182,1689379917
daria.rotea.eu,up,mastodon,2,5,1,1702286216
ya.quelqueschoses.fr,up,mastodon,2,27,2191,1741158942
borderland.tokyo,up,mastodon,2,111,4009,1691312474
t.copyliu.org,up,mastodon,2,247,3087,1712403664
soc.umrath.net,up,mastodon,2,15956,30170,1651753880
bern.social,up,mastodon,2,183,2342,1612578266
toot.kabuff.club,up,mastodon,2,6,4611,1690489223
social.michels.xyz,up,mastodon,2,842,10063,1650948014
mastodon.coreypunches.net,up,mastodon,2,219,9109,1741213771
badly.co,up,mastodon,2,96,5148,1612578347
scrambled.news,up,mastodon,2,0,39,1700476912
test.virup.social,up,mastodon,2,0,31,1762686378
social.place4me.eu,up,mastodon,2,0,605,1764571929
toot.nsobj.com,up,mastodon,2,283,1900,1674292869
social.jaredzimmerman.com,up,mastodon,2,1405,9895,1669396259
1040ste.net,up,mastodon,2,7636,9087,1708685934
gore.pet,up,mastodon,2,1119,6672,1711932114
wisehex.social,up,mastodon,2,78,3084,1685696835
critz.social,up,mastodon,2,0,2438,1676127423
lieurance.social,up,mastodon,2,208,10637,1669229211
social.wjt.je,up,mastodon,2,179,14608,1711002740
sleepybear.dev,up,mastodon,2,7,1722,1689438818
mastodon.0ne.day,up,mastodon,2,4101,13457,1650598736
social2.ganyuss.com,up,mastodon,2,650,7886,1727981115
dharmatalk.eu,up,mastodon,2,2,1291,1750463384
mastodon.llyxx.me,up,mastodon,2,1005,7269,1731591346
fed.qaz.red,up,mastodon,2,10686,22621,1667625962
twingyeo.kr,up,mastodon,2,1214,1165,1612578267
social.kraftw3rk.de,up,mastodon,2,184,4222,1719267252
allison.social,up,mastodon,2,437,140254,1667686120
sweetme.at,up,mastodon,2,1160,9353,1669098843
social.lacheiner.at,up,mastodon,2,66,5766,1672447970
nkantar.social,up,mastodon,2,2529,13096,1689309615
mastodon.encryptionin.space,up,mastodon,2,112,3281,1667023084
social.as743.org,up,mastodon,2,11,12809,1706306926
social.myconan.net,up,mastodon,2,1608,5740,1612578266
lillesand.social,up,mastodon,2,4,564,1748054221
mofucloud.com,up,mastodon,2,1,1,1688353367
mastodon.rhyzome.nohost.me,up,mastodon,2,4,1183,1758363406
cyberpasti.me,up,mastodon,2,2340,2967,1669275807
eleusis.social,up,mastodon,2,299,11968,1667458558
social.kacens.dev,up,mastodon,2,233,5465,1715620379
social.abakas.com,up,mastodon,2,0,2913,1676874005
payravi.xyz,up,mastodon,2,2835,17007,1676879220
social.bobek.cz,up,mastodon,2,175,5319,1612578271
mastodon.umucat.day,up,mastodon,2,10,4668,1704605300
mastodon.fishnet.vip,up,mastodon,2,34,6225,1678625307
exe.schism.ink,up,mastodon,2,492,6025,1758654207
social.luckow.org,up,mastodon,2,350,6051,1677332173
social.p0ly.com,up,mastodon,2,5,46,1766567064
fedi.transcoded.fr,up,mastodon,2,286,4283,1749672873
sndcstle.fedicity.net,up,mastodon,2,578,921,1692526986
boumi.me,up,mastodon,2,632,8072,1677791435
clq.im,up,mastodon,2,952,55314,1612578268
mastodon.stevex.online,up,mastodon,2,99,4276,1705974164
mastodon.lagy.org,up,mastodon,2,9,3181,1654187096
impromptu.games,up,mastodon,2,47,3680,1760066313
hypertext.monster,up,mastodon,2,298,10382,1756775503
blan.cc,up,mastodon,2,2455,8942,1672837736
social.grantix.eu,up,mastodon,2,0,5586,1740222773
mastodon.potproject.net,up,mastodon,2,18501,12125,1612578267
neverwhe.re,up,mastodon,2,2285,7602,1667832246
social.colormixed.de,up,mastodon,2,5,2770,1717279687
mastodon.nekoconeko.nl,up,mastodon,2,105,4058,1668425012
mstdn.glabyl.com,up,mastodon,2,867,2338,1741706104
mastodon.hysj.org,up,mastodon,2,7,5272,1740217719
unseen-university.social,up,mastodon,2,212,5399,1755443982
mastodon.nebulon.de,up,mastodon,2,76,6858,1668268618
ustc.mba,up,mastodon,2,172,2567,1688265404
toot-test.ebhh-hosting.net,up,mastodon,2,1,462,1756987209
mastodon.wyngraphs.com,up,mastodon,2,0,3503,1675624522
schreibt.jetzt,up,mastodon,2,1374,12824,1694558573
mastodon.leftist.work,up,mastodon,2,6,3520,1690403388
social.fediverse.events,up,mastodon,2,83,8579,1694034899
mastodon.spinningru.st,up,mastodon,2,107,5287,1740217719
agora.jkvirt.de,up,mastodon,2,11,5864,1688902995
carelesswhisper.nl,up,mastodon,2,1864,10985,1674602760
social.tinymantico.re,up,mastodon,2,2135,2815,1731858859
mastodon.petertodd.org,up,mastodon,2,2541,8757,1612578267
qnmd.info,up,mastodon,2,85788,16646,1612578265
social.herrhannes.de,up,mastodon,2,2,1000,1707628591
mastodon.lynxcore.org,up,mastodon,2,0,544,1683660771
jawnuffin.xyz,up,mastodon,2,1705,9076,1740217156
m.idw.sh,up,mastodon,2,18,3488,1758836751
social.iheartmichelle.com,up,mastodon,2,2262,9366,1691522662
libretweet.com,up,mastodon,2,7741,18516,1675842202
social.tweag.io,up,mastodon,2,108,1908,1744138720
social.gpiccolo.com,up,mastodon,2,13,108,1676097116
mastodon.skylarkservers.net,up,mastodon,2,20,5937,1669833881
giesing.space,up,mastodon,2,11,2827,1680358301
mastodon.samtalsforum.se,up,mastodon,2,12,15,1763320645
mstdn.whitepig.net,up,mastodon,2,108,2504,1675396802
social.cultofprimes.com,up,mastodon,2,176,1818,1672680706
mastodon.michonline.com,up,mastodon,2,138,84730,1667172001
mastodon.transgirl.fr,up,mastodon,2,0,2917,1752027673
social.balad.in,up,mastodon,2,1042,9028,1671489174
mastodon.raudssus.de,up,mastodon,2,24,5076,1668071828
ooo.eidantoei.org,up,mastodon,2,441,4311,1691205159
mastodon.blackroot.ch,up,mastodon,2,0,2312,1763372697
fedi.webworxshop.com,up,mastodon,2,642,4145,1745984406
mastodon2.cameko.org,up,mastodon,2,5,1594,1692237743
www.gayonly.ch,up,mastodon,2,36910,1966,1684698430
kirchner.social,up,mastodon,2,104,9741,1667773392
mastodon.eom.dev,up,mastodon,2,198,3856,1751648712
mastodon.iking.ca,up,mastodon,2,250,10386,1709609684
shirtless.gay,up,mastodon,2,602,12060,1670814705
mstdn.kielo.me,up,mastodon,2,8,7869,1755443982
jeffburg.social,up,mastodon,2,535,7466,1678117267
glitch.greatpyramid.social,up,mastodon,2,19,5215,1750561262
mastodon.waarisguus.com,up,mastodon,2,1380,438,1669064516
social.spheron.one,up,mastodon,2,541,9653,1667764512
social.wierenga.net,up,mastodon,2,54,2000,1667832246
beauty.channel.org,up,mastodon,2,0,3,1746567125
social.anufrij.de,up,mastodon,2,2254,17345,1629144776
mastodon.hors.zone,up,mastodon,2,57,5985,1670215159
social.cpp.org.pl,up,mastodon,2,395,8888,1740236353
mastodon.busana.lu,up,mastodon,2,21,2513,1760056302
masto.plaindrops.de,up,mastodon,2,29,5069,1728643813
hardly.social,up,mastodon,2,13,1460,1689235732
mstdn.molthagen.de,up,mastodon,2,816,7552,1757192580
mastodon.pierronfam.com,up,mastodon,2,104,2576,1694589628
mastodon.kaiserflur.de,up,mastodon,2,827,7220,1612578268
social.openbuddhism.org,up,mastodon,2,59,98,1697026803
social.gofedi.com,up,mastodon,2,36,1975,1761073156
dfw.social,up,mastodon,2,47,3081,1713069953
mastodon.neatobuilds.com,up,mastodon,2,390,11326,1744394358
social.jeronimodesign.com,up,mastodon,2,119,10697,1700699068
social.onlythe.net,up,mastodon,2,3,9011,1731264779
mastodon.integrate-it.net,up,mastodon,2,1,9901,1740217213
vegoon.party,up,mastodon,2,535,123327,1667974552
mastodon.boyfails.me,up,mastodon,2,85,3572,1668775978
social.ketupat.me,up,mastodon,2,97028,16455,1671409346
itools.jp,up,mastodon,2,235,14009,1674307393
masto.adben.de,up,mastodon,2,1,401,1762467966
masto.bodam.fr,up,mastodon,2,70,830,1762545645
mastodon.nekohell.eu,up,mastodon,2,24,664,1651635330
schafweide.eu,up,mastodon,2,602,12794,1731064092
social.agroecologymap.org,up,mastodon,2,3081,13043,1714670781
pmai.social,up,mastodon,2,0,3223,1676934353
mastodon.notlegit.net,up,mastodon,2,449,8951,1668825129
churchofjesuschrist.social,up,mastodon,2,651,62,1740228591
mastodon.erikproper.eu,up,mastodon,2,762,5644,1740881966
demigod.bar,up,mastodon,2,123,6594,1668981454
social.bird.style,up,mastodon,2,52,5739,1693737470
whoseknowledge.social,up,mastodon,2,56,3109,1670375447
hobbiton.masto.host,up,mastodon,2,3245,16120,1672591400
mastodon.laurakalbag.com,up,mastodon,2,1351,21009,1612578267
verse.c0de.works,up,mastodon,2,16,2430,1660373273
mstdn.sssc.cc,up,mastodon,2,793,525,1672730590
mammoth.gry.st,up,mastodon,2,193,116945,1667693091
zikin.us,up,mastodon,2,1,769,1675784607
mast.interfacinglinux.com,up,mastodon,2,440,5753,1757198331
mastodon.elon.li,up,mastodon,2,2,11381,1668993689
mastodon.wihel.de,up,mastodon,2,7614,7139,1612578346
stl.fyi,up,mastodon,2,0,5605,1668825478
mast.doop.any64.de,up,mastodon,2,18,2644,1711331072
susunu.hostdon.ne.jp,up,mastodon,2,1909,12020,1685184253
mastodon.kk7.uk,up,mastodon,2,0,0,1710497044
mastodon.netserv.fr,up,mastodon,2,4,5651,1761043353
leporid.net,up,mastodon,2,509,10203,1668066144
bocchi.yamako-ya.com,up,mastodon,2,4879,8870,1672312353
social.ericvandam.me,up,mastodon,2,6188,3618,1672615461
khuluma.de,up,mastodon,2,40,5051,1685160653
pinnipedia.fedicity.net,up,mastodon,2,8044,5447,1686658022
toot.iopush.net,up,mastodon,2,2529,8142,1668569946
social.schwarzer.dev,up,mastodon,2,1578,5541,1668352588
dystopianpresent.club,up,mastodon,2,930,3892,1686303755
mastodon.debugco.de,up,mastodon,2,35,5784,1668981453
mstdn.online,up,mastodon,2,110,118951,1612578271
social.gerbet.me,up,mastodon,2,3390,9110,1671496391
social.abolivier.bzh,up,mastodon,2,1382,10942,1701459666
benz.social,up,mastodon,2,7,11407,1673705689
mastodon.kelvsyc.com,up,mastodon,2,108,9268,1671052301
neko.cat,up,mastodon,2,27914,10986,1668469276
masto.free-dissociation.com,up,mastodon,2,330,5075,1763682753
asbestosden.org,up,mastodon,2,450,5386,1673854542
mastodon.oceand.org,up,mastodon,2,0,229,1681177169
qz.asdser.net,up,mastodon,2,3,1600,1686143687
social.locrealloc.de,up,mastodon,2,14,3905,1675890215
social.hubrecht.ovh,up,mastodon,2,122,11253,1668200298
hub13.xyz,up,mastodon,2,471,11049,1707548591
210.social,up,mastodon,2,35,2139,1746683859
cine.masto.host,up,mastodon,2,1,2608,1758778928
m.ipoac.nl,up,mastodon,2,276,15983,1667728126
social.feets.tv,up,mastodon,2,22,1660,1753678642
syno.social,up,mastodon,2,5,0,1711904180
masto2.100flowers.tech,up,mastodon,2,227,4160,1740217288
mastodon.virton13.ovh,up,mastodon,2,193,5283,1673986916
mstdn.christianpacaud.com,up,mastodon,2,148,6755,1741902337
mastodon.f2p.me,up,mastodon,2,3,1,1683113090
social.densco.net,up,mastodon,2,4201,13759,1670094292
scl.zmb.cm,up,mastodon,2,336,7795,1612578268
social.cativa.net,up,mastodon,2,1336,9463,1667040143
mastodon.musicstudio.pro,up,mastodon,2,23,855,1694384730
social.aymanisml.me,up,mastodon,2,0,1,1754062568
chocot.art,up,mastodon,2,314,9,1612582512
lambdaschmiede.social,up,mastodon,2,40,3123,1680025512
don.nekoport.com,up,mastodon,2,86689,673,1612578346
molaguay.xyz,up,mastodon,2,1,125,1669735522
fractalthreads.net,up,mastodon,2,4,1508,1688626565
mastodon.strangeparts.com,up,mastodon,2,142,9537,1667003597
dementedandsadbut.social,up,mastodon,2,18039,13656,1669418600
mastodon.patchwork.io,up,mastodon,2,1,6,1763753287
lounge.swineair.com,up,mastodon,2,17,6668,1667919979
forum.virctuary.com,up,mastodon,2,7478,12189,1652708042
truth.rip,up,mastodon,2,43,12990,1715272246
social.klaps.me,up,mastodon,2,62,7698,1667993722
mastodon.erikberger.de,up,mastodon,2,188,5145,1747948512
soc.bosionet.it,up,mastodon,2,278,6050,1720184998
arff.archandle.net,up,mastodon,2,19969,11236,1698791012
yoga.channel.org,up,mastodon,2,0,0,1746694969
mastodon.science.social,up,mastodon,2,0,1299,1745484636
donmasto.com,up,mastodon,2,3,13699,1717177814
nonsequiturs.social,up,mastodon,2,759,9241,1684122582
mace.social,up,mastodon,2,653,8221,1676241954
narrativ.es,up,mastodon,2,28931,22866,1674319956
mew.pm,up,mastodon,2,122,16204,1626313430
activitypub.owenryan.us,up,mastodon,2,0,11178,1672826074
thorfinn.channel.org,up,mastodon,2,0,1,1743592978
atmasto.com,up,mastodon,2,1942,9694,1667875287
ostatus.lardbucket.org,up,mastodon,2,16487,12868,1612578268
planetboca.com,up,mastodon,2,14,5654,1669405729
hepburn.social,up,mastodon,2,461,14594,1671598415
social.undeadnetwork.de,up,mastodon,2,946,10072,1613534350
masto.fellandforest.net,up,mastodon,2,2,4,1759725831
onionslices.social,up,mastodon,2,1355,11127,1688755632
slime.land,up,mastodon,2,13,1239,1682692762
don.monster,up,mastodon,2,2694,7003,1740217304
mstdn.canarylabs.eu,up,mastodon,2,380,9605,1761777015
social.sudovanilla.org,up,mastodon,2,38,1947,1726776417
social.grahamharper.net,up,mastodon,2,204,10304,1682110454
21cm.ca,up,mastodon,2,717,558,1732912136
mastodon.pom.community,up,mastodon,2,1,1484,1671425922
crowleyclub.com,up,mastodon,2,2479,11774,1652960390
social.0ko.me,up,mastodon,2,9502,11503,1612578266
m.marchbox.com,up,mastodon,2,1077,9240,1672985294
mastodon.brown-silva.social,up,mastodon,2,999,11435,1684261716
publicidentity.net,up,mastodon,2,1091,14450,1667919978
mastodon.telechar.ge,up,mastodon,2,2,6,1758294884
atsudon.fedicity.net,up,mastodon,2,17641,10730,1691155962
nixie.name,up,mastodon,2,5946,20661,1668941203
social.mikewise.ca,up,mastodon,2,45,7298,1714421477
mazzo.masto.host,up,mastodon,2,706,60,1612578344
drohm.eu,up,mastodon,2,7855,13043,1684160356
kufstein.social,up,mastodon,2,33,50,1699204878
kasukabe-leon.me,up,mastodon,2,1,74,1681069888
mastodon.afromunkee.live,up,mastodon,2,839,12404,1667832246
6m.cutls.dev,up,mastodon,2,129,4084,1762763862
junkhub.org,up,mastodon,2,7547,8188,1612578269
social.evilcyberhacker.net,up,mastodon,2,4308,20314,1633473488
social.houchouas.name,up,mastodon,2,0,41,1765103809
miserables.net,up,mastodon,2,566,13781,1668566266
twit.dispersio.us,up,mastodon,2,169,7904,1612582195
mastodon.exok.com,up,mastodon,2,190,7637,1669327176
rockstar-social.de,up,mastodon,2,0,140,1763807360
ruraiocht.cc,up,mastodon,2,8,455,1703226850
grifoni.futbol,up,mastodon,2,1,1392,1670032695
m.kc4kqe.org,up,mastodon,2,20109,2847,1677187129
saff.dev,up,mastodon,2,0,247,1763469160
mstdn.imi.moe,up,mastodon,2,43,10620,1612581151
luther.social,up,mastodon,2,421,16051,1612578266
smol.cafe,up,mastodon,2,285,2773,1692515139
social.sublingual.xyz,up,mastodon,2,7625,15995,1676515121
mastodon.ikaros.space,up,mastodon,2,1021,9373,1738070287
xsmastodon.xsns.jp,up,mastodon,2,0,6578,1740217232
deepthought.infullflow.net,up,mastodon,2,2992,13056,1669672669
sudomakecake.com,up,mastodon,2,5565,10856,1739885696
frootmig.net,up,mastodon,2,415,10876,1612578344
mastodon.bubblesthebunny.com,up,mastodon,2,3503,5112,1694180464
blob.coffee,up,mastodon,2,398,13449,1612578267
social.cordonnier.net,up,mastodon,2,35,11365,1751854372
kannitverstan.eu,up,mastodon,2,2380,13269,1667915642
don.kumarin.co,up,mastodon,2,1208,7856,1675691876
mastodon.simplebrian.live,up,mastodon,2,12,1099,1759141234
social.findmyown.space,up,mastodon,2,1145,14908,1668382977
dope.bz,up,mastodon,2,0,11699,1687807503
tootsfrom.ahabitual.dev,up,mastodon,2,20592,13577,1612578267
senpainoticedme.moe,up,mastodon,2,32,25,1668450715
mastodon.jonasled.de,up,mastodon,2,276,15546,1673040803
sozial.cyberpunk.gmbh,up,mastodon,2,2399,16513,1676468733
social.jonaskoeritz.de,up,mastodon,2,4262,14126,1650971231
mas.home.monsiteinternet.org,up,mastodon,2,1913,14289,1612578268
news.channel.org,up,mastodon,2,0,36,1731418725
pumpkin-ass.hopto.org,up,mastodon,2,347,5250,1757192233
masto.tamlab.zip,up,mastodon,2,3,579,1766413836
mastodon.foxocube.xyz,up,mastodon,2,387,11361,1651249327
mastodon.aerie.cloud,up,mastodon,2,0,656,1765464390
patchwork.channel.org,up,mastodon,2,0,57,1732175900
f.kade.jp,up,mastodon,2,20,790,1750569307
mastodon.nasreddine.com,up,mastodon,2,5,4109,1765948638
bigchat.social,up,mastodon,2,21,4980,1674491855
mastodon.sarsoo.xyz,up,mastodon,2,1733,8844,1740217390
amazon.channel.org,up,mastodon,2,0,1,1758883629
fax.social,up,mastodon,2,39,11136,1667773392
thisbot.day,up,mastodon,2,576,1232,1675638452
me.syslog.eu,up,mastodon,2,16,5569,1668904971
mastodon.lertsenem.com,up,mastodon,2,15945,25472,1612578270
mastodon.rmict.nl,up,mastodon,2,27,7591,1741158408
tusk.sfunk1x.com,up,mastodon,2,2205,20734,1641247851
twi2mas.win,up,mastodon,2,402,2338,1755642120
ibenot.com,up,mastodon,2,167,18181,1670273747
social.teqqy.de,up,mastodon,2,389,4739,1759432574
kazee.social,up,mastodon,2,247,11330,1669363658
t.niobium.at,up,mastodon,2,1,727,1717716209
social.underdesk.net,up,mastodon,2,0,4066,1703239494
boeck.social,up,mastodon,2,4,2807,1672765238
v45423.1blu.de,up,mastodon,2,2,808,1668432821
micro.sadlerjw.com,up,mastodon,2,1503,16156,1651135174
social.lyrenhex.com,up,mastodon,2,4248,14760,1668707757
social.h12r.de,up,mastodon,2,1,418,1667261805
mdn.keasti.net,up,mastodon,2,28,786,1612578346
patricklear.com,up,mastodon,2,87,1442,1747491645
urface.social,up,mastodon,2,1249,96595,1671391870
midorinasu.hostdon.ne.jp,up,mastodon,2,795,2,1676042073
social.rossabaker.com,up,mastodon,2,3910,18638,1672293437
fedi.deemos.club,up,mastodon,2,1325,8694,1677549555
social.birdinter.net,up,mastodon,2,292,16762,1713225219
satori.cafe,up,mastodon,2,231,14263,1670273747
mstdn.yaesu-eas.tokyo,up,mastodon,2,17853,6272,1612578268
tsubuyaki.choro3.net,up,mastodon,2,398,163,1688530560
8bitorbust.info,up,mastodon,2,6460,14571,1739624088
mattstodon.xyz,up,mastodon,2,13,9748,1674133033
mastodon.joandadam.uk,up,mastodon,2,97,5709,1740218144
mastodon.jangho.io,up,mastodon,2,304,4944,1678192552
kicou.info,up,mastodon,2,3844,18907,1612578267
cybercuties.net,up,mastodon,2,7,8965,1668981454
mastodon.infrageeks.social,up,mastodon,2,3352,24130,1669176315
donley.io,up,mastodon,2,1,3165,1709884449
official.resource.org,up,mastodon,2,5463,15944,1669231682
mastodon.sniff122.tech,up,mastodon,2,125,4819,1662157138
social.allmers.de,up,mastodon,2,164,10556,1668648514
cobolworx.social,up,mastodon,2,92,3154,1758567301
mastodon.loss.com.de,up,mastodon,2,0,8001,1672834513
crime.st,up,mastodon,2,211,10470,1671420720
metro.social,up,mastodon,2,17,2780,1670094085
mastodon.purplelatexqueen.com,up,mastodon,2,18,9744,1740222949
mstdn.dobsche.com,up,mastodon,2,26,1110,1760114971
mastodon.aargaunet.ch,up,mastodon,2,1,1739,1662579561
social.dgnum.eu,up,mastodon,2,0,8,1713704620
omusubi.ayarika.com,up,mastodon,2,381,1427,1705524891
social.bitsofsimplicity.com,up,mastodon,2,1575,14269,1698191735
mastodon.profiklickser.com,up,mastodon,2,32,1079,1673467083
social.gt-mod.site,up,mastodon,2,87,3784,1651615481
mastodon.e-ait.de,up,mastodon,2,0,1557,1676585002
forlorn.computer,up,mastodon,2,1411,14593,1668956608
mstdn.ethnet.io,up,mastodon,2,1,7722,1690213333
social.oaf.org.au,up,mastodon,2,56,7741,1685087497
smallsocialnetworkforfriends.top,up,mastodon,2,11,3,1763361587
beneaththesurface.social,up,mastodon,2,0,5180,1743933673
mstdn.ijs01140.com,up,mastodon,2,30006,8712,1612578270
social.edzilla.info,up,mastodon,2,85,12175,1651004483
fedi.scpwiki.com,up,mastodon,2,16,1513,1722543335
kvlt.zone,up,mastodon,2,36451,24464,1639720263
sozial.roter-kreis.de,up,mastodon,2,929,8529,1659067438
misaka.chat,up,mastodon,2,677,9052,1668059108
social.lykledevries.nl,up,mastodon,2,4746,7371,1690536392
hub.gjdwebserver.nl,up,mastodon,2,53,6728,1667840013
mastodon.mayer.rocks,up,mastodon,2,482,11221,1697925669
toot.groundctrl.earth,up,mastodon,2,56,3,1702630358
mastodon.workingweb.nl,up,mastodon,2,62,18162,1668904962
freja.zone,up,mastodon,2,6862,127595,1667741991
social.mottokrosh.com,up,mastodon,2,366,6512,1709135475
masto.chezwam.eu,up,mastodon,2,52,3610,1670168776
mikro.blog,up,mastodon,2,3513,567,1725254097
mastodon.flying-snail.net,up,mastodon,2,0,7007,1740217213
tooted.space,up,mastodon,2,139,8936,1669448514
toot.theantshill.co.uk,up,mastodon,2,45,4801,1668786325
jxmsocial.xyz,up,mastodon,2,50,6302,1612578345
mister.computer,up,mastodon,2,8716,16722,1668549219
mastodon.ig.nore.me,up,mastodon,2,66,6125,1675782742
mastodon.redstonelp2.com,up,mastodon,2,37700,23446,1667719635
taproot.social,up,mastodon,2,861,5557,1690230558
social.atypique.net,up,mastodon,2,61376,24711,1612578269
follow.ethanmarcotte.com,up,mastodon,2,12076,23474,1667870595
social.dragonsare.gay,up,mastodon,2,68,10988,1668198400
mastodon.cleverbyte.eu,up,mastodon,2,25,2027,1750098645
m.k-behrens.de,up,mastodon,2,676,10510,1740217213
mstdn.yue-kichi.world,up,mastodon,2,17037,4470,1688370218
social.fetish.click,up,mastodon,2,41,4310,1754456826
social.krserv.de,up,mastodon,2,111,6573,1755444207
mastodon.cescobarresi.it,up,mastodon,2,150,9255,1625871234
social.halfast.com,up,mastodon,2,140,9897,1669489147
social.nomadische-erzaehlkunst.de,up,mastodon,2,6,63,1745266974
mastodon.alphapi.me,up,mastodon,2,274,7255,1667193781
boilingcong.ee,up,mastodon,2,2935,4969,1612578268
social.glyphy.com,up,mastodon,2,371,163412,1668812776
social.weiznich.de,up,mastodon,2,544,6363,1707562276
m.galaxybound.com,up,mastodon,2,2818,14933,1669335726
mastodon.perpetualprototypes.io,up,mastodon,2,1,5,1763369118
mastodon.martin-benson.com,up,mastodon,2,604,10068,1668391738
mastodon.schindlerfamily.de,up,mastodon,2,14,2886,1740217447
social.looperlative.com,up,mastodon,2,31,24,1732842495
mstdn.degu.cl,up,mastodon,2,3373,13410,1703689667
thoughts.pehnet.org,up,mastodon,2,41,4813,1670265195
werd.social,up,mastodon,2,6651,34355,1667366472
social.xyntion.consulting,up,mastodon,2,2,5080,1708870296
mastodon.overholts.dev,up,mastodon,2,20,9740,1668164970
said.social,up,mastodon,2,285,18861,1679181884
mstdn.flowers,up,mastodon,2,2674,2651,1725766583
shellbytes.me,up,mastodon,2,76,2306,1693041021
mastodon.peterjanes.ca,up,mastodon,2,4558,17680,1612578712
barkshark.xyz,up,mastodon,2,9054,13222,1612578268
toot.huynguyen.org,up,mastodon,2,23,8190,1668947470
social.do.srb2.org,up,mastodon,2,20,646,1675541946
yotie.blue,up,mastodon,2,2985,6596,1612578387
scottodon.com,up,mastodon,2,4172,14205,1694030696
mastodon.vnvie.ws,up,mastodon,2,160,5797,1688522846
toot.mrah.live,up,mastodon,2,681,8075,1713320189
turnipheap.loneknight.quest,up,mastodon,2,726,8386,1738981444
social.tsun.co,up,mastodon,2,3665,9080,1612578269
jenkins.cc,up,mastodon,2,174,8185,1612578267
social.jelliefrontier.net,up,mastodon,2,1537,13590,1673511539
mastodon.radiant.social,up,mastodon,2,95,10593,1679897403
social.klausgesprochen.de,up,mastodon,2,37,5784,1756486909
acrion.social,up,mastodon,2,0,19599,1668829359
mstdn.chizroid.info,up,mastodon,2,1800,792,1682766913
pouet.april.org,up,mastodon,2,7897,21250,1612578268
masto.evelynyap.com,up,mastodon,2,5280,19964,1630485614
mst.xaneaid.com,up,mastodon,2,7,124,1612578345
social.griesser.me,up,mastodon,2,114,9105,1668814098
mastodon.voicenet.ch,up,mastodon,2,721,9050,1671548732
tane.codes,up,mastodon,2,9248,27841,1666946896
mstdn.ryanak.xyz,up,mastodon,2,10340,14837,1612578267
drcit.social,up,mastodon,2,2,2718,1675895263
mastodon.digspace.de,up,mastodon,2,0,2033,1709656686
mastodon.moik.cloud,up,mastodon,2,2,3205,1762086461
toot.hmdqr.me,up,mastodon,2,13,330,1765827085
mast.scot,up,mastodon,2,21,5496,1732797674
social.genya0407.link,up,mastodon,2,10609,11688,1688583146
social.franco.net.eu.org,up,mastodon,2,247,7524,1675809806
jb.md,up,mastodon,2,100759,18782,1671595849
s.hirtz.pm,up,mastodon,2,55,7632,1651187376
social.a11y.fr,up,mastodon,2,581,11023,1681300147
korikata.hostdon.ne.jp,up,mastodon,2,3862,14019,1674928758
ma.fellr.net,up,mastodon,2,7739,106643,1670349209
puzich.social,up,mastodon,2,642,11625,1692718625
lsrgy.com,up,mastodon,2,2,2228,1761083775
social.asgardius.company,up,mastodon,2,252,6145,1612578347
mastodon.unwi.re,up,mastodon,2,111,6318,1764571497
mastodon.mbonnin.net,up,mastodon,2,378,4061,1689671854
toot.hoyle.me.uk,up,mastodon,2,1591,118293,1612578266
webwizard.uk,up,mastodon,2,19,2450,1675821985
social.bd.pub,up,mastodon,2,33,9497,1675581345
masto.lilith.ynh.fr,up,mastodon,2,4,4220,1703287889
social.rma.ac.be,up,mastodon,2,42,587,1740221298
eventhorizon.social,up,mastodon,2,5,328,1732317950
mastodon.surazal.net,up,mastodon,2,14230,24218,1665240168
masto.sangberg.se,up,mastodon,2,6777,20518,1671696226
posts.ashleymcquaid.com,up,mastodon,2,599,5514,1759855223
taedcke.social,up,mastodon,2,11,7766,1675184584
cts.kescher.at,up,mastodon,2,10,5,1703997313
mastodon.cse.wtf,up,mastodon,2,1,5314,1688663097
sandbox.skoji.jp,up,mastodon,2,40161,13544,1612578266
mastodon.theserver.se,up,mastodon,2,6,2840,1691069541
pikopiko.party,up,mastodon,2,37,1857,1674528011
goch.social,up,mastodon,2,17,7188,1695451635
mstdn.mrmts.com,up,mastodon,2,10972,7643,1677649319
social.researchanddestroy.technology,up,mastodon,2,858,14496,1665830060
heath.social,up,mastodon,2,2882,14380,1671453589
jeremymay.me,up,mastodon,2,12,3558,1740221619
mastodon.erickmarmolejo.synology.me,up,mastodon,2,193,23,1721436280
scull.social,up,mastodon,2,0,4730,1681531478
social.emisocks.com,up,mastodon,2,36629,9943,1612578270
social.purrple.place,up,mastodon,2,1423,5044,1742223664
social.golurk.de,up,mastodon,2,638,9795,1668741441
mastodon.teamrocket.nz,up,mastodon,2,155,6070,1669179235
exmormon.social,up,mastodon,2,1,19,1668218894
adney.land,up,mastodon,2,370,19035,1612578268
ericpuryear.com,up,mastodon,2,1164,24474,1670137460
test.mascodon.jp,up,mastodon,2,62,6,1674818862
bytearray.eu,up,mastodon,2,1550,13750,1669057682
click.ba.it,up,mastodon,2,929,19716,1612579011
mstdn.delepine.info,up,mastodon,2,130,2628,1612578442
mastodon.cyborgcentral.net,up,mastodon,2,1005,15921,1668471901
breed.social,up,mastodon,2,2,3240,1740217145
mysticaccess.online,up,mastodon,2,543,4684,1674813066
porpoise.social,up,mastodon,2,32,3887,1671203509
mastodon.epyanou.fr,up,mastodon,2,377,1501,1740224398
social.morgenroth.me,up,mastodon,2,72,4574,1612578345
fakesmilesarefree.com,up,mastodon,2,1,1450,1740224398
flittermice.club,up,mastodon,2,182,5366,1677378868
msdn.matios.pics,up,mastodon,2,15,67,1765371962
social.rdl.ph,up,mastodon,2,1980,9145,1669297399
boobs.network,up,mastodon,2,9,1,1766436061
dark-elves.social,up,mastodon,2,15,4693,1669223254
mastodon.arnos-vale.net,up,mastodon,2,59,5911,1675652732
tooter.wishy.co.uk,up,mastodon,2,2294,15239,1668201790
iam.lewd.today,up,mastodon,2,15,1448,1752955132
post.noods.ooo,up,mastodon,1,13,822,1715410810
mastodon.nuages.noho.st,up,mastodon,1,0,164,1698241983
muon.social,up,mastodon,1,95,10082,1651087213
jillr.social,up,mastodon,1,1212,5180,1667867368
abraham.su,up,mastodon,1,1265,250837,1672071267
mastodon.dcreager.net,up,mastodon,1,1054,16576,1640854770
social.paulsahner.com,up,mastodon,1,14,3331,1714346075
social.jifish.co.uk,up,mastodon,1,664,9834,1672689088
social.thinkcelt.com,up,mastodon,1,0,256,1764579209
mstdn.bbktsk.io,up,mastodon,1,0,832,1708875103
mstdn.snyman.info,up,mastodon,1,0,812,1721936297
fediverse.andy-bell.com,up,mastodon,1,100,12667,1667027505
stephenwuebker.social,up,mastodon,1,590,18702,1668808905
fediverse.zachleat.com,up,mastodon,1,15520,24348,1667605559
m.unix.house,up,mastodon,1,2174,11632,1668427733
noisesfrom.space,up,mastodon,1,152,16006,1715606621
sapphic.ninja,up,mastodon,1,139,4421,1692407666
social.ericcodes.io,up,mastodon,1,275,8585,1697669401
social.xk7.net,up,mastodon,1,270,11727,1745615275
gadgetboy.social,up,mastodon,1,4304,17752,1686404395
social.vojtat.cz,up,mastodon,1,0,8817,1714753922
social.streifigreif.de,up,mastodon,1,425,5009,1740217596
social.hutch.chat,up,mastodon,1,330,9146,1652373384
feed.smithtowndps.org,up,mastodon,1,698,4,1686654595
dokozo.hostdon.ne.jp,up,mastodon,1,39,59,1765730572
mastodon.laurahargreaves.com,up,mastodon,1,159,10336,1750777254
mastodon.kkhys.me,up,mastodon,1,1247,46,1723604901
mastodon.wenzit.de,up,mastodon,1,25,14202,1667703348
social.stilbedarf.de,up,mastodon,1,1,3950,1674692961
social.bitfolk.com,up,mastodon,1,6316,17572,1669273371
social.4vr.me,up,mastodon,1,375,13355,1703026921
mastodon.amesgen.de,up,mastodon,1,6,4052,1667652408
x.butou.ma,up,mastodon,1,273,48,1759114480
mymasto.com,up,mastodon,1,11069,11994,1754110228
schiwy.co,up,mastodon,1,40,3518,1755443982
bleep.town,up,mastodon,1,0,7966,1674617939
social.polysecure.ca,up,mastodon,1,424,3446,1697317910
mastodon.storo.social,up,mastodon,1,0,223,1766867493
social.grafi.jp,up,mastodon,1,7,131,1750359740
social.jpoesen.com,up,mastodon,1,894,9581,1740222196
mastodon.skup.in,up,mastodon,1,35,2540,1766218132
s0.nan0ka.net,up,mastodon,1,34531,1464,1728974249
test.fedicity.net,up,mastodon,1,0,92,1740231507
zacpwhite.social,up,mastodon,1,483,16376,1688550894
ramshackle.town,up,mastodon,1,79,3689,1612578713
goth.dance,up,mastodon,1,130,6494,1758931746
social.tylerjfisher.com,up,mastodon,1,641,7360,1669009745
mwtaylor.social,up,mastodon,1,79,8336,1690199503
amefur.asia,up,mastodon,1,260527,15967,1612578267
cyanistes.daedelys.org,up,mastodon,1,112,3477,1668295061
hauntshadesocial.nl,up,mastodon,1,340,4737,1758193830
routingmagic.club,up,mastodon,1,3,519,1677630029
social.schmuttermaier.com,up,mastodon,1,16,2091,1653778285
mastodon.skookum.cc,up,mastodon,1,8,1981,1698548835
social.razernok.net,up,mastodon,1,0,3,1699227053
masto.dazzix.com,up,mastodon,1,0,218,1755515994
social.arcanelab.net,up,mastodon,1,177,8050,1692120335
social.brian.jp,up,mastodon,1,339,1990,1764737724
yelling.it,up,mastodon,1,0,7993,1669061427
hxr.social,up,mastodon,1,42,1868,1676758913
social.petris.net,up,mastodon,1,2,3159,1612578344
mastodon.arrakis.se,up,mastodon,1,238,7239,1667049269
mastodon.dtalens.com,up,mastodon,1,1102,7033,1669073302
mastodon.basjes.nl,up,mastodon,1,189,7267,1651735786
ede.social,up,mastodon,1,21,63,1704397811
gs.wizardry.systems,up,mastodon,1,25,2274,1760888560
mikroblog.at,up,mastodon,1,2,702,1675366770
atilla.im,up,mastodon,1,269,6044,1612578271
mastodon.bendodson.com,up,mastodon,1,595,6087,1674668021
fedi.ivarch.com,up,mastodon,1,111,5255,1745585820
t00t.cloud,up,mastodon,1,2309,13292,1676531296
rama3.jp,up,mastodon,1,65,2710,1671937817
the.dragoness.space,up,mastodon,1,183,6586,1728012184
social.younger.wtf,up,mastodon,1,123,14039,1688638427
vickerson.me,up,mastodon,1,5350,16276,1678735732
social.ornella.xyz,up,mastodon,1,6557,17933,1660402728
mastodon.bentobin.com,up,mastodon,1,30,3642,1668974020
toot.lqdev.tech,up,mastodon,1,1349,14735,1612578269
soc.oyasai-jct.net,up,mastodon,1,41,189,1688332848
toots.netshadow.net,up,mastodon,1,3,144,1766157774
f.rolandturner.com,up,mastodon,1,604,8531,1698801331
mdon.stefanomarinelli.it,up,mastodon,1,722,6235,1674397110
social.timstallard.me.uk,up,mastodon,1,0,3477,1679044288
toot.mcld.eu,up,mastodon,1,601,5485,1750710929
mast.p-hacking.org,up,mastodon,1,10,449,1712010025
social.gmtz.me,up,mastodon,1,2307,9044,1686020688
social.shugo.net,up,mastodon,1,449,1996,1762841886
mastodon.haris.paris,up,mastodon,1,1,705,1707358528
notasquirrel.dev,up,mastodon,1,996,9782,1688599735
social.r0r1.de,up,mastodon,1,30,4432,1668272912
i.cymaphore.net,up,mastodon,1,3614,12403,1673576688
ma.zcx.cc,up,mastodon,1,1975,8417,1667680154
cosmicnarwhal.social,up,mastodon,1,5,7389,1728683315
social.wollwage.com,up,mastodon,1,214,4632,1729092935
times.nekohack.me,up,mastodon,1,335,969,1697304009
popkulturreferenz.de,up,mastodon,1,2394,8680,1669064516
social.gautampk.com,up,mastodon,1,0,772,1635210106
www.glidden.life,up,mastodon,1,5701,15479,1636620989
social.arazil.net,up,mastodon,1,6379,15972,1667325554
mastodon.gensokyo.sh,up,mastodon,1,5,117,1740866957
toot.yukimochi.jp,up,mastodon,1,89003,12960,1612578268
mastodon.akmentins.social,up,mastodon,1,24,6964,1740423520
arielfinn.social,up,mastodon,1,4926,13983,1672178941
nebula.multihop.network,up,mastodon,1,27,2235,1747540464
ono-sendai.jevidl.net,up,mastodon,1,2524,18289,1668064184
crescent.ct2.io,up,mastodon,1,167,4248,1669009745
social.monkeysthumb.co.uk,up,mastodon,1,1401,12472,1671451311
mastodon.baufreton.fr,up,mastodon,1,2,7098,1690295876
social.albertmin.com,up,mastodon,1,19,4418,1713047602
elle.systems,up,mastodon,1,57402,24647,1612578270
mastotest.lol.camp,up,mastodon,1,1,13,1763061408
ernestoacosta.org,up,mastodon,1,2383,3888,1669320991
mastodon.benoit.jp.net,up,mastodon,1,327,5287,1728654671
malnacido.com,up,mastodon,1,40,5194,1669064516
mstdn.bmw-and-more.info,up,mastodon,1,15519,10852,1612578270
mastodon.s-yurama.com,up,mastodon,1,451,11,1612579014
sleepy.computer,up,mastodon,1,599,4097,1751027730
ldwg.ca,up,mastodon,1,6,2385,1749711456
fedi.talktodan.com,up,mastodon,1,97,12344,1667978569
halu.urbahn.org,up,mastodon,1,3,2933,1741206676
social.andrew.party,up,mastodon,1,10,10037,1732178509
mastodon.rejas.se,up,mastodon,1,65,7300,1687165447
mstdn.massmist.net,up,mastodon,1,14715,8557,1679228240
posts.adamw.social,up,mastodon,1,851,13025,1673978317
s.ovalerio.net,up,mastodon,1,2099,17084,1612578269
onenerdarmy.net,up,mastodon,1,90,4885,1689188908
0x212.com,up,mastodon,1,426,5194,1740217232
finnish.social.pekkasipila.com,up,mastodon,1,5,2108,1678498757
mastodon.rewind.org.au,up,mastodon,1,71,687,1740222072
impa.cc,up,mastodon,1,7,6698,1674828527
cyberdeck.social,up,mastodon,1,1648,15519,1668857082
ascule.mooo.com,up,mastodon,1,1,2687,1695510374
rumohr.social,up,mastodon,1,0,1331,1716264391
moonblade.social,up,mastodon,1,54,4912,1705201991
mastodon.cloudron.dps-infra.de,up,mastodon,1,1,334,1756695576
skytatu.com,up,mastodon,1,1421,5217,1690366952
blieb.net,up,mastodon,1,234,6745,1668972759
tekton.network,up,mastodon,1,3277,18309,1612578267
otter.tube,up,mastodon,1,641,8477,1612578265
s.voxint.net,up,mastodon,1,521,11974,1668158807
woodworth.social,up,mastodon,1,61,8126,1715198437
msz.baz.bar,up,mastodon,1,173,7184,1672587508
lazyatom.social,up,mastodon,1,349,11044,1612578268
social.inzeiten.de,up,mastodon,1,2259,8224,1651179260
starbase1.earth,up,mastodon,1,49,5881,1689124819
sadoway.com,up,mastodon,1,11,4250,1669443071
coasterfreak88.net,up,mastodon,1,118,2448,1668560944
buzz.talpa.ie,up,mastodon,1,108,7682,1730437361
social.duergner.io,up,mastodon,1,0,18,1668981453
osakanacreate.com,up,mastodon,1,95,1188,1675510642
mastodon.burntcomma.com,up,mastodon,1,28,4724,1685511018
prry.uk,up,mastodon,1,223,4082,1756504448
unhinged.dog,up,mastodon,1,69,2797,1763140357
daterape.mom,up,mastodon,1,25,268,1765922673
toot.dogboy.xyz,up,mastodon,1,8,6461,1667777031
mostodon.de,up,mastodon,1,2367,3874,1699860495
mastodon.mailgourmet.de,up,mastodon,1,0,3113,1708295345
fedi.johnlindop.com,up,mastodon,1,2,1546,1740494661
mastodon.justinweiss.com,up,mastodon,1,84,9803,1688603889
fedi.lawngno.me,up,mastodon,1,660,10631,1667646531
masto.a0s.de,up,mastodon,1,448,8581,1667199026
6t.vc,up,mastodon,1,336,11629,1667726965
masto.bluw.eu,up,mastodon,1,517,8224,1743425096
social.luchaliturgy.org,up,mastodon,1,3,3435,1763521565
mastodon.mariobonales.com,up,mastodon,1,5,7806,1690480209
claes.social,up,mastodon,1,82,6374,1688518199
social.shrn.co,up,mastodon,1,25,15576,1668834443
fedi.freevariable.com,up,mastodon,1,11,6775,1674622817
mastodon.neito.us,up,mastodon,1,78,3731,1720039756
mastodon.tsubame-jnr.f5.si,up,mastodon,1,3254,8,1691405894
mstdn.nekogata.com,up,mastodon,1,2003,1038,1710245309
mastodon.burnworks.com,up,mastodon,1,693,3813,1612578387
social.tobias.im,up,mastodon,1,0,1,1755446847
social.jsantos.eu,up,mastodon,1,1366,16909,1687002557
mastodon.sakura-star.net,up,mastodon,1,1176,6232,1745931017
mastodon.laurenweinstein.org,up,mastodon,1,35516,23178,1668728784
kaartinen.social,up,mastodon,1,314,3050,1669134312
social.brulijam.com,up,mastodon,1,87,4281,1724434211
mastodon.gsdgames.com,up,mastodon,1,5,5486,1700701909
asciisnowman.yachts,up,mastodon,1,725,9493,1688843240
syma.social,up,mastodon,1,30,7070,1621763183
social.nico-bayati.de,up,mastodon,1,5,3538,1612578270
fedi.aniskov.com,up,mastodon,1,269,1694,1668716273
christenson.social,up,mastodon,1,5,5169,1677739717
mastodon.seenigel.xyz,up,mastodon,1,4,7607,1740217447
social.slsrepo.com,up,mastodon,1,2,7363,1674968365
mastodon.lupiverse.com,up,mastodon,1,0,2020,1752254537
mastodon.i4m1k0.su,up,mastodon,1,1,1,1695979253
m.appdevs.io,up,mastodon,1,1,1056,1671243513
mastodon.xn--t8jzbl7g.jp,up,mastodon,1,3647,3777,1635033732
subbotin.social,up,mastodon,1,44,580,1755451560
mastodon.fl0w.fr,up,mastodon,1,130,144050,1669132100
fediverse.jarv.is,up,mastodon,1,1261,15340,1669399807
mastodon.adagia.eu,up,mastodon,1,44,2137,1728952198
social.simoncook.org,up,mastodon,1,32,8298,1674784429
social.lillin.net,up,mastodon,1,8355,4795,1674507062
apollo24.nohost.me,up,mastodon,1,1,77,1746719143
www.hatabowyou.com,up,mastodon,1,6064,6350,1673704138
aurya.net,up,mastodon,1,32,12108,1744770492
msd.fedcast.ch,up,mastodon,1,196,4381,1669284707
mastodon.rcockburn.com,up,mastodon,1,0,785,1709004695
social.kunveni.net,up,mastodon,1,22,5250,1671345553
mastodon.tuidao.me,up,mastodon,1,268,5678,1671565500
voiceover.social,up,mastodon,1,45,3896,1728396197
social.prosumer.dev,up,mastodon,1,1400,14066,1672431376
awes.one,up,mastodon,1,316,3437,1612578266
mastodon.sboots.ca,up,mastodon,1,7872,22206,1673262697
social.yob.id.au,up,mastodon,1,256,5910,1691844310
torimori.net,up,mastodon,1,48,3530,1747894687
forster.pro,up,mastodon,1,123,9292,1670184828
rottmann.social,up,mastodon,1,208,12295,1685480594
social.rhea.art,up,mastodon,1,139,5787,1671025646
nekonya.nekosnowy.moe,up,mastodon,1,998,7407,1685130130
mastodon.buntcomm.com,up,mastodon,1,95,9054,1670291419
freaknik.vip,up,mastodon,1,49,280,1668931836
datak.duckdns.org,up,mastodon,1,98,2019,1678550496
grinch.social,up,mastodon,1,13,6644,1676160802
onlyfranz.com,up,mastodon,1,3952,5668,1700699069
social.inmediahk.net,up,mastodon,1,13226,6624,1670345555
mastodon.toptechtidbits.com,up,mastodon,1,1053,11645,1681798540
lease.fedi.town,up,mastodon,1,2,195,1745463703
social.uggs.io,up,mastodon,1,1951,22652,1699964917
corrigan.moe,up,mastodon,1,25,17021,1612578442
social.nikopoikulainen.fi,up,mastodon,1,1597,9328,1740217213
mstdn.noskill.org,up,mastodon,1,8,2693,1747135550
mastodon.in4matics.cat,up,mastodon,1,1924,8560,1720077461
funcoland.net,up,mastodon,1,35,3655,1711144247
social.collectives.berlin,up,mastodon,1,2,228,1732757120
mostlychris.net,up,mastodon,1,6,2165,1670020575
nerdout.club,up,mastodon,1,41,19715,1673713568
social.klein.ruhr,up,mastodon,1,15,5133,1701256152
social.jellejansen.eu,up,mastodon,1,21,1962,1698119117
feed.nxs3.com,up,mastodon,1,31,5401,1667303346
m.bickford.ai,up,mastodon,1,41,1,1759763708
antisleepdevice.de,up,mastodon,1,34,5141,1667363881
self.regalijan.com,up,mastodon,1,8,1833,1695776082
mastodon.izzz.fr,up,mastodon,1,30,8179,1612578268
0v0.ch,up,mastodon,1,50,8214,1670887092
mastodon.greg.ca,up,mastodon,1,2,4074,1709626181
mastodon.jmsquared.net,up,mastodon,1,1,3196,1727557448
social.cwill.us,up,mastodon,1,24,12607,1667793208
qde.social,up,mastodon,1,4,4032,1760473740
mastodon.donttrust.me,up,mastodon,1,7,4175,1669562912
obviously.ilovemy.computer,up,mastodon,1,2,3577,1761222273
mastodon.schub.social,up,mastodon,1,963,13048,1704086676
social.microprose.lu,up,mastodon,1,0,572,1740245059
mince.network,up,mastodon,1,8,2736,1668033265
fd.toripota.com,up,mastodon,1,600,1786,1690023939
haz.pink,up,mastodon,1,2784,18128,1695318307
social.tacty.org,up,mastodon,1,446,11356,1704581413
mastodon.enticedwanderer.com,up,mastodon,1,1,1379,1732646809
mastodon.schoentoon.com,up,mastodon,1,879,10742,1612578268
mastodon.corradi.ch,up,mastodon,1,1,583,1753114735
vinzenz.social,up,mastodon,1,2721,14629,1669931153
toot.yosh.is,up,mastodon,1,3361,22960,1667604414
mastodon.lieter.nl,up,mastodon,1,1952,16761,1612578271
social.corre.bio,up,mastodon,1,126,3342,1756065738
jaym.casa,up,mastodon,1,1180,5843,1740217213
social.diod.es,up,mastodon,1,1,610,1685493000
social.ryankes.eu,up,mastodon,1,49,995,1612578345
cleary.au,up,mastodon,1,588,7812,1676293042
ijaron.life,up,mastodon,1,2,3671,1668564103
toot.tomn.co.uk,up,mastodon,1,22,1753,1671571121
mastodon.quirijngb.com,up,mastodon,1,59,6637,1678347719
mastodon.erdbeerbaerlp.de,up,mastodon,1,7,2799,1678106564
mikecoats.social,up,mastodon,1,1893,15291,1652579120
mastodon.tz.is,up,mastodon,1,1984,17673,1671399334
mastodon.nekusoul.de,up,mastodon,1,1,12065,1671202929
toots.valken.org,up,mastodon,1,83,6891,1698538999
cc2.at,up,mastodon,1,20,6628,1667948752
samschmitt.social,up,mastodon,1,45,6299,1701889952
social.jumaru.net,up,mastodon,1,131,6875,1705656931
insearchofportlandia.com,up,mastodon,1,163,7018,1758388833
richonrails.social,up,mastodon,1,17,164,1755444234
patrickflynn.me,up,mastodon,1,0,10219,1755443982
mastodon.iosdevhappyhour.com,up,mastodon,1,169,2283,1680171605
mastodon.accessinformationnews.com,up,mastodon,1,933,8880,1682127921
qua.ntumfy.re,up,mastodon,1,0,3659,1672723732
social.matarillo.com,up,mastodon,1,1128,1345,1612579014
mastodon.sarunint.com,up,mastodon,1,51,4719,1667988050
fedi.sszczyrb.dev,up,mastodon,1,241,8603,1704585740
mastodon.gaide.me,up,mastodon,1,19,3838,1671827773
babicz.social,up,mastodon,1,130,5186,1678449993
akirin.hostdon.ne.jp,up,mastodon,1,1021,11487,1688353367
mastodon.mnemi.moe,up,mastodon,1,0,1471,1707714404
mast.delayofgame.com,up,mastodon,1,0,1627,1708237347
social.steiler.de,up,mastodon,1,300,7494,1740217447
windbag.org,up,mastodon,1,5349,25469,1668904971
cay.jrd.pub,up,mastodon,1,1659,121,1721289829
the.caffeination.space,up,mastodon,1,404,4023,1686622175
chambers.computer,up,mastodon,1,0,2361,1714028756
mastodon.maescool.be,up,mastodon,1,86,22482,1612578268
mastodon.eble.name,up,mastodon,1,568,11502,1621276891
mastodon.kalua.im,up,mastodon,1,4,3276,1621135089
pub.atomaka.com,up,mastodon,1,0,1120,1671273514
evrial.com,up,mastodon,1,296,6716,1712176348
decommodify.com,up,mastodon,1,242,5197,1689026836
jardinminiature.fedicity.net,up,mastodon,1,1360,3093,1710837537
slvn.social,up,mastodon,1,150,12589,1686124843
mstdn.incmplt.net,up,mastodon,1,18,523,1612579139
unix.family,up,mastodon,1,434,6881,1669056314
ferelith.blue,up,mastodon,1,4094,7553,1675850527
social.focused.systems,up,mastodon,1,713,5573,1671620556
mastodon.limulus.net,up,mastodon,1,936,11391,1676061676
quasisocial.lone-starr.net,up,mastodon,1,0,34,1669682117
mastodon.dev-null.rocks,up,mastodon,1,48,5347,1612578348
hcchiang.com,up,mastodon,1,54,394,1745613650
mederland.nl,up,mastodon,1,3535,17376,1702919194
kinney.social,up,mastodon,1,8,6029,1676169998
m.chun.pro,up,mastodon,1,100,660,1667818677
social.lightlyseared.online,up,mastodon,1,2882,16966,1652022280
mastodon.kvuzet.net,up,mastodon,1,1246,13000,1746188815
social.litehell.info,up,mastodon,1,306,1996,1689715464
coreharbor.de,up,mastodon,1,20,3516,1743037668
social.peterlew.is,up,mastodon,1,166,13602,1670604599
ellieayla.net,up,mastodon,1,9341,19331,1651184239
holygrena.de,up,mastodon,1,556,10073,1669636927
social.nptcomputing.net,up,mastodon,1,138,7840,1686011657
mstdn.mk39.xyz,up,mastodon,1,589,6140,1612578265
dnk.todon.de,up,mastodon,1,3,3726,1670256151
mastodon.bres.cat,up,mastodon,1,48,5147,1669664343
mastodon.fonsos.com,up,mastodon,1,770,12321,1676397935
chin-co-ne.co,up,mastodon,1,109529,14107,1612578268
ediverse.vip,up,mastodon,1,27,3813,1677212903
fldm.it,up,mastodon,1,690,4783,1750767706
chx.contact,up,mastodon,1,337,7791,1733008100
social.masawada.me,up,mastodon,1,769,1616,1676291188
erscheinung47.com,up,mastodon,1,45741,9167,1676419898
social.tobiasbaehr.de,up,mastodon,1,10,1893,1745786959
mastodon.gomzik.xyz,up,mastodon,1,2188,4762,1669052904
m.vilcor.org,up,mastodon,1,1,6433,1688689634
acra.network,up,mastodon,1,4,10372,1668221121
mastodon.hong.io,up,mastodon,1,6,5456,1612581151
mastodon.social-pod.org,up,mastodon,1,24,8918,1740217156
shit.herewegoaga.in,up,mastodon,1,329,6170,1743529469
social.creaturis.com,up,mastodon,1,22,3515,1741192469
30d.org,up,mastodon,1,2,7986,1666939159
mas.ivy.law,up,mastodon,1,165,6244,1714423756
mstdn.kernel-panic.lol,up,mastodon,1,338,14083,1680557254
mstdn.rosaceae.net,up,mastodon,1,163,2934,1612578270
hutli.hu,up,mastodon,1,4,317,1732693455
staging.mstdn.misaca.network,up,mastodon,1,14,3472,1612578267
puppy.rent,up,mastodon,1,4,2226,1759066469
synyx.social,up,mastodon,1,131,3461,1678480909
social.smalldog.club,up,mastodon,1,190,13849,1670169903
socially.terrible.systems,up,mastodon,1,0,537,1697511037
joshbutts.social,up,mastodon,1,899,11110,1675688850
social.coukaratcha.fr,up,mastodon,1,1317,4141,1687361942
social.stmh.io,up,mastodon,1,332,3811,1668904962
fedi.owldog.dev,up,mastodon,1,236,4387,1704137757
noise.j-w.au,up,mastodon,1,2340,18761,1667840848
social.mmalecki.com,up,mastodon,1,177,4208,1717001696
mastodon.tenshu.net,up,mastodon,1,289,6698,1689879604
iam.mikei.sh,up,mastodon,1,37,6125,1667935380
restive.social,up,mastodon,1,244,15528,1689399840
mastodon.morwud.cz,up,mastodon,1,132,5571,1692188413
mastodon.e4b4.eu,up,mastodon,1,59,5786,1668800457
jontka.fi,up,mastodon,1,11781,17645,1668070057
mastodon.sysadninjas.net,up,mastodon,1,29,1846,1715632787
social.seanzach.com,up,mastodon,1,481,7472,1674785474
mstdn.sw-saturn.dev,up,mastodon,1,103,49,1761069383
mstdn.bernd.network,up,mastodon,1,38,5880,1765614736
fedi.larlet.fr,up,mastodon,1,790,15012,1669879982
social.tonkku.me,up,mastodon,1,33,2786,1667421760
social.michael-webber.com,up,mastodon,1,58,4540,1671865183
mastodon.twoslashes.com,up,mastodon,1,55,5215,1667737787
feed.lrnz.it,up,mastodon,1,43,2934,1742576833
mastodon.iceman.synology.me,up,mastodon,1,0,1121,1672964402
social.riley.pub,up,mastodon,1,167,12330,1737006722
social.notjustbikes.com,up,mastodon,1,753,25652,1667588329
2tonwaffle.social,up,mastodon,1,346,6976,1743795832
mastodon.gideonstar.de,up,mastodon,1,2704,15837,1651509162
mastodon.florian.moe,up,mastodon,1,0,4360,1669010354
mastodon.o2r.fr,up,mastodon,1,0,217,1747972483
social.untropy.net,up,mastodon,1,465,3439,1740221730
dev-mstdn.bmw-and-more.info,up,mastodon,1,18,197,1716064067
poit.io,up,mastodon,1,23,5305,1689447220
mstdn.wiper.dev,up,mastodon,1,2359,3272,1612578267
social.vegan.im.it,up,mastodon,1,42,5613,1651211743
social.pfsmusic.net,up,mastodon,1,53,1029,1689441912
toot.gagniard.org,up,mastodon,1,472,15123,1667795191
social.jorquera.net,up,mastodon,1,0,4927,1705465233
pinephoneuser.eu,up,mastodon,1,2,136,1766172378
mastodon.aurooba.com,up,mastodon,1,1635,11231,1668130028
wuffs.org,up,mastodon,1,4559,21092,1682033012
social.tfdn.cloud,up,mastodon,1,199,6593,1684356458
social.cybercult.biz,up,mastodon,1,46,4343,1756283547
social.hodgson.io,up,mastodon,1,4693,7851,1668636135
micro.koray.al,up,mastodon,1,1,1261,1612585465
social.simonjon.es,up,mastodon,1,2,1751,1671308535
social.greinr.com,up,mastodon,1,13,10706,1671504752
nikayin.social,up,mastodon,1,0,2418,1686985910
lofi.org.uk,up,mastodon,1,136,7882,1670094530
g0o.net,up,mastodon,1,0,0,1667828510
ursula.ahlamon.org,up,mastodon,1,213,3703,1677518087
andrews.me,up,mastodon,1,596,10818,1667457110
schumacher.social,up,mastodon,1,2,2309,1668477808
social.lelgenio.com,up,mastodon,1,137,13122,1715456314
social.twolife.be,up,mastodon,1,5,3599,1671477596
myth.today,up,mastodon,1,114,1,1758685895
masto.baranovski.cloud,up,mastodon,1,219,3854,1739484073
squirrel.pub,up,mastodon,1,300,10833,1691591151
ciurdarea.nu,up,mastodon,1,107,8713,1674514776
elbereth.xyz,up,mastodon,1,1513,7181,1713218979
m.tigercubden.com,up,mastodon,1,170,1363,1669249672
mastodon.chainfire.eu,up,mastodon,1,42,4885,1669474703
mastodon.niols.fr,up,mastodon,1,0,708,1726235033
sukebepacos.com,up,mastodon,1,3556,8525,1694102048
social.pu2ttz.app.br,up,mastodon,1,188,9830,1715025226
toot.risottobias.org,up,mastodon,1,1768,14367,1743963816
one.darnell.one,up,mastodon,1,12973,64935,1656429035
mastodon.kurau.tokyo,up,mastodon,1,5491,10953,1726162297
m.abyss.moe,up,mastodon,1,0,7,1701467807
portraits.social.pekkasipila.com,up,mastodon,1,13,3072,1678429371
mastodon.mariobreskic.de,up,mastodon,1,1079,6566,1642710174
mergl.in,up,mastodon,1,0,1998,1675431394
toot.you.havebroken.it,up,mastodon,1,0,1806,1676127423
staging.carhenge.club,up,mastodon,1,11,0,1668399677
sakura.soccer,up,mastodon,1,192,1780,1711834757
mastodon.hegedus.me,up,mastodon,1,633,7039,1728641287
mitchelltribe.social,up,mastodon,1,2148,9642,1671834266
x.tkw.fm,up,mastodon,1,59,858,1699064322
toot.ss23.geek.nz,up,mastodon,1,823,4780,1670305116
social.matej-lach.me,up,mastodon,1,6613,21075,1612578268
niice.social,up,mastodon,1,0,254,1669012578
social.blurthefur.com,up,mastodon,1,1501,10290,1723059420
mast.wangwood.house,up,mastodon,1,214,13305,1669504532
masto.fatwolfrunning.club,up,mastodon,1,168,1475,1728882228
megantoots.com,up,mastodon,1,225,17153,1612578266
masto.hypertelia.com,up,mastodon,1,2739,11367,1740217705
mastodon.librehki.eus,up,mastodon,1,1,312,1726570306
based.zone,up,mastodon,1,773,7787,1695319004
toot.nx-pod.de,up,mastodon,1,46,23231,1612578269
futureethics.now,up,mastodon,1,13,3601,1765493947
mastodon.soupformy.community,up,mastodon,1,1,456,1766539117
social.himself.synology.me,up,mastodon,1,40,196,1759099091
vertexspew.social,up,mastodon,1,156,8026,1674822827
fam-spoo.de,up,mastodon,1,10,4906,1740217534
lifehack.social,up,mastodon,1,186,8531,1681207719
mstdn.yamaken.jp,up,mastodon,1,39,3495,1612578268
atdt.cc,up,mastodon,1,298,9757,1674429721
mastodon.delroth.net,up,mastodon,1,4331,23915,1667780446
femboi.gay,up,mastodon,1,6,9,1764579209
petronel.info,up,mastodon,1,51,4963,1615490308
toot.x2a.io,up,mastodon,1,10,4207,1612578270
mastodon.bartchampagne.be,up,mastodon,1,0,568,1667351283
afnsocial.co,up,mastodon,1,0,8247,1672776986
matus.cc,up,mastodon,1,83,6172,1710874320
fediverse.bitals.xyz,up,mastodon,1,183,8620,1687365824
mastodon.dlitz.net,up,mastodon,1,116,11266,1612578270
mastodon.adida.net,up,mastodon,1,975,13622,1668412044
feed.lostendfound.com,up,mastodon,1,2,368,1764579209
mastodon.asmita.ynh.fr,up,mastodon,1,5,6,1760025082
sns.taizona.jp,up,mastodon,1,3898,3567,1667978569
koyu.social,up,mastodon,1,9,3250,1766228403
msocial.top,up,mastodon,1,0,870,1673951991
social.arneckestrasse.de,up,mastodon,1,75,7808,1704653951
m.divita.eu,up,mastodon,1,1283,12512,1612578270
mastodon.sabine-schoenherr.de,up,mastodon,1,25,578,1747854391
mastodon.andreasvongunten.com,up,mastodon,1,139,4381,1667661883
md.remobra.org,up,mastodon,1,20,277,1718040890
metapan.online,up,mastodon,1,3,1947,1651548046
dersonic.de,up,mastodon,1,42,4931,1708945004
zsiegel.social,up,mastodon,1,147,8395,1668305819
mastodon.robomwm.com,up,mastodon,1,338,1294,1708495078
social.sedders123.me,up,mastodon,1,0,8723,1671815757
mastodon.k3y0708.de,up,mastodon,1,3,2117,1753913634
social.coconetworks.org,up,mastodon,1,229,2995,1740249305
fedi.decrypt.moe,up,mastodon,1,2,14,1740231507
social.rappet.xyz,up,mastodon,1,775,6277,1744914988
m.adamhinds.net,up,mastodon,1,6,1096,1766292059
mastodon.staudt.bayern,up,mastodon,1,37,1446,1740221301
afn.game-host.mydns.jp,up,mastodon,1,9,20,1635460985
social.davidbrush.info,up,mastodon,1,40,10703,1673111793
fosshive.social,up,mastodon,1,0,3072,1761369152
mastodon.adorsaz.ch,up,mastodon,1,72,5911,1672950480
toot.it.com,up,mastodon,1,81,4359,1728238606
gametech.masto.host,up,mastodon,1,81,1889,1612578345
tomoku.work,up,mastodon,1,80,4405,1761884262
mastodon.thunraz.se,up,mastodon,1,0,234,1750099790
q8masto.social,up,mastodon,1,1,17,1672535695
geeksociety.social,up,mastodon,1,839,5983,1671398766
mastodon.noelle.dev,up,mastodon,1,1849,9540,1739406693
dev-mastodon.kurau.tokyo,up,mastodon,1,15,471,1730318107
nerd.megahuge.com,up,mastodon,1,286,8010,1667592161
mastodon.knizefamily.net,up,mastodon,1,23,6623,1669158296
social.tilosp.de,up,mastodon,1,0,1327,1690379756
backs.day,up,mastodon,1,873,359,1685454848
366.koyomi.online,up,mastodon,1,7595,15002,1680943464
proud.social,up,mastodon,1,3199,15679,1668414519
fedi.gallegoiv.com,up,mastodon,1,17,665,1668976814
nextham.duckdns.org,up,mastodon,1,6103,138969,1668576317
mstdn.jnsk.info,up,mastodon,1,24757,6488,1612578270
microblog.shivering-isles.com,up,mastodon,1,11376,27833,1612578271
iguanapalace.com,up,mastodon,1,4013,5537,1707172512
mastodon.emmetcoughlan.com,up,mastodon,1,254,3848,1668936651
bifrost.berzerk.pl,up,mastodon,1,351,8325,1667768414
toot.jasonscheirer.com,up,mastodon,1,5010,18431,1612578267
gives.hugz.online,up,mastodon,1,50350,16687,1740082281
kattstodon.com,up,mastodon,1,259,6392,1747584732
social.tevtra.com,up,mastodon,1,4,20,1764572622
social.vsp.ink,up,mastodon,1,335,8410,1687287147
joshuastrobl.social,up,mastodon,1,882,15160,1692904624
steppylegs.monster,up,mastodon,1,67,2664,1762299142
social.iknox.com,up,mastodon,1,2,2912,1698297377
mastodon.lyng.space,up,mastodon,1,1165,9986,1664179370
test.social.mythic-beasts.com,up,mastodon,1,3,3,1740241782
dixit.matoo.net,up,mastodon,1,939,6748,1751650896
mstdn.cumulonimbus-cloud.com,up,mastodon,1,4,1092,1677320398
mstdn.teamblow.jp,up,mastodon,1,2047,3,1669748018
nerdfoo.dev,up,mastodon,1,721,11789,1669406922
m.kemcue.net,up,mastodon,1,198,2674,1753102447
henshaw.social,up,mastodon,1,8763,32011,1612578267
social.nlnetlabs.nl,up,mastodon,1,198,9843,1750077069
frankwiles.social,up,mastodon,1,3003,14914,1674397543
nijinofune.com,up,mastodon,1,0,1,1681651865
social.teddycaddy.com,up,mastodon,1,877,11159,1680956415
pentacop.moellus.net,up,mastodon,1,0,4243,1694776427
nathalie.social,up,mastodon,1,45,7282,1674198042
thecommandline.social,up,mastodon,1,7532,108135,1671376428
mastodon.wolter.house,up,mastodon,1,2,3,1706594548
masto.colonelinux.org,up,mastodon,1,386,5876,1668117784
social.scharner.me,up,mastodon,1,2,1962,1677344048
mastodon.kaisev.net,up,mastodon,1,37,6593,1728937868
squidnet.net,up,mastodon,1,1113,9050,1675810325
social.mei-home.net,up,mastodon,1,10820,19700,1659589265
social.lyros.net,up,mastodon,1,13,3615,1672529149
s.aj.immo,up,mastodon,1,16,1044,1681847456
mastodon.vegh.social,up,mastodon,1,408,8291,1675371443
social.knocknet.net,up,mastodon,1,10,3032,1672719935
mastodon.durel.org,up,mastodon,1,110,2882,1704278185
social.simplexity.quest,up,mastodon,1,1302,7464,1748280759
toot.jeena.net,up,mastodon,1,2977,15548,1612578270
social.ladd.network,up,mastodon,1,0,14687,1711035737
mstdn.wherehowardgoes.com,up,mastodon,1,246,14948,1722474661
wkfa.org,up,mastodon,1,21,4997,1674692388
social.darxxide.eu,up,mastodon,1,1022,11000,1749540554
murdo.uk,up,mastodon,1,19,3760,1742069090
hub.vahfoom3iquahfah.infinitedisk.com,up,mastodon,1,101,232,1661311223
social.devries.frl,up,mastodon,1,966,5511,1700150760
social.randommumble.org,up,mastodon,1,2,2137,1668973088
mastodon.deniau.org,up,mastodon,1,693,7101,1675451304
mastodon.legoujon.fr,up,mastodon,1,4,2380,1761215654
mastodon.bleep.social,up,mastodon,1,589,8205,1704965301
social.zerojay.com,up,mastodon,1,535,11766,1612578442
mstdn.bx23.net,up,mastodon,1,116,7304,1667857105
mastodon.thesan.info,up,mastodon,1,4,261,1765229023
miha.hostdon.ne.jp,up,mastodon,1,10870,6454,1725125906
social.astralsystem.com,up,mastodon,1,461,6578,1674438064
social.simonschoof.com,up,mastodon,1,74,8099,1677474363
urda.social,up,mastodon,1,1759,19190,1691664405
social.dauen.name,up,mastodon,1,962,15171,1644620730
social.joshanders.com,up,mastodon,1,283,9380,1671260584
mastodon.zeocax.com,up,mastodon,1,1,2863,1745046253
arnesocial.de,up,mastodon,1,3,5828,1671463840
crystallake.camp,up,mastodon,1,5672,10396,1684098755
dawdling.net,up,mastodon,1,33034,21299,1677137535
social.theflyingkiwi.de,up,mastodon,1,0,627,1749183363
thatoldthing.eu,up,mastodon,1,0,11,1766816233
hannover.masto.host,up,mastodon,1,3,6869,1649979516
masto.gkbrk.com,up,mastodon,1,4,7874,1743471987
puhu.ainiaan.fi,up,mastodon,1,6,2533,1762604626
social.compensis.de,up,mastodon,1,261,8739,1669464743
social.collado.eu,up,mastodon,1,74,9271,1739793975
social.apitman.com,up,mastodon,1,59,6399,1716163670
ajin.la,up,mastodon,1,49551,23739,1612578266
mastodon.immae.eu,up,mastodon,1,404,10381,1612578268
m.santolin.eu,up,mastodon,1,41,9294,1668034391
mst.csoundc.info,up,mastodon,1,12,16,1691635489
wayward.dog,up,mastodon,1,46,20,1758104370
mastodon.hoppinglife.com,up,mastodon,1,345,16065,1612578345
becker.pizza,up,mastodon,1,4,7377,1674236980
social.digitalmountains.co.uk,up,mastodon,1,142,7711,1692484436
social.dandln.com,up,mastodon,1,1,2084,1740217447
atis.social,up,mastodon,1,28,957,1695983177
mastodon.clitheroe.ca,up,mastodon,1,3232,10000,1746259301
social.dvsn.net,up,mastodon,1,638,8359,1690947024
rah.social,up,mastodon,1,2971,18737,1668060702
social.psjb.me,up,mastodon,1,222,12640,1652186151
social.matthewreynolds.net,up,mastodon,1,9,10875,1681116434
social-pflege.de,up,mastodon,1,41,5654,1675646026
t.kiriha.me,up,mastodon,1,820,459,1612578347
don.m2hq.net,up,mastodon,1,19452,6944,1612578267
social.bdash.net.nz,up,mastodon,1,236,8506,1669840046
felixmueller.social,up,mastodon,1,21,5497,1676191264
social.pinter.family,up,mastodon,1,1,5117,1669043102
fedi.wrewtopia.com,up,mastodon,1,19,2886,1760115314
masto.du.mouvant.icu,up,mastodon,1,229,1742,1762448047
bjork.gay,up,mastodon,1,0,4784,1723015220
mastodon.nubolibera.nohost.me,up,mastodon,1,1,33,1740221284
mastodon.familie-tux.de,up,mastodon,1,257,13073,1668915185
team.yarnspinner.dev,up,mastodon,1,46,4179,1673833208
i.dongxi.ca,up,mastodon,1,39,3466,1651141971
mastodon.bvnc.fr,up,mastodon,1,1,2819,1740221298
xn--8r9a.com,up,mastodon,1,2189,23780,1668345593
social.edgeoftheuniver.se,up,mastodon,1,44,6793,1692270773
social.laramy.black,up,mastodon,1,20,11049,1689111825
ofuton.io,up,mastodon,1,3038,8735,1612578270
mastodon.berget.nu,up,mastodon,1,6,6574,1668013371
alone-nigaichigo.hostdon.ne.jp,up,mastodon,1,667,1001,1725240684
thegoblin.market,up,mastodon,1,717,15897,1672330290
toot.yanone.de,up,mastodon,1,379,4951,1729019219
dev-muck.yyc.bike,up,mastodon,1,5,1,1702609808
mastodon.nldot.com,up,mastodon,1,2,7386,1740077860
mastodon.doneydenouden.com,up,mastodon,1,470,8191,1668298430
nton.cx,up,mastodon,1,0,7882,1668288943
social.mythic-beasts.com,up,mastodon,1,1457,12151,1667903250
mastodon.rastiqdev.me,up,mastodon,1,26,2997,1740221284
qa.higgy.social,up,mastodon,1,19,115,1714883191
icelandphotos.co.uk,up,mastodon,1,248,15989,1731700271
social.lily.flowers,up,mastodon,1,10,4349,1672470617
mastodon.marcusquinn.com,up,mastodon,1,3,921,1612578270
paws.press,up,mastodon,1,4260,12743,1669866658
ototokoi.masto.host,up,mastodon,1,467,561,1763311726
mstdn.654x2.cc,up,mastodon,1,703,3294,1732672645
rama4.jp,up,mastodon,1,449,1651,1757744227
social.koeia.de,up,mastodon,1,0,2100,1671271608
m.indefinitely.social,up,mastodon,1,2617,8888,1672331331
p.antsu.net,up,mastodon,1,2898,8684,1689470908
boris.work,up,mastodon,1,15,4091,1732903933
social.marc1307.de,up,mastodon,1,0,7156,1684078352
social.mehrabi.uk,up,mastodon,1,34,3775,1744587270
alpherg.fedicity.net,up,mastodon,1,151,590,1695948783
freq1k.fedicity.net,up,mastodon,1,31287,2069,1744594319
mastodon.ericbeckers.nl,up,mastodon,1,5627,21207,1612578267
social.bunch.dev,up,mastodon,1,27,2610,1669781753
mastodon.nmaggioni.xyz,up,mastodon,1,220,5340,1670645426
social.sudduth.me,up,mastodon,1,3,3509,1667847726
social.foolish.computer,up,mastodon,1,962,6004,1679449945
mastodon.hedenstroem.com,up,mastodon,1,3,7167,1667839829
activity.kammeyer.me,up,mastodon,1,105,5189,1694482503
9600bps.com,up,mastodon,1,17,3674,1707065087
masto.monero.space,up,mastodon,1,5,1377,1685769786
aeronavis.felesitas.cloud,up,mastodon,1,244,1468,1612578265
matts.network,up,mastodon,1,579,104492,1668914538
m.km8v.net,up,mastodon,1,52,4150,1716586844
surutodon.net,up,mastodon,1,28827,4592,1674745336
social.elitenklo.de,up,mastodon,1,0,0,1741296962
social.macwinlin.cloud,up,mastodon,1,20,124420,1665222004
feed.yopp.me,up,mastodon,1,1684,23511,1673728253
mstdn.anchel.nl,up,mastodon,1,417,4852,1718471223
social.authbypass.com,up,mastodon,1,254,11297,1692027866
mastodon.feraltodayfriendtomorrow.org,up,mastodon,1,155,7642,1700350259
mo.tt,up,mastodon,1,32,4143,1667724034
ap.insertapp.net,up,mastodon,1,182,10298,1704217406
fedi.kevinisageek.org,up,mastodon,1,1344,11558,1680112729
social.trumpi.co.za,up,mastodon,1,55,4269,1705318060
social.heinlein-support.de,up,mastodon,1,218,2681,1692267729
social.lgug2z.com,up,mastodon,1,6,1758,1705482382
rstokes.uk,up,mastodon,1,1020,13305,1723701357
mastodon-test.sailboat.social,up,mastodon,1,0,84,1762913767
worklifepsych.social,up,mastodon,1,199,10418,1675951526
toot.root.se,up,mastodon,1,13,3001,1679294993
znark.us,up,mastodon,1,106,15054,1612578390
toot24.de,up,mastodon,1,141,5911,1675435631
alsutton.social,up,mastodon,1,406,3085,1751737099
social.alexwlchan.net,up,mastodon,1,437,11622,1693066149
biu.im,up,mastodon,1,36,5467,1682640789
social.nwex.de,up,mastodon,1,1075,10664,1670345914
social.petko.me,up,mastodon,1,5016,13103,1612578266
fedibeastie.eu,up,mastodon,1,45,886,1762689427
conwayfamily.org,up,mastodon,1,4,3195,1668943198
isosceles.monster,up,mastodon,1,349,6995,1682835706
mastodon.hidupmanis.studio,up,mastodon,1,877,20735,1669100849
mastodon.seanos.net,up,mastodon,1,33,7572,1673426861
mastodon.pycon.org.au,up,mastodon,1,236,6109,1711286052
ratf.ink,up,mastodon,1,89,3360,1730101308
social.jacklinke.com,up,mastodon,1,2970,11114,1667601953
social.briankoopman.com,up,mastodon,1,225,8155,1669009602
mastodon.moussaclarke.co.uk,up,mastodon,1,976,16445,1668531935
mmasuda.hostdon.ne.jp,up,mastodon,1,37,7419,1675929641
mastodon.phikai.com,up,mastodon,1,30,3465,1671632333
social.dumijay.com,up,mastodon,1,7870,583,1692461501
soc.triangleidiot.online,up,mastodon,1,0,1012,1649492222
witches.social,up,mastodon,1,7786,8980,1612578345
mastodon.jacobwhite.us,up,mastodon,1,59,4151,1669735522
mastodon.qrpth.eu,up,mastodon,1,5,8571,1612578345
m.rwhb.me,up,mastodon,1,124,10951,1668972759
masto.toadking.com,up,mastodon,1,616,16237,1669016323
social.kern.pm,up,mastodon,1,1077,14409,1667676943
md.songtronix.com,up,mastodon,1,9,7658,1671810350
social.ryan77627.xyz,up,mastodon,1,13,3256,1669447227
sparrowhawk.social,up,mastodon,1,1382,13971,1675714306
social.thomasjaggi.ch,up,mastodon,1,439,7925,1669917652
mastodon.datablob.de,up,mastodon,1,99,7074,1654502436
masto.queerscience.net,up,mastodon,1,0,1559,1668904971
mastodon.thewdhanat.com,up,mastodon,1,7,3941,1672352441
mastodon.nyoxfox.com,up,mastodon,1,21,4665,1671504835
social.postfixnotation.org,up,mastodon,1,25,173,1700888118
socks.masto.host,up,mastodon,1,2275,21831,1667369544
melonsoda.site,up,mastodon,1,4118,3413,1675742790
fedi.anto.im,up,mastodon,1,75,895,1763432925
social.b0tt0m.xyz,up,mastodon,1,435,6239,1751834362
social.cthululemon.com,up,mastodon,1,1888,15801,1716016311
prattle.top,up,mastodon,1,50,4190,1688416950
social.lond.com.br,up,mastodon,1,53,1917,1612578271
rawr.tf,up,mastodon,1,570,12303,1672168588
mastodon.kyiv.ua,up,mastodon,1,0,3517,1745252400
justinyost.social,up,mastodon,1,5378,12198,1676765654
social.starmade.de,up,mastodon,1,37,15273,1612579014
mstdn.thymefield.jp,up,mastodon,1,264,2795,1705455826
mastodon.cysioland.pl,up,mastodon,1,57964,22900,1639647844
fedi.yaf.ai,up,mastodon,1,568,13993,1669787685
mastodon.moso.dev,up,mastodon,1,144,3132,1713895657
refuge.ruf.st,up,mastodon,1,397,3643,1753279832
fnlog.page,up,mastodon,1,900,6695,1667848557
nemargut.com,up,mastodon,1,424,9111,1672943387
social.gompa.me,up,mastodon,1,1100,11889,1745881138
m.orbx.net,up,mastodon,1,23,2370,1667528870
mm.xxooxx.xyz,up,mastodon,1,174,1102,1691742922
micah.social,up,mastodon,1,759,12978,1669133169
nonexistent.ca,up,mastodon,1,210,5289,1704764550
irrelevant.me.uk,up,mastodon,1,3060,19750,1668551754
m.astonsson.se,up,mastodon,1,172,1980,1750686789
mastodon.thivinfo.com,up,mastodon,1,198,2772,1741983953
social.bgp.rodeo,up,mastodon,1,11,432,1710926660
irrsinn.life,up,mastodon,1,1352,25929,1612578269
mastodon.mpall.synology.me,up,mastodon,1,0,1451,1743296810
x.nichipon.com,up,mastodon,1,10,10726,1691689248
mastodon.glitchy.social,up,mastodon,1,163,5175,1763044988
raptor-care.center,up,mastodon,1,32,356,1720808845
social.schiessle.eu,up,mastodon,1,133,8061,1744984498
fediverse.milomolson.com,up,mastodon,1,1,390,1745641173
s.greenstreet.systems,up,mastodon,1,0,68,1763279709
yokonegi.hostdon.ne.jp,up,mastodon,1,11226,11841,1672916194
tauri.earth,up,mastodon,1,6914,14497,1668353210
social.hetzel.net,up,mastodon,1,11513,17305,1676068503
mastodon.shukriadams.com,up,mastodon,1,88,2423,1707516056
mastodon.dlun.ch,up,mastodon,1,155,14104,1692498409
social.mfojtik.io,up,mastodon,1,0,936,1668078484
fudo.live,up,mastodon,1,0,42,1706302698
doyle.boston,up,mastodon,1,10977,15149,1675952568
mdft.social,up,mastodon,1,54,5421,1731799102
social.axelrafn.is,up,mastodon,1,96,1904,1758698611
htt.social,up,mastodon,1,3441,17918,1671457856
f.duriansoftware.com,up,mastodon,1,4561,17020,1726640854
social.uberbrady.com,up,mastodon,1,1222,7904,1691165215
stella.quietmisdreavus.net,up,mastodon,1,376,,1741345743
social.rebtoor.com,up,mastodon,1,56,5472,1644381721
mastodon.nikolaev-sh.ru,up,mastodon,1,16,433,1758398524
toot.tomais.nz,up,mastodon,1,69,3731,1671768118
wires.social,up,mastodon,1,581,8870,1702247880
bar.spejset.org,up,mastodon,1,6,1615,1730236677
kiri.to,up,mastodon,1,556,4017,1674341959
social.moreati.org.uk,up,mastodon,1,1629,7653,1668477990
social.van-hemmen.com,up,mastodon,1,1,7280,1642116676
authprivsec.social,up,mastodon,1,0,218,1676088313
masto.koutoupis.com,up,mastodon,1,112,8136,1674347921
mastodon.duncanhart.com,up,mastodon,1,2077,16517,1621713707
databug.social,up,mastodon,1,0,1,1694757814
social.iowoof.com,up,mastodon,1,226,4499,1728971160
m.mtjm.eu,up,mastodon,1,165,11182,1612578266
mastodon.jaquanor.com,up,mastodon,1,239,5724,1669146035
mstdn.myutsutaka.com,up,mastodon,1,30,675,1668087347
mastodon.c99.org,up,mastodon,1,1230,12214,1651004484
mastodon.stoykow.de,up,mastodon,1,1,128,1766960819
mdon.ee,up,mastodon,1,1777,11952,1612578269
sironi.xyz,up,mastodon,1,182,4198,1760308644
mastodon.klaczynski.quest,up,mastodon,1,1,8,1743953691
social.joshbaileycreates.com,up,mastodon,1,44,2667,1764571652
mastodon.chenyihan.cn,up,mastodon,1,0,113,1761329483
m.gravitystorm.co.uk,up,mastodon,1,414,6897,1683171112
m.vinduv.app,up,mastodon,1,82,2620,1731919013
vk5fj.net,up,mastodon,1,1946,10160,1668474661
mastodon.seahousen.eu,up,mastodon,1,951,11740,1717432966
mastodon.rhys.wtf,up,mastodon,1,11728,23546,1667781178
prognesubis.net,up,mastodon,1,0,4207,1676915180
mastodon.nerfherders.club,up,mastodon,1,1,3731,1697014512
onpartage.autroisieme.top,up,mastodon,1,42,1838,1639785422
mastodon.eirides.net,up,mastodon,1,12,844,1763086817
social.campus-it.eu,up,mastodon,1,35,4373,1680424695
m.yufushiro.dev,up,mastodon,1,6785,6461,1675342628
social.domaincrawler.com,up,mastodon,1,0,6752,1761856392
radig.social,up,mastodon,1,12,4849,1675018468
st.precure.ml,up,mastodon,1,17,1,1751586132
mastodon.kristofferjohansson.com,up,mastodon,1,1129,9001,1704116347
social.owncast.online,up,mastodon,1,72,9844,1746109241
connor.social,up,mastodon,1,12,4128,1745255381
bashdayz.ru,up,mastodon,1,251,2974,1750950611
social.mechanizedarmadillo.com,up,mastodon,1,4675,13649,1680418594
barnes.social,up,mastodon,1,2117,8675,1676846438
mastodon.sapara.com,up,mastodon,1,4,323,1671682646
mastodon.rym.social,up,mastodon,1,864,6552,1669588873
share.slowte.ch,up,mastodon,1,15,1586,1731866173
m.dsnv.net,up,mastodon,1,424,14209,1689026350
mastodon.diglateam3.com,up,mastodon,1,359,2080,1612578344
maciaszek.social,up,mastodon,1,1696,14466,1668090672
social.kararyli.net,up,mastodon,1,0,3448,1675463069
social.cambium.at,up,mastodon,1,2,198,1760181502
mastodon.wellington.gen.nz,up,mastodon,1,13365,4101,1668843791
myside-yourside.net,up,mastodon,1,12726,18706,1688008799
social.antonlaoshi.com,up,mastodon,1,17,1636,1753705014
mastodon.solidev.net,up,mastodon,1,171,15660,1668770432
mastodon.kazuiton.com,up,mastodon,1,40,1316,1762015741
holzer.social,up,mastodon,1,518,9369,1676312897
noodle.social,up,mastodon,1,3001,16277,1651064939
mastodon.irazu.tv,up,mastodon,1,7,5745,1751618543
social.alexdobin.com,up,mastodon,1,40,13210,1669615222
thoughts.rahil.rocks,up,mastodon,1,30,6289,1711358724
space.jeroenvd.nl,up,mastodon,1,726,16807,1651784570
mastodon.christophfink.com,up,mastodon,1,454,12281,1652037759
social.photorat.org,up,mastodon,1,168,6608,1756161161
mastodon.dejacorps.com,up,mastodon,1,2,266,1742420276
limeshot.info,up,mastodon,1,67,4477,1749387884
mastodon.kypeli.com,up,mastodon,1,1422,10802,1683054681
mast.yurec.online,up,mastodon,1,99,4502,1661106542
social.0x.kiwi,up,mastodon,1,0,2667,1677196401
pouet.pt,up,mastodon,1,427,8318,1668783587
mastodon.arankwende.com,up,mastodon,1,1,7345,1713898697
mastodon.cyrilix.bzh,up,mastodon,1,0,9947,1669169761
social.admtz.fr,up,mastodon,1,477,3352,1689787310
tomarra.social,up,mastodon,1,2,3274,1675934759
punkland.masto.host,up,mastodon,1,154,9473,1692859450
posts.jondoes.com,up,mastodon,1,375,6,1662609695
mastodon.veselovski.co.uk,up,mastodon,1,1,403,1748953671
mastodon.bandrate.org,up,mastodon,1,1,4778,1740217447
m.yyilmaz.com.tr,up,mastodon,1,611,12867,1722001231
social.fringe.com,up,mastodon,1,167,7517,1670983166
social.arnep.de,up,mastodon,1,3,688,1612578348
social.agenedia.com,up,mastodon,1,7087,1812,1740217719
social.leonsdepot.de,up,mastodon,1,3,289,1744917036
mastodon.zs-studanka.cz,up,mastodon,1,465,63,1674961001
summerwind.blue,up,mastodon,1,2,4854,1674394806
mastoden.com,up,mastodon,1,5914,14472,1612578265
ma.puniloli.org,up,mastodon,1,1582,13,1740238101
reve.land,up,mastodon,1,221,12479,1612578266
scratch.00ff00.systems,up,mastodon,1,76,1382,1740513303
19130104.xyz,up,mastodon,1,2391,1388,1711904180
toot.xn--radwrts-8wa.de,up,mastodon,1,9,1379,1712082035
talk.skinnyjames.net,up,mastodon,1,8,100,1749913548
coolworld.cc,up,mastodon,1,1094,6624,1633180017
elvenstar.cafe,up,mastodon,1,965,9161,1759156012
social.teleprinter.exchange,up,mastodon,1,0,2742,1688809072
mastodon.sophieversum.net,up,mastodon,1,43,3606,1668542960
hello.jyrgi.de,up,mastodon,1,905,7609,1757418643
escobar.social,up,mastodon,1,1411,11914,1694299039
twoheaded.monster,up,mastodon,1,4,728,1649492222
wts.im,up,mastodon,1,2,584,1757779845
social.stackunderflow.com,up,mastodon,1,756,15603,1667812955
mastodon.paul42.de,up,mastodon,1,9,3035,1731606428
2046.mywire.org,up,mastodon,1,169,6161,1678657104
leper.io,up,mastodon,1,0,1,1740231507
md.peg.osaka,up,mastodon,1,70,8507,1669989743
social.krzone.de,up,mastodon,1,1,188,1766733231
pod.social,up,mastodon,1,606,6631,1612578387
status.fberriman.com,up,mastodon,1,493,10691,1675570364
mastodon.eroticmohel.com,up,mastodon,1,2606,23374,1669233924
social.keniir.wtf,up,mastodon,1,0,2439,1742597097
mosw.work,up,mastodon,1,353161,9936,1612578269
mastodon.cocoasamurai.social,up,mastodon,1,137,10986,1666679496
m.mtlynch.io,up,mastodon,1,1372,11793,1612578341
mastodon.bizarreworker.de,up,mastodon,1,175,1109,1690701931
mstdn.mv2k.com,up,mastodon,1,7927,21149,1687510398
riemann.social,up,mastodon,1,128,6048,1693440309
devdilettante.com,up,mastodon,1,50279,17435,1668439513
mastodon.mawsandclaws.xyz,up,mastodon,1,1,5,1766539701
t.kaikoga.net,up,mastodon,1,1212,3178,1690880255
social.vampyrebytes.net,up,mastodon,1,0,815,1684240156
cyberspace.rodeo,up,mastodon,1,2306,14239,1668961637
appalorchard.com,up,mastodon,1,1,469,1761235945
killat.tech,up,mastodon,1,16,9623,1761861183
fedi.lukejohns.online,up,mastodon,1,379,9793,1729463574
mastodon.ezytech.fr,up,mastodon,1,49,5308,1674228249
mastodon.phoenixtrap.com,up,mastodon,1,715,10003,1753596123
mastodon.protoarc.de,up,mastodon,1,12,2340,1753280695
mastodon.themgineer.gay,up,mastodon,1,13,1991,1721475165
feed.technodisaster.com,up,mastodon,1,98,9380,1722317426
cloudyday.club,up,mastodon,1,163,6628,1759442593
rodina-sucha.cz,up,mastodon,1,4076,16381,1612578266
masto.thepit.space,up,mastodon,1,679,9225,1670128886
blkbx.eu,up,mastodon,1,0,2454,1731974457
friendship.quest,up,mastodon,1,1189,11792,1703850788
social.effy.space,up,mastodon,1,1949,21698,1669985634
toot.juuze.de,up,mastodon,1,2,11984,1722978238
robertparker.se,up,mastodon,1,198,13133,1671040215
koehler.social,up,mastodon,1,13,8579,1668107781
noto.social,up,mastodon,1,1973,13313,1695318310
mastodon.jfmblinux.fr,up,mastodon,1,727,16182,1647300134
mastodon.jhjacobs.nl,up,mastodon,1,272,5272,1731204943
coastlife.social,up,mastodon,1,0,1036,1751058857
sym.erable.dev,up,mastodon,1,12,2400,1758179979
voyager.interstellar.flights,up,mastodon,1,5,650,1691419445
mstdn.keen.sx,up,mastodon,1,2,1551,1703087603
catskill.social,up,mastodon,1,1,1761,1672874928
social.germandartsch.com,up,mastodon,1,1,603,1762118021
revillas.es,up,mastodon,1,53,9588,1667587684
zusammenhalt.de,up,mastodon,1,56,12966,1651064899
mastodon.homelab.tokyo,up,mastodon,1,331,19803,1668206456
social.interferencias.tech,up,mastodon,1,146,7351,1668457223
fedi.ariadne.systems,up,mastodon,1,54,767,1743726539
mastodon.cethink.top,up,mastodon,1,3,0,1745336802
mono.pcsfield.com,up,mastodon,1,96,3,1704339179
social.yo3explorer.moe,up,mastodon,1,5,2759,1716300429
paskell.social,up,mastodon,1,32,4898,1674903531
social.codeofamor.net,up,mastodon,1,9611,14419,1724844768
mstdn.unicycl.ing,up,mastodon,1,30,3379,1740230494
social.xip.es,up,mastodon,1,84,2926,1741346534
mastodon.peregrinecross.com,up,mastodon,1,145,4853,1667484307
th-pape.de,up,mastodon,1,0,6178,1668775978
social.eqrion.net,up,mastodon,1,4,1166,1757449834
m.xuv.be,up,mastodon,1,1685,16736,1665351147
mtd.bashell.com,up,mastodon,1,2127,6708,1668628391
social.atwhim.com,up,mastodon,1,15,6664,1746167724
social.reuhl.eu,up,mastodon,1,0,1218,1740760620
social.gelbphoenix.de,up,mastodon,1,733,14122,1731779014
mastodon.naii.io,up,mastodon,1,2373,10978,1612578269
mastodon.macadmin.cz,up,mastodon,1,8,1090,1744482508
social.collin232.de,up,mastodon,1,0,602,1755474841
logos.plus,up,mastodon,1,0,2537,1760414519
x.884.ch,up,mastodon,1,49,434,1723192558
th3.cx,up,mastodon,1,114,4356,1765102872
social.logicalpilot.com,up,mastodon,1,91,7435,1688114546
mstdn.wtsnjp.com,up,mastodon,1,4633,1895,1612578266
m.baldhead.be,up,mastodon,1,192,8034,1668469297
mastodon.100terres.com,up,mastodon,1,105,13411,1707718605
ansible.jshwlkr.info,up,mastodon,1,276,9716,1612578269
mastodon.fixermark.com,up,mastodon,1,8289,17671,1689402242
mastodon.oconnellamethyst.com,up,mastodon,1,23,3739,1671692607
m.ironluux.com,up,mastodon,1,16,4997,1760638830
mastodon.r3pek.org,up,mastodon,1,2385,23537,1612578270
mastodon.fantasyhaven.me,up,mastodon,1,79,4161,1689404857
social.jondev.lol,up,mastodon,1,1179,7036,1688453910
social.moerks.dk,up,mastodon,1,401,8531,1710963025
mastodon.uguu.io,up,mastodon,1,9,411,1668860372
toots.sahilister.in,up,mastodon,1,965,12550,1677347563
peninsula.industries,up,mastodon,1,6318,17457,1669475026
7rg.de,up,mastodon,1,1,6111,1612578346
pouet.couchet.org,up,mastodon,1,11549,20289,1612578269
don.mosasa.dog,up,mastodon,1,556,2815,1701619730
ykzts.technology,up,mastodon,1,1651,12604,1612578269
naturtrunken.de,up,mastodon,1,184,2796,1702775696
mastodon.brycedixon.dev,up,mastodon,1,712,10370,1728626019
ninos.social,up,mastodon,1,0,187,1766289454
norfolk.social,up,mastodon,1,3493,17695,1702576744
stefankoopmanschap.nl,up,mastodon,1,747,13607,1675505592
social.bierochs.org,up,mastodon,1,23,8030,1669027214
mastodon.twc-zone.eu,up,mastodon,1,15,6863,1744213457
mastodon.gurubert.de,up,mastodon,1,11065,13285,1612578269
matthijs.social,up,mastodon,1,1,4263,1682815451
shoghi.rocks,up,mastodon,1,289,15219,1668823843
toot.execbase.net,up,mastodon,1,863,16062,1688382754
mastodon.ocfox.me,up,mastodon,1,135,2520,1707906854
social.rishav.io,up,mastodon,1,14,4821,1717774454
m.cedric-florkin.synology.me,up,mastodon,1,346,6763,1671901458
morphnet.de,up,mastodon,1,7697,16235,1700372147
mastodon.damutten.ch,up,mastodon,1,163,6787,1684514380
ceejayoz.io,up,mastodon,1,1027,14382,1667166557
social.chimaira.net,up,mastodon,1,34,3547,1685120164
mastodon.brendan.ie,up,mastodon,1,0,1908,1688682798
sgc.social,up,mastodon,1,11,7691,1668294508
avatastic.uk,up,mastodon,1,5663,19863,1650975865
my.v0id.nl,up,mastodon,1,315,5517,1740220606
pageofwords.com,up,mastodon,1,480,8018,1668176110
thatssofetch.pink,up,mastodon,1,87,9181,1692128402
toot.nels.onl,up,mastodon,1,370,11062,1746246568
social.balpha.de,up,mastodon,1,1159,18073,1667759428
toot.iamninja.ru,up,mastodon,1,112,4044,1705755342
feedbin.social,up,mastodon,1,42,1987,1675874688
mastodon.vishnurajeevan.com,up,mastodon,1,658,6671,1667438650
hallb.me,up,mastodon,1,5,2346,1674087309
szalacsi.social,up,mastodon,1,0,90,1696131867
log.heyakai.me,up,mastodon,1,10,481,1766137761
toot.radicle.xyz,up,mastodon,1,84,8985,1714746452
makito.moe,up,mastodon,1,2664,10282,1695318306
prattohome.com,up,mastodon,1,23327,9914,1679117811
mastodon.kvalhe.im,up,mastodon,1,160,13791,1668146908
mariko2406.fedicity.net,up,mastodon,1,790,1276,1679271089
acgn.ca,up,mastodon,1,0,70,1681124916
toots.maik.ch,up,mastodon,1,162,4125,1721227460
mastodon.maxweiss.io,up,mastodon,1,102,2951,1692759577
toot.fallenpegasus.com,up,mastodon,1,92,2478,1750894741
toot.jack.water.house,up,mastodon,1,96,247,1727392884
mast.sun.tc,up,mastodon,1,49,1,1740246152
mastodon.cr.yp.to,up,mastodon,1,306,6536,1668690469
mstdn.itsnero.com,up,mastodon,1,4038,13701,1612578269
asentientbot.ca,up,mastodon,1,167,10201,1668239713
caos.social,up,mastodon,1,48,5040,1730787945
sendtoot.co,up,mastodon,1,782,10372,1705503196
test.mastodon.makerforce.io,up,mastodon,1,0,9600,1744685594
social.rosariotech.com.br,up,mastodon,1,2252,4191,1740367186
dekkia.com,up,mastodon,1,1662,11375,1668258142
don.fetus.jp,up,mastodon,1,64,6976,1612578267
mastodon.4af.eu,up,mastodon,1,0,5049,1668388222
social.klarned.is,up,mastodon,1,192,2173,1733236123
pachy.youshallnotpass.com,up,mastodon,1,722,105236,1669187800
social.kindofnerdy.online,up,mastodon,1,0,1298,1757432101
social.libre.ec,up,mastodon,1,1,464,1766798613
social.jacobian.org,up,mastodon,1,3568,21198,1666995058
ppb.social,up,mastodon,1,3118,19538,1708065751
mastodon.esquiretheduke.nohost.me,up,mastodon,1,62,5207,1740218144
narf.social,up,mastodon,1,1,179,1668267168
social.dssc.io,up,mastodon,1,16,16091,1669510117
mastodon.bwfinch.com,up,mastodon,1,20,3475,1724253391
mstdn.draggar.cat,up,mastodon,1,610,5500,1758981187
echo.maschsee.social,up,mastodon,1,0,3058,1757161420
lukyan.eu,up,mastodon,1,6007,14338,1672446393
mastodon.draeh.org,up,mastodon,1,470,6536,1703269686
mastodon.roelz.me,up,mastodon,1,37,4,1697154418
mt.tobin.in,up,mastodon,1,36,1742,1764193412
mastodon.konstantintutsch.com,up,mastodon,1,34,1586,1763061679
mastodon.endtech.fr,up,mastodon,1,27,867,1703717134
mastodon.karlsson.xyz,up,mastodon,1,8,9294,1741811801
grafton.me,up,mastodon,1,12,13472,1668511113
social.danux.uk,up,mastodon,1,0,2,1668440078
setouchi.social,up,mastodon,1,9402,18054,1708665649
toot.selfy.social,up,mastodon,1,0,4991,1703543068
mastodon.zuzakistan.com,up,mastodon,1,1124,12356,1668041228
m.rvf6.com,up,mastodon,1,10,1600,1681184250
mastodon.hopman.nl,up,mastodon,1,7,7955,1667844342
moetz.social,up,mastodon,1,0,2140,1668785875
ourempty.pub,up,mastodon,1,4688,22366,1612578266
mstdn.cbult.space,up,mastodon,1,262,775,1695318327
social.touhey.org,up,mastodon,1,1810,12924,1649492503
suarez.social,up,mastodon,1,444,13160,1737429595
podlibre.social,up,mastodon,1,1382,20638,1612578269
mstd.bobobo80.com,up,mastodon,1,9,4,1686622175
basdriver.nl,up,mastodon,1,767,6896,1742064647
toot.fuuuuuuuuu.uk,up,mastodon,1,213,4707,1763464834
mouthf.art,up,mastodon,1,239,7415,1730335369
mastodon.jubison.fr,up,mastodon,1,0,3680,1674429030
m.rakyll.org,up,mastodon,1,254,15500,1667609420
mastodon.maswag.net,up,mastodon,1,657,2498,1704088156
quite.social,up,mastodon,1,64,13548,1652700674
mastodon.nightmared.fr,up,mastodon,1,757,5922,1693161783
r3dp1ll.sh,up,mastodon,1,6,3619,1672460733
social.beutner.name,up,mastodon,1,16,179862,1667821579
telemediendienste.de,up,mastodon,1,45,3081,1725850664
ezra.social,up,mastodon,1,534,16314,1671657218
senate.social,up,mastodon,1,1,7760,1670876769
mastoid.dev,up,mastodon,1,493,9058,1647631602
pfeifling.de,up,mastodon,1,4161,9647,1668089685
esolis.social,up,mastodon,1,0,2937,1621693619
we.weirdos.social,up,mastodon,1,922,4612,1671241753
gachi.masto.host,up,mastodon,1,8,14030,1710081946
social.adamwolf.org,up,mastodon,1,60,10740,1668808199
larsen.social,up,mastodon,1,51,3044,1670921251
mastodon.masip.cat,up,mastodon,1,110,17364,1612578268
m.olio.lol,up,mastodon,1,324,13959,1670293833
mastodon.yohan.es,up,mastodon,1,37,12001,1668013244
surfin.dog,up,mastodon,1,109837,24465,1612578268
patchouli.today,up,mastodon,1,24790,5809,1612578266
blabber.rocks,up,mastodon,1,720,17216,1612578271
mastodon.konc.wtf,up,mastodon,1,1,15128,1612578270
mastodon.fjerland.no,up,mastodon,1,272,13989,1645511203
social.dachs-it.de,up,mastodon,1,47,798,1709032282
m6n.ca,up,mastodon,1,14,4492,1676350494
social.bnrub.in,up,mastodon,1,149,7766,1668424958
social.rhamzeh.com,up,mastodon,1,202,13159,1656877935
mastodon.cemunz.de,up,mastodon,1,10,2376,1766960819
bustyvelbolet.no,up,mastodon,1,547,3751,1758405122
social.gallauner.fun,up,mastodon,1,418,1946,1709145410
mastodon.delirus.biz,up,mastodon,1,0,1045,1745466687
social.opentalk.eu,up,mastodon,1,417,4509,1689244371
mastodon.shadiekay.dev,up,mastodon,1,0,1,1761840508
mastodon.jordanwages.com,up,mastodon,1,11569,21871,1651064939
s.userexe.me,up,mastodon,1,58,4536,1740221284
fedi.xn--1h8hz4a.ws,up,mastodon,1,40,1273,1765393294
velodrama.cc,up,mastodon,1,846,13512,1676675245
maddux.blog,up,mastodon,1,530,8443,1672303576
jorijn.social,up,mastodon,1,0,1142,1715862232
xn--lw8h.xn--9s9h.it.com,up,mastodon,1,167,6818,1715046907
tech.social.pekkasipila.com,up,mastodon,1,12,8882,1678498757
fedi.steph.tools,up,mastodon,1,106,12183,1703440651
network.conquerworld.fr,up,mastodon,1,243,4002,1726593313
binarystar.social,up,mastodon,1,0,945,1676266545
social.martiabernathey.com,up,mastodon,1,173,15348,1669863475
m.tim.do,up,mastodon,1,2,3863,1672624471
nonbiridon.hostdon.ne.jp,up,mastodon,1,28648,8361,1628501539
thetake.zone,up,mastodon,1,46,7494,1668790509
mastodon.horvath.com,up,mastodon,1,23,2137,1671592018
fiberart.club,up,mastodon,1,452,12648,1696002952
ishella.gay,up,mastodon,1,222,8796,1747043398
social.rebtoor.xyz,up,mastodon,1,52,5738,1765755080
social.nil.nu,up,mastodon,1,2179,8954,1671374564
m.muito.top,up,mastodon,1,20,1095,1740217719
darkpenguin.social,up,mastodon,1,303,8617,1672851294
m.ouo.moe,up,mastodon,1,11,486,1731919347
pennytucker.social,up,mastodon,1,1042,12172,1675726082
hikoukidon.jp,up,mastodon,1,119480,11629,1612578266
gadget.inpocket.net,up,mastodon,1,3,45,1612578269
mastodon.jakewharton.com,up,mastodon,1,1445,11792,1667419037
mastodon.ttg6.net,up,mastodon,1,102,513,1695318670
finotto.social,up,mastodon,1,51,8212,1612578270
pouet.aliel.fr,up,mastodon,1,641,6257,1667522179
social-qa.of-a.cat,up,mastodon,1,6,28,1722578442
witchgirl.cafe,up,mastodon,1,570,7636,1723735033
fedi.raventhemaker.com,up,mastodon,1,4456,16765,1695918675
mastodon.hansup.be,up,mastodon,1,641,11397,1669882983
social.desescritorio.art.br,up,mastodon,1,71,2537,1765683765
social.plux.wtf,up,mastodon,1,2536,22191,1667755643
social.jmrt.be,up,mastodon,1,3,3140,1752635486
humphry.uk,up,mastodon,1,4,6500,1671681301
social.gord.io,up,mastodon,1,1,1842,1726972157
masto.tymch.uk,up,mastodon,1,126,2488,1680168796
mastodon.doorstodurin.com,up,mastodon,1,18,2618,1765933713
fedi.tomkolbe.com,up,mastodon,1,79,5218,1760604831
oxytodon.com,up,mastodon,1,9833,15782,1671644148
mocomocopenguin.com,up,mastodon,1,2,1,1751647078
linuxmom.net,up,mastodon,1,2254,20047,1717984171
mast.futurenursing.at,up,mastodon,1,1,783,1765267566
toot.dvratil.cz,up,mastodon,1,5,54,1740231507
frinx.online,up,mastodon,1,7,6545,1670245919
mastodon.worbi.de,up,mastodon,1,2,100,1767156923
brisingr.uk,up,mastodon,1,38,2989,1671422565
blunts.social,up,mastodon,1,90,227,1748024575
iamanerd.club,up,mastodon,1,4,3562,1668792375
wohnzimmer.social,up,mastodon,1,370,9112,1671610030
brandontemplar.social,up,mastodon,1,18,5685,1690252720
init3.us,up,mastodon,1,136,1749,1713198323
social.sbbsystems.com,up,mastodon,1,23,9452,1694568811
social.opencloud.eu,up,mastodon,1,278,2983,1740217232
toot.9wd.eu,up,mastodon,1,263,2634,1666969418
hades.town,up,mastodon,1,630,11347,1696707034
mastodon.versme.net,up,mastodon,1,175,2415,1701650535
isin.space,up,mastodon,1,6,1202,1742687811
enitg.no,up,mastodon,1,0,321,1669529961
xn--4t8h.dwk.io,up,mastodon,1,350,5786,1716947734
mastodon.panxl.net,up,mastodon,1,0,1213,1675268537
sloth.es,up,mastodon,1,259,11141,1740217390
mastodon.petripulkkinen.social,up,mastodon,1,42,18224,1683893572
mstdn.xophoros.com,up,mastodon,1,48,13051,1669594110
arbor.twilight.garden,up,mastodon,1,4,2213,1749437117
adxm.social,up,mastodon,1,3,4618,1674745482
shpil.social,up,mastodon,1,29,3109,1684806370
social.marcorennmaus.de,up,mastodon,1,171,2346,1667421760
social.blake-hofer.net,up,mastodon,1,26,1696,1759432617
don.n00q.net,up,mastodon,1,642,13555,1708369390
dev-social.silverbeak.com,up,mastodon,1,13,28,1761660629
social.kwanters.club,up,mastodon,1,49,5741,1715492546
social.jacobi-bs.de,up,mastodon,1,0,2279,1701648596
social.thelockwoods.me.uk,up,mastodon,1,1,1194,1758405035
mastodon.le-palantir.com,up,mastodon,1,67,3758,1612578783
krapp.masto.host,up,mastodon,1,131,13459,1709312672
breezy.blue,up,mastodon,1,62,5,1743734692
mastodon.klaaspier.nl,up,mastodon,1,38,3095,1680053907
social.systemb.ch,up,mastodon,1,0,1806,1755450695
sloan.host,up,mastodon,1,654,9421,1712182298
blaahaj.com,up,mastodon,1,6119,4927,1685732826
social.exclaimindustries.net,up,mastodon,1,517,6637,1612578266
386898.xyz,up,mastodon,1,89,638,1678218705
come-together.nl,up,mastodon,1,0,1269,1689263802
m.zzzxxx.xyz,up,mastodon,1,18,4002,1690512409
mastodon.cgx.me,up,mastodon,1,7501,11029,1612578270
mastodon.libutzki.de,up,mastodon,1,258,7276,1667375960
jam.gay,up,mastodon,1,19,3703,1693360694
mstdn.breadcat.run,up,mastodon,1,600,7178,1753395269
aucubin.social,up,mastodon,1,0,11285,1700571821
social.opendium.com,up,mastodon,1,18,17384,1671625528
reidodon.net,up,mastodon,1,1314,15539,1671608977
mastodon.congasec.com,up,mastodon,1,0,42,1759906343
mastodon.chriswiegman.com,up,mastodon,1,1085,29681,1612578269
mastodon.joshdata.me,up,mastodon,1,1698,14500,1649492503
80chars.io,up,mastodon,1,1,404,1672746523
social.raitisoja.cloud,up,mastodon,1,1,2236,1752685109
iostream.kr,up,mastodon,1,6,221,1764219405
social.wake.st,up,mastodon,1,42409,42287,1612578265
social.m-martinet.com,up,mastodon,1,1,425,1765172710
fedi.nulldivision.org,up,mastodon,1,57,3587,1765102786
roar.draboros.net,up,mastodon,1,15,393,1612579378
mastodon.yakovlev.me,up,mastodon,1,11,81,1697676615
shaler.social,up,mastodon,1,450,6612,1667467399
mastodon.darklithium.de,up,mastodon,1,3,624,1767206113
moytura.org,up,mastodon,1,1798,27855,1612578266
mastodon.claesjonsson.net,up,mastodon,1,4,3810,1671764614
mastodon.dentrassi.de,up,mastodon,1,699,9684,1612580544
toots.wtf,up,mastodon,1,2,1863,1761059605
social.heckbrewing.com,up,mastodon,1,17,1281,1716502676
slop.cloud,up,mastodon,1,0,117,1759884196
yem.bouncingaroundtheroom.online,up,mastodon,1,28,2137,1766047747
mastodon.jason.africa,up,mastodon,1,2,2997,1750981647
digineko.net,up,mastodon,1,5389,6208,1612578267
retrophisch.social,up,mastodon,1,727,7302,1674873836
social.xiaoten.com,up,mastodon,1,37,97,1765510332
dbcohen.rocks,up,mastodon,1,2,11332,1674134692
blog.troch.org,up,mastodon,1,39,8,1647662720
rmaestas.social,up,mastodon,1,117,7127,1712059826
mastodon.notatoaster.ovh,up,mastodon,1,0,925,1744102180
social.tryphon.org,up,mastodon,1,72,6206,1748364096
mastodon.heavyrubberslave.com,up,mastodon,1,121,1442,1669161022
happyhardcore.social,up,mastodon,1,3,343,1766827510
so.neplus.net,up,mastodon,1,106,2118,1757227740
mastodon.olisti.co,up,mastodon,1,2,784,1667609420
circus.monster,up,mastodon,1,9,512,1675797723
mas.app.srv5.at,up,mastodon,1,16,3077,1757291199
mastodon.raddemo.host,up,mastodon,1,1958,3960,1673336228
mastodon.cabaal.net,up,mastodon,1,152,4787,1651129556
toot.pngn.cc,up,mastodon,1,13,5293,1756563740
social.akrabat.com,up,mastodon,1,904,18272,1675969644
social.modscleo4.dev.br,up,mastodon,1,5,5071,1668067247
social.tmarks.house,up,mastodon,1,62,4265,1740218144
mastodon.saadatmand.pk,up,mastodon,1,74,3192,1671669138
marshall.house,up,mastodon,1,7,3581,1674038111
gm-cloud.org.uk,up,mastodon,1,6299,17610,1682906336
gorgon.city,up,mastodon,1,12204,22577,1612578267
masto.fediverse.be,up,mastodon,1,122,10419,1670365100
m.jeppesen.io,up,mastodon,1,9,5936,1667444816
room1969.net,up,mastodon,1,1257,2069,1676176238
mastodon.tekvsakdan.si,up,mastodon,1,437,9120,1740217390
toots.sukhala.in,up,mastodon,1,32,1382,1742293005
tenochtitlan.city,up,mastodon,1,3746,318,1685363477
social.ugjka.net,up,mastodon,1,253,3368,1758217035
mastodon.janipaivarinta.com,up,mastodon,1,5,3380,1754064367
m.understars.dev,up,mastodon,1,15,2,1705644219
mstdn.squared99.com,up,mastodon,1,99,9334,1742687856
social.wagnersnetz.de,up,mastodon,1,20,6062,1667939768
mastodon.mikoh.cloud,up,mastodon,1,0,1623,1753915266
ei.heloise.im,up,mastodon,1,240,9725,1725751675
mastodon.davepeck.org,up,mastodon,1,930,12763,1674698143
mastodon.oliverfalvai.xyz,up,mastodon,1,70,10041,1667804271
mastodon.baker.uk,up,mastodon,1,0,8440,1669912306
fandon.reima.space,up,mastodon,1,432,3069,1761960377
social.nitrokey.com,up,mastodon,1,1011,10143,1612578267
mstdn.radenkaidan.jp,up,mastodon,1,1190,8282,1723092618
fedi.local.hasel.cloud,up,mastodon,1,36,4947,1750794717
mastodon.ibax.org,up,mastodon,1,14,6467,1651004483
mastodon.kansaigaijin.com,up,mastodon,1,2,731,1767173423
hawco.ca,up,mastodon,1,4,3926,1689091827
masto.migou.synology.me,up,mastodon,1,0,5461,1678014158
vorlon.space,up,mastodon,1,71,6961,1612578268
social.pikafan.de,up,mastodon,1,0,6120,1667810744
fedi.linus.dev,up,mastodon,1,4875,5489,1686666290
wilstoncak.es,up,mastodon,1,1,677,1690300291
thechairman.info,up,mastodon,1,1311,13243,1613515119
fed.moxco.fun,up,mastodon,1,541,503,1698903483
mastodon.spv.sh,up,mastodon,1,4426,20469,1667676468
metuba.hostdon.jp,up,mastodon,1,312,595,1612578345
octopus.shoes,up,mastodon,1,115,6787,1740218513
arcticwind.social,up,mastodon,1,0,10115,1674439014
m.zyxl.xyz,up,mastodon,1,12,3383,1668132475
social.anuragbhatia.com,up,mastodon,1,46,2840,1721616614
fediverse.gendercensus.com,up,mastodon,1,235,7685,1755443982
m.isaac.diamonds,up,mastodon,1,1,1460,1724705873
alvarado.social,up,mastodon,1,6414,16104,1704155066
follow.coryd.dev,up,mastodon,1,5665,12527,1727825031
mastodon.haf.ovh,up,mastodon,1,15,6054,1740217213
masto.art4.se,up,mastodon,1,17,3184,1761993925
mastodon.cyber-tribal.com,up,mastodon,1,1473,13258,1612578267
sac.moe,up,mastodon,1,15,234,1612578271
isidai.com,up,mastodon,1,2277,7373,1612578266
oldos.me,up,mastodon,1,347,9569,1692802121
masto.byrd.ws,up,mastodon,1,4684,12194,1723248898
friscode.dev,up,mastodon,1,159,7716,1717622389
gaybdsm.top,up,mastodon,1,0,2,1749849260
mastodon.randompherret.com,up,mastodon,1,133,7151,1668212335
social.veltens.org,up,mastodon,1,3031,20534,1667467992
social.jackhumphrey.me,up,mastodon,1,149,8464,1668555659
mtfos.wtf,up,mastodon,1,27,2155,1745546789
snowdon.social,up,mastodon,1,12,4256,1673820966
social.holovaty.com,up,mastodon,1,317,13618,1667592161
mastodon.cogindo.net,up,mastodon,1,63,134562,1667111172
social.martinilli.com,up,mastodon,1,0,3203,1742556327
social.juliusgamanyi.com,up,mastodon,1,1214,8886,1667848557
d.mrzm.io,up,mastodon,1,110,2413,1668749220
sea.wavelight.ws,up,mastodon,1,33,3475,1754363375
mastodon.octobot.space,up,mastodon,1,19,3997,1668201790
commodore.social,up,mastodon,1,1848,20508,1687091867
s.schof.org,up,mastodon,1,405,12405,1673436145
mastodon.lw1.at,up,mastodon,1,228,8248,1612578271
social.rmrs.nl,up,mastodon,1,12,1006,1612579016
micro.deadringing.blog,up,mastodon,1,2561,7238,1688271569
mastodon.nealgroothuis.name,up,mastodon,1,0,2085,1669615222
tootzone77.de,up,mastodon,1,114,3022,1745588070
mastodon.kenpo.social,up,mastodon,1,4,2093,1677867011
mstdn.dgm.pw,up,mastodon,1,3866,13039,1612578266
social.mkr-tech.ch,up,mastodon,1,83,3628,1667267555
mastodon.gassner.io,up,mastodon,1,6144,16424,1667949488
masto.chelmi.info,up,mastodon,1,6,3966,1679442639
mastodon.morgiano.it,up,mastodon,1,44,6387,1627812340
lol.lobos.lol,up,mastodon,1,57,1,1765973132
mastodon.distos.org,up,mastodon,1,17,12380,1669639334
patrick.social,up,mastodon,1,4,8416,1668513491
toot.tom-eric.info,up,mastodon,1,0,4071,1667646838
jonleibowitz.social,up,mastodon,1,680,16794,1612578270
social.kreativartelier.art,up,mastodon,1,16,733,1729511090
lvb.io,up,mastodon,1,502,11428,1668907088
toot.d.sb,up,mastodon,1,218,11800,1667640894
dacharycarey.social,up,mastodon,1,3751,15326,1687184777
masto.quby.space,up,mastodon,1,14,325,1765102684
mastodon.hawaga.org.uk,up,mastodon,1,4735,102020,1667770133
buckner.cloud,up,mastodon,1,67,6303,1744571184
xn--samsprka-f0a.se,up,mastodon,1,12,3079,1734537468
m.raev.name,up,mastodon,1,8,597,1712674173
hails.org,up,mastodon,1,2603,17071,1668348425
mastodon.lare.cc,up,mastodon,1,143,8345,1675616823
facts.computer,up,mastodon,1,137,11998,1731602783
social.zischundweg.cloud,up,mastodon,1,7413,7814,1670120734
social.coolsma.com,up,mastodon,1,164,9702,1684591982
m.sirrahd.com,up,mastodon,1,2,1236,1766076262
mas.sirtf.com,up,mastodon,1,21,1764,1669166052
mastodon.magnatranquillo.it,up,mastodon,1,15,2792,1671557157
fedi.orsk.fr,up,mastodon,1,5,35,1750596702
kemoner-don.tokyo,up,mastodon,1,101,1179,1612578265
loxodon.balafon.net,up,mastodon,1,2,2381,1693532990
ezdog.org,up,mastodon,1,4242,1834,1670094146
art.masto.host,up,mastodon,1,203,10403,1720901224
mastodon.mesolvarde.eu,up,mastodon,1,0,215,1710104790
toot.zof.sh,up,mastodon,1,1157,12567,1668862080
hippyjim.uk,up,mastodon,1,54,5723,1668511113
mandelbrotsetapp.com,up,mastodon,1,1,2547,1668129047
social.routing.rocks,up,mastodon,1,107,5794,1669831597
olia.geocities.institute,up,mastodon,1,394,6073,1670078318
fedi.smoq.xyz,up,mastodon,1,38,4176,1759957902
viidalepp.me,up,mastodon,1,77,10604,1668320637
guillemette.social,up,mastodon,1,102,9978,1683253192
mastodon.nelson.fun,up,mastodon,1,454,9043,1672130645
social.diyab.net,up,mastodon,1,69,4188,1740229421
mstdn.camora.dev,up,mastodon,1,140,8602,1707296600
mastodon.durrans.com,up,mastodon,1,4166,10273,1729481217
mastodon.joebuhlig.com,up,mastodon,1,6002,4780,1661980408
social.saber.cat,up,mastodon,1,0,5,1755766146
rewrite.in.rs,up,mastodon,1,48,6201,1667289483
mast.evy.moe,up,mastodon,1,0,151,1757209366
sideofburritos.social,up,mastodon,1,267,8893,1669836261
mastodon.xingxing.digital,up,mastodon,1,0,190,1671880905
notpickard.com,up,mastodon,1,2429,19568,1636181812
charr.engineer,up,mastodon,1,899,15005,1671647994
mstdn.rcode.fi,up,mastodon,1,271,10982,1672921679
toots.drew.shoes,up,mastodon,1,224,9163,1719864057
mastodon.radiac.net,up,mastodon,1,129,3752,1726763546
mastodon.ngen15.tv,up,mastodon,1,0,3399,1673577884
ms.rika.eu.org,up,mastodon,1,0,211,1744836231
yip.vulpine.engineer,up,mastodon,1,6580,11526,1684566516
sns.feistel.party,up,mastodon,1,652,12936,1692088088
social.thimic.no,up,mastodon,1,135,5919,1669389531
plsnobully.me,up,mastodon,1,1,13,1689233164
microblog.at,up,mastodon,1,11001,20377,1651255675
puppybear.social,up,mastodon,1,1231,3345,1681027912
mastodon.thesilentlink.org,up,mastodon,1,4,4934,1696989673
thisisnotaserver.com,up,mastodon,1,22,3698,1675337949
mickjaguar.com,up,mastodon,1,71,5713,1765122680
york.social,up,mastodon,1,16,4796,1674745482
mastodon.buck5060.tw,up,mastodon,1,56,10401,1727654107
social.ynnx.eu,up,mastodon,1,112,4665,1612578268
lebe.gg,up,mastodon,1,6,8167,1651004483
mastodon.gabrieldebonis.com,up,mastodon,1,6,906,1729778177
mastodon.circlewithadot.net,up,mastodon,1,394,10407,1756272644
tootmavie.net,up,mastodon,1,19,6066,1740217288
a.gawlinski.com,up,mastodon,1,296,6624,1626603088
mastodon.hucnet.ch,up,mastodon,1,11,7331,1688137841
mastodon.dazed-gerbil.com,up,mastodon,1,1209,9803,1698180444
toot.funnylookinhat.com,up,mastodon,1,507,10101,1689240815
social.ghoul.systems,up,mastodon,1,13,150,1750432527
mastodon.berni.kr,up,mastodon,1,44,5641,1750599551
octotag.net,up,mastodon,1,2,,1731591710
actuallyacat.com,up,mastodon,1,391,17176,1669535006
social.evolved.systems,up,mastodon,1,579,8158,1669127184
sunspot.garden,up,mastodon,1,528,11206,1697280980
witches.rest,up,mastodon,1,643,14972,1673887210
social.tmp1024.com,up,mastodon,1,512,8744,1716064067
m.progi.vet,up,mastodon,1,0,1148,1699732373
pm.ernix.jp,up,mastodon,1,119,14631,1612578268
social.fussenegger.pro,up,mastodon,1,858,6051,1668145158
artatomic.social,up,mastodon,1,3439,12906,1673733368
mastodon.gcreate.jp,up,mastodon,1,22,96,1675463220
mastodon.xn--cfa.xyz,up,mastodon,1,145,8314,1755797610
share.elouworld.org,up,mastodon,1,3345,25156,1612578267
pepple.us,up,mastodon,1,1690,13685,1672680015
toot.chifilly.co.uk,up,mastodon,1,12,10020,1688862161
social.andyb.au,up,mastodon,1,3,4509,1761441120
takeo.social,up,mastodon,1,1002,10949,1668414108
social.diehildebrands.de,up,mastodon,1,5,1348,1675248255
masto.comversive.com,up,mastodon,1,49,11860,1674696828
is.a.qute.dog,up,mastodon,1,4880,5808,1612578267
mastodon.codyevanscomputer.com,up,mastodon,1,82,12325,1683623653
social.sasake.org,up,mastodon,1,0,69,1763975197
mastodon.naibex86.ynh.fr,up,mastodon,1,0,2977,1740219479
tedcarstensen.social,up,mastodon,1,91,14973,1688412536
mastodon.rinzewind.org,up,mastodon,1,139,9629,1737729416
mastodon.km6g.us,up,mastodon,1,10755,21533,1654708990
gsoc.theelous3.net,up,mastodon,1,35,1036,1765647152
brunty.social,up,mastodon,1,5440,21574,1668979271
wolfgirl.space,up,mastodon,1,2571,9351,1731105899
skj.social,up,mastodon,1,7481,22124,1667678981
social.bternes.com,up,mastodon,1,1,1149,1668075879
social.tim.pe,up,mastodon,1,9191,2767,1763841852
social.joyrex.net,up,mastodon,1,620,4368,1755443982
mastodon.lesbian.dev,up,mastodon,1,9,261,1761004709
endurance.racing,up,mastodon,1,84,5818,1697338001
sorbit.no,up,mastodon,1,138,12462,1668978635
social.rousselie.name,up,mastodon,1,169,3200,1612806853
mastodon.zwanenburg.info,up,mastodon,1,1,1036,1695934501
a2.social,up,mastodon,1,229,7654,1741582763
mstdn.smbd.jp,up,mastodon,1,59,3,1688753222
overland.social,up,mastodon,1,467,4128,1670345216
ricci.social,up,mastodon,1,0,399,1670714803
mastodon.stevesworld.co,up,mastodon,1,118700,19748,1696592376
giveupalready.com,up,mastodon,1,63,7487,1670350161
t00t.azimoth.de,up,mastodon,1,1,896,1765336597
fedi.kbg.sh,up,mastodon,1,275,4134,1760985849
mastodon.chriswright.photography,up,mastodon,1,249,10938,1678034310
social.taborsky.cz,up,mastodon,1,134,4483,1612578269
myke.social,up,mastodon,1,2809,14909,1675792005
mastodon.slayers.com.br,up,mastodon,1,4,1767,1688792328
mastodon.banzan.uk,up,mastodon,1,10,9841,1667950979
hideout.reima.space,up,mastodon,1,1030,1277,1762285382
mastodon.ounce.zone,up,mastodon,1,481,10164,1614099543
webcrap.social,up,mastodon,1,975,2285,1746886855
mastodon.zunda.ninja,up,mastodon,1,157148,22875,1612578269
me.konklone.com,up,mastodon,1,129,9614,1671419564
social.photationsfilms.com,up,mastodon,1,48,2562,1645165603
feltmarker.uk,up,mastodon,1,348,15358,1729509581
abshoff.social,up,mastodon,1,880,12460,1667693091
mastodon.decoding.io,up,mastodon,1,426,2684,1612584222
tooter.srijan.site,up,mastodon,1,5,2396,1681668818
karlsoderstrom.social,up,mastodon,1,36,104793,1670942829
duks-macbook-pro.tail16c5.ts.net,up,mastodon,1,93,5,1766242747
cur.st,up,mastodon,1,22,267,1758142758
mastodon.dustinwilson.com,up,mastodon,1,2106,10692,1612578270
social.town-square.de,up,mastodon,1,0,0,1697911602
mastodon.orianstoffel.fr,up,mastodon,1,0,785,1756440683
georgibonchev.com,up,mastodon,1,173,1724,1757517862
social.ayco.io,up,mastodon,1,1693,18438,1671577896
ma.fduck.net,up,mastodon,1,205,9935,1763955136
mstdn.t-rg.ws,up,mastodon,1,131,360,1612578345
social.gflorent.space,up,mastodon,1,27,6512,1740217719
social.spiezmaestro.ch,up,mastodon,1,1796,19233,1675541542
mastodon.ch3n2k.com,up,mastodon,1,4,2765,1619419895
glitch.dumbly.net,up,mastodon,1,467,9067,1669000509
mastodon.social.obscuravpn.io,up,mastodon,1,33,424,1696068891
social.rootnode.xyz,up,mastodon,1,11,2707,1696418336
fakenham.cc,up,mastodon,1,24,13167,1702600299
mastodon.simonhardwick.com,up,mastodon,1,706,5236,1668795779
thingy.social,up,mastodon,1,15822,23919,1676758815
mastodon.charemza.name,up,mastodon,1,12,864,1711373230
purplespider.social,up,mastodon,1,81,8486,1675258700
social.touha.me,up,mastodon,1,8143,20397,1612578270
social.fqserv.eu,up,mastodon,1,6,2386,1696333023
social.championpictures.at,up,mastodon,1,0,3822,1676127423
abc.mika.xyz,up,mastodon,1,54,2940,1680787677
mastodon.geofox.org,up,mastodon,1,34,10265,1612578267
bovi.social,up,mastodon,1,840,4039,1704485090
mas.todon.rocks,up,mastodon,1,146,9131,1702250283
harekiet.com,up,mastodon,1,149,5598,1670059716
mastodon.awesomesheep48.ca,up,mastodon,1,30,3545,1765440171
fed.chris-shaw.dev,up,mastodon,1,172,9724,1670293833
daugherty.nl,up,mastodon,1,42,3377,1761738236
mastodon.459695.xyz,up,mastodon,1,1,141,1767160590
social.ginny.today,up,mastodon,1,174,10970,1733123878
tanuki.social,up,mastodon,1,710,4789,1685917991
hda.zone,up,mastodon,1,1103,9463,1667345241
m.petrus.sk,up,mastodon,1,9,4915,1669258839
federate.me.uk,up,mastodon,1,644,11342,1667944274
social.mckendrick.io,up,mastodon,1,215,7387,1667655277
social.semiotic.systems,up,mastodon,1,2596,10834,1674958127
kleinebackstube.org,up,mastodon,1,10,9193,1679997127
mastodon.gregnilsen.com,up,mastodon,1,277,9962,1691281426
swain.social,up,mastodon,1,2,4492,1674892418
toot.somnium.fi,up,mastodon,1,3,6274,1695318669
social.auc.edu.au,up,mastodon,1,24,1773,1674980853
mastodon.the-machine.eu,up,mastodon,1,0,638,1763656995
kuzko.eu,up,mastodon,1,250,5530,1693440551
mstdn.naomini.tel,up,mastodon,1,0,3392,1675907953
social.macbeth.cc,up,mastodon,1,218,9007,1612578271
mastodon.stanislas.cloud,up,mastodon,1,1,462,1740243009
mastodon.tarmil.fr,up,mastodon,1,442,10100,1667564061
social.lasagna.pizza,up,mastodon,1,206,4146,1715995744
mastodon.cuinns.com,up,mastodon,1,1,5,1748515727
jong.talitamoss.info,up,mastodon,1,3,1,1748553396
dat-a.com,up,mastodon,1,576,7315,1641611098
masto.fogbox.uk,up,mastodon,1,11,4859,1719802638
mastodon.trancart.eu,up,mastodon,1,107,3472,1612578784
mast.querie.net,up,mastodon,1,1401,207,1668773318
mastodon.timmydoomsday.com,up,mastodon,1,5,2571,1722210862
social.dl4ax.radio,up,mastodon,1,1,4650,1715593859
mastodon.markridgwell.com,up,mastodon,1,11,1944,1761965235
mstdn.cygnan.com,up,mastodon,1,429,6970,1612578267
social.joshthomas.dev,up,mastodon,1,1515,11768,1667518701
m.vrutkovs.eu,up,mastodon,1,480,8338,1742216909
crimsoncat.moe,up,mastodon,1,1,2313,1740221461
mastodon.haley.io,up,mastodon,1,320,8703,1700846697
pub.dm1sh.ru,up,mastodon,1,44,530,1743977168
ok.programmer.town,up,mastodon,1,91,5782,1672024860
hagale.net,up,mastodon,1,0,6101,1670896848
flagada.org,up,mastodon,1,1,2961,1612578269
social.zedpro.me,up,mastodon,1,-33,1103,1625594391
hyperspace.party,up,mastodon,1,337,1637,1725684871
mastodon.andreybondarenko.com,up,mastodon,1,465,8440,1703177995
hackers.org,up,mastodon,1,22,2935,1680312374
mastodon.hli.fi,up,mastodon,1,321,12609,1704072610
mastodon.thi.ng,up,mastodon,1,1961,17846,1668282376
fedi.salit.re,up,mastodon,1,10,4269,1765102701
bensie.social,up,mastodon,1,60,7293,1674273145
social.legrand.im,up,mastodon,1,858,14000,1667682955
congressof.rave.nz,up,mastodon,1,5,2141,1612578345
masto.svavar.com,up,mastodon,1,2844,8811,1731436879
smitenet.com,up,mastodon,1,272,10397,1677730661
mastodon.wright-home-research.co.uk,up,mastodon,1,17,2308,1742855105
pankilrichards.ca,up,mastodon,1,228,3077,1764571497
androidmanife.st,up,mastodon,1,2,365,1675145165
pub.compti.me,up,mastodon,1,13,6292,1740217705
visualnovels.club,up,mastodon,1,0,374,1765836336
ori.social,up,mastodon,1,61,5422,1707931268
mastodon.noahduffy.me,up,mastodon,1,39,4608,1722048039
redpixels.social,up,mastodon,1,82,5999,1765102701
posts.legrand.design,up,mastodon,1,34,4806,1688812156
social.regieren.eu,up,mastodon,1,0,968,1759542264
md.moncur.me.uk,up,mastodon,1,3,2901,1741732278
toot.brz9.dev,up,mastodon,1,3,1286,1669573262
mastodon.ti-fr.com,up,mastodon,1,9,2554,1650919144
social.xiven.com,up,mastodon,1,22,873,1696953392
mastodon.tolvunet.is,up,mastodon,1,0,1616,1723512363
toots.tylerdavis.xyz,up,mastodon,1,1234,9371,1688577541
project-nex.net,up,mastodon,1,22,3626,1674161223
dopita.social,up,mastodon,1,27,918,1733085516
tsrats.net,up,mastodon,1,111,13242,1669492965
russellmathew.com,up,mastodon,1,24,5359,1719800424
masto.asulia.fr,up,mastodon,1,146,6202,1722357336
toots.kestrelsnest.social,up,mastodon,1,921,11042,1669104378
social.dhelonious.de,up,mastodon,1,3349,13222,1699670755
mrdiamondj.social,up,mastodon,1,1039,10490,1690334929
social.kermin.de,up,mastodon,1,132,5952,1756232484
4458644.xyz,up,mastodon,1,95,10,1695319004
hosterra.social,up,mastodon,1,143,5963,1673023713
social.tobiasm.dev,up,mastodon,1,40,6427,1706285634
social.eichler-bg.de,up,mastodon,1,2,2549,1708098467
mastodon.iklem.fr,up,mastodon,1,3,4538,1665318588
social.futurnumerique.com,up,mastodon,1,52,7461,1632910472
ma.rokoucha.net,up,mastodon,1,70,3933,1689624520
toot.defelo.de,up,mastodon,1,14,3203,1766861109
mstdn.xeljohza.pw,up,mastodon,1,324,1244,1742177701
soc42.com,up,mastodon,1,1138,15350,1690796210
mattstodon.panar.ooo,up,mastodon,1,1569,11459,1722851628
toot.eleith.com,up,mastodon,1,13,2539,1651337706
mastodon.lcavallaro.com,up,mastodon,1,208,460,1619447286
mastodon.imichka.me,up,mastodon,1,360,3597,1690303983
mastodon.eddmil.es,up,mastodon,1,930,22332,1667890016
mastodon.exitmusic.world,up,mastodon,1,3053,38496,1666860994
social.dolphin-emu.org,up,mastodon,1,52,15311,1668956584
ow1.in,up,mastodon,1,2,84,1764579209
krgr.social,up,mastodon,1,33,3538,1740217719
social.yutu.nl,up,mastodon,1,4,4,1765829391
social.datalust.co,up,mastodon,1,46,863,1731547505
mastodon.a17t.dev,up,mastodon,1,1,2354,1696402241
ridesbik.es,up,mastodon,1,1968,9857,1712432282
spanner.works,up,mastodon,1,3361,21692,1612578266
masto.terabyte-computing.com,up,mastodon,1,16,13003,1707253397
dewbert.social,up,mastodon,1,1,8198,1676928318
himself.alexanderdunkel.com,up,mastodon,1,184,6833,1682595393
mastodon.nebby.de,up,mastodon,1,0,10208,1668972758
social.nblumhardt.com,up,mastodon,1,78,4856,1702519094
posts.rat.pictures,up,mastodon,1,15908,28267,1675902128
mastodon.kingant.net,up,mastodon,1,332,1784,1673199050
masto.garrett.life,up,mastodon,1,75,2387,1726798370
social.the-gdn.net,up,mastodon,1,0,1,1767085998
social.808717.xyz,up,mastodon,1,491,27,1740252841
social.4142.io,up,mastodon,1,319,11695,1702762239
social.abohiccups.com,up,mastodon,1,0,463,1710761562
kramerc.social,up,mastodon,1,32,10743,1679820819
vtgcomp.com,up,mastodon,1,3,5895,1671245706
psiren.eu,up,mastodon,1,21901,9325,1696980183
masto.trtmn.io,up,mastodon,1,288,10729,1698294194
toutournai.social,up,mastodon,1,14,3599,1740217719
janerationx.social,up,mastodon,1,4161,7554,1694555734
upallnight.minnix.dev,up,mastodon,1,401,11190,1635798169
ekix.eu,up,mastodon,1,2,0,1761043353
blabla.patchli.fr,up,mastodon,1,105,3566,1729211012
mastodon.nasticot.net,up,mastodon,1,3,0,1729625690
mstdn.fujii-yuji.net,up,mastodon,1,61562,18992,1612578266
mastodon.kylemacquarrie.co.uk,up,mastodon,1,262,9136,1671116807
federated.hal.codes,up,mastodon,1,155,9215,1672956119
mastodon.chabal.es,up,mastodon,1,957,9291,1676290677
alperen.social,up,mastodon,1,9,1232,1744163867
onlinedo.alcateia.info,up,mastodon,1,232,6789,1730764013
fedi.edwardjensen.net,up,mastodon,1,0,1,1740247795
dol.social,up,mastodon,1,231,5783,1755971483
tietz.social,up,mastodon,1,1187,10542,1702666754
social.itsze.ro,up,mastodon,1,392,9807,1674460972
mast.benstokman.me,up,mastodon,1,4002,16550,1688446063
large.social,up,mastodon,1,26,7909,1671513344
mastodon.binwang.me,up,mastodon,1,312,403,1612578346
social.scriptjunkie.us,up,mastodon,1,5895,17736,1612578269
donato.ink,up,mastodon,1,16,741,1755445574
mastodon.totux.de,up,mastodon,1,1,158,1766816019
social.emerodh.me,up,mastodon,1,0,8,1752759931
mastodon.kneitzel.de,up,mastodon,1,8,2573,1667415239
lentil.social,up,mastodon,1,427,14983,1704526541
bobbinsrobots.com,up,mastodon,1,750,17101,1682107980
perfect.moe,up,mastodon,1,433,17641,1668471315
social.ericwbailey.website,up,mastodon,1,2800,21579,1673213802
social.murf.org,up,mastodon,1,375,6810,1651675513
river.geek.nz,up,mastodon,1,592,6996,1744626081
mastodon.ehret.me,up,mastodon,1,1747,16818,1612578268
buttplug.engineer,up,mastodon,1,1016,16305,1684357292
foody.social,up,mastodon,1,117,4712,1719548413
gohan-oisii.net,up,mastodon,1,14223,8218,1676288337
famille.c-f.me,up,mastodon,1,21,2166,1756497747
mastodon.zipmartini.photography,up,mastodon,1,3,890,1748329068
martianbase.net,up,mastodon,1,6841,13788,1677624049
abpe.org,up,mastodon,1,16691,17925,1688357999
don.rag.pub,up,mastodon,1,35,15575,1667719856
momo.mame.moe,up,mastodon,1,230870,20106,1612578266
social.lacot.org,up,mastodon,1,691,4447,1669037542
degroat.me,up,mastodon,1,10,1998,1761982725
social.laroche.dev,up,mastodon,1,17,1230,1673571302
social.bgmcd.uk,up,mastodon,1,35,6025,1741962658
vtor.me,up,mastodon,1,39,4647,1672808457
social.rereading.space,up,mastodon,1,3,3824,1765262195
social.moderateexcess.com,up,mastodon,1,9,4495,1712091233
social.hatebunny.ca,up,mastodon,1,131,4662,1756777460
maclock.social,up,mastodon,1,129,7156,1678271786
mivox.net,up,mastodon,1,11312,21643,1676017847
social.cabotcove.us,up,mastodon,1,35,4312,1680294824
masto.henchmonkey.org,up,mastodon,1,934,14781,1612578266
configure.ac,up,mastodon,1,422,6627,1671533572
m.geno.is,up,mastodon,1,424,6107,1752868665
peter0x48.social,up,mastodon,1,1,6756,1671772310
social.tomstu.art,up,mastodon,1,402,5831,1668350480
welcometo.squelfland.com,up,mastodon,1,217,9514,1689534252
verse.aubrielee.com,up,mastodon,1,254,3619,1673851141
boojiee.co,up,mastodon,1,386,8656,1740217288
mstdn.yurutan.net,up,mastodon,1,1606,6950,1696010879
allosaurus.speleo.mooo.com,up,mastodon,1,6,1196,1740602121
mastodon.sinoru.me,up,mastodon,1,56,5454,1696877778
wordmine.com,up,mastodon,1,23,7833,1674623288
mastodon.delic.fi,up,mastodon,1,32,4726,1672179300
polyomino.app,up,mastodon,1,134,1094,1688847201
social.elnino0916.de,up,mastodon,1,0,612,1764571652
mastodon.randomcat.org,up,mastodon,1,190,11539,1666847649
cultiv.social,up,mastodon,1,1130,9029,1669147546
mastodon.scapior.dev,up,mastodon,1,263,3158,1692566744
mastodon.jepsen.io,up,mastodon,1,224,8265,1612578270
oubliette.city,up,mastodon,1,548,38,1672646122
social.dm4.tw,up,mastodon,1,95,1491,1703565051
post.iono.me,up,mastodon,1,10,463,1740230171
mastodon.fedi.zutto.fi,up,mastodon,1,31,4339,1716435544
social.xoddiel.net,up,mastodon,1,1676,5665,1680194168
ruinous.social,up,mastodon,1,26,14053,1641898560
hotdog.place,up,mastodon,1,32,7576,1689272489
mastodon.grimmauld.de,up,mastodon,1,187,5069,1703952326
mastodon.sus-thoss.de,up,mastodon,1,7,10358,1688695222
selfdon.0x7c4.com,up,mastodon,1,423,8292,1701055245
social.etchfo.com,up,mastodon,1,6,1452,1757624648
realestate.qlead.ai,up,mastodon,1,3839,5,1743313546
mastodon.ivan.computer,up,mastodon,1,170,7067,1667500024
social.dekay.se,up,mastodon,1,1386,14399,1678252432
moew.app,up,mastodon,1,405,17547,1667993138
redeira.gal,up,mastodon,1,37,2044,1761263390
social.tellco.ca,up,mastodon,1,2,1303,1695860606
darui.work,up,mastodon,1,8405,5976,1612578265
delab.re,up,mastodon,1,89,9112,1612578267
mastodon.weinzierlweb.com,up,mastodon,1,161,8605,1668904975
mastodon.gaunt.dev,up,mastodon,1,23,2900,1668675772
studio8502.ca,up,mastodon,1,1251,22152,1703189245
abolish.social,up,mastodon,1,20899,23031,1612578265
dan.mastohon.com,up,mastodon,1,0,2401,1667437604
goodlett.social,up,mastodon,1,49,10341,1675200334
social.crem.in,up,mastodon,1,1185,15358,1673910452
purplepenguin.lol,up,mastodon,1,541,9312,1668075794
dialup.space,up,mastodon,1,649,9347,1668738680
e5n.cc,up,mastodon,1,3692,12427,1695891236
masto.dumanovschi.com,up,mastodon,1,118,8231,1728853500
social.smaier.net,up,mastodon,1,43,4697,1670230143
mastodon.voordie.de,up,mastodon,1,2,1669,1732915800
yoroy.eu,up,mastodon,1,458,10168,1740771261
social.jsr.com,up,mastodon,1,3226,8705,1690251575
citrussocial.uk,up,mastodon,1,0,9,1675968548
ianstormtaylor.social,up,mastodon,1,75,9328,1667247060
me.been.im,up,mastodon,1,137,5,1763879610
mstdn.powernut.rocks,up,mastodon,1,11,2317,1762938759
korallenherz.masto.host,up,mastodon,1,7058,9931,1691077350
social.tomayac.com,up,mastodon,1,4,201,1750360999
social.vereecke.com,up,mastodon,1,0,1850,1740224398
451.place,up,mastodon,1,26,832,1690041087
fedilab.de,up,mastodon,1,1025,12175,1670259942
socials.scuba.sh,up,mastodon,1,0,1389,1759431405
mastodon.azapft.is,up,mastodon,1,1160,14009,1668904988
test.monoceros.co.za,up,mastodon,1,19,6051,1698685610
toot.jhnc.me.uk,up,mastodon,1,85,11507,1668511113
mastodon.dunklecat.dev,up,mastodon,1,376,4497,1750857084
stormwaltz.net,up,mastodon,1,8007,13972,1691278240
100terres.social,up,mastodon,1,12,6677,1690409759
mastodon.steamedfish.org,up,mastodon,1,957,9815,1673002121
psychobatic.com,up,mastodon,1,7,1435,1691536870
imc.sh,up,mastodon,1,25,7476,1674726092
zombie.cafe,up,mastodon,1,35,1536,1728267612
m.mensoif.mywire.org,up,mastodon,1,2,419,1750887619
mastodon.xyaren.de,up,mastodon,1,8,11677,1667950607
hollablog.at,up,mastodon,1,0,2463,1651077574
mast.targrus.org,up,mastodon,1,321,6841,1762101391
mastodon.kwmns.eu,up,mastodon,1,68,6858,1681063678
social.stoev.dev,up,mastodon,1,18,2197,1765822568
mastodon.maliksoft.eu,up,mastodon,1,0,1231,1721028111
snarky.club,up,mastodon,1,21,7608,1667336204
mastodon.willnorris.net,up,mastodon,1,174,12496,1666985782
fedi.ajmaradiaga.com,up,mastodon,1,350,6083,1668201124
social.sd.ai,up,mastodon,1,3345,22359,1667597053
fediverse.jefflembeck.com,up,mastodon,1,550,11983,1670206785
mastodon.michaelrostom.dev,up,mastodon,1,19,2394,1759775524
air11.social,up,mastodon,1,5,5024,1670720909
mastodont.soucecalv.ru,up,mastodon,1,254,1976,1754151879
mastodon.nelson.sh,up,mastodon,1,1,229,1766140308
social.walterebert.com,up,mastodon,1,1389,12508,1667589095
mastodon.yasa.gs,up,mastodon,1,160,6059,1669002957
mstdn.rukin.me,up,mastodon,1,275,12506,1612578268
lackthereof.info,up,mastodon,1,71,3829,1674360656
hoagie.cloud,up,mastodon,1,5345,10928,1743180952
mastodon.raykoworld.com,up,mastodon,1,2380,17344,1692224427
mastodon.zyun.jp,up,mastodon,1,99,3383,1699635378
mcnulty.social,up,mastodon,1,251,5592,1740219152
masto.galooph.com,up,mastodon,1,1604,16762,1612578267
rwfertilizer.mydns.jp,up,mastodon,1,93,69,1692199582
helixheaven.hostdon.ne.jp,up,mastodon,1,239,1858,1762997379
mastodon.kug.is,up,mastodon,1,29,11359,1739202118
mastodon.syufu.dev,up,mastodon,1,3,8,1765108622
njcp.uk,up,mastodon,1,401,7581,1706485086
mastodon.nchbeir.fr,up,mastodon,1,0,9,1764120570
social.gochiuma.net,up,mastodon,1,134,2688,1669128929
fieldnotes.social,up,mastodon,1,346,1678,1694635521
diblasio.social,up,mastodon,1,401,8057,1688888086
social.dc6jgk.de,up,mastodon,1,44,3632,1612578708
mastodon.allnutt.net,up,mastodon,1,3653,26004,1612578267
mastodon.dagorlad.cc,up,mastodon,1,70,6984,1669483690
cyber.tf,up,mastodon,1,2,1518,1760424361
fedi.gvisoc.com,up,mastodon,1,5433,17497,1667801020
mstdn.ikaruga.me,up,mastodon,1,8,1258,1675094262
mastodon.gioscloud.synology.me,up,mastodon,1,2,355,1740221461
mastodon.falconk.rocks,up,mastodon,1,3612,15314,1666607983
toot.fedi.timbyr.com,up,mastodon,1,0,1854,1667774845
simon.vreeman.com,up,mastodon,1,284,5278,1671291078
mastodon.r-schreutelkamp.nl,up,mastodon,1,31,1261,1763839394
social.strato.campfire-zone.de,up,mastodon,1,1,1654,1757271944
social.tarasis.net,up,mastodon,1,1433,16561,1612578268
masto.adeserv.uk,up,mastodon,1,143,7445,1758301150
conventionexplorers.com,up,mastodon,1,0,5,1692423090
dev01.mstdn.misaca.network,up,mastodon,1,50,1304,1703603511
mastodon.lubar.me,up,mastodon,1,107338,27432,1612578269
tylernguyen.social,up,mastodon,1,0,1900,1696298082
gultsch.social,up,mastodon,1,323,13176,1667044068
masto.allrite.at,up,mastodon,1,21271,18259,1668999271
mastodon.smeets.ee,up,mastodon,1,34,1740,1676937826
mastodon.nlmakers.ca,up,mastodon,1,478,7636,1699012013
social.flarn.net,up,mastodon,1,502,6114,1745918473
mastodon.number251.duckdns.org,up,mastodon,1,1046,6763,1670197132
s.waq.dk,up,mastodon,1,641,7205,1668047049
blog.bontour.eu,up,mastodon,1,88,1105,1731974119
refi64.social,up,mastodon,1,7178,10817,1651124001
mastodon.hoefermeyer.eu,up,mastodon,1,0,714,1755468632
colquitt.xyz,up,mastodon,1,1423,13366,1733246558
a.brody.zone,up,mastodon,1,33,6771,1671391879
moshpit.social,up,mastodon,1,4236,6609,1739277435
mastodon.internetkultur.se,up,mastodon,1,1,1317,1767047365
m.tzyl.eu,up,mastodon,1,1205,18632,1669557532
mastodon.cjl.io,up,mastodon,1,1,3061,1674101510
friendzone.masto.host,up,mastodon,1,2,1800,1740217145
temp.odon.moe,up,mastodon,1,440,10223,1669419166
mastodon.laca.dev,up,mastodon,1,2027,12893,1668959087
mastodon.wallrodt.eu,up,mastodon,1,0,5,1744601119
social.starkeith.net,up,mastodon,1,2092,10929,1731192068
staging.stereolenses.com,up,mastodon,1,11,2,1764579209
mastodon.k8s.forster.cc,up,mastodon,1,1,856,1683145787
social.mikewells.name,up,mastodon,1,188,5110,1668257564
garratt.social,up,mastodon,1,1,4185,1689417339
meowstodon.eu,up,mastodon,1,171,9574,1742843756
xyzzyx.ca,up,mastodon,1,30,570,1763786175
social.evan.exposed,up,mastodon,1,65,9266,1738536333
dev.vt.social,up,mastodon,1,20,200,1758726481
social.mettwork.com,up,mastodon,1,25,2024,1759078984
m.ie9.org,up,mastodon,1,769,8137,1672296506
mb.draculaojisan.com,up,mastodon,1,486,1918,1687133873
ceres.social,up,mastodon,1,7,2802,1766933966
dev.ipv6.social,up,mastodon,1,0,0,1668645536
mstdn.mina.to,up,mastodon,1,446,1052,1766004908
mstdn.cc,up,mastodon,1,0,4096,1612578267
fedi.reflog.me,up,mastodon,1,59,5275,1667919979
social.mitexleo.one,up,mastodon,1,719,9890,1713700036
social.friendcraft.club,up,mastodon,1,110,3729,1755444219
uni.vuwuv.com,up,mastodon,1,3554,2593,1691205142
davidclarke.social,up,mastodon,1,28,4471,1716047337
mstdn.host116.ru,up,mastodon,1,1055,9936,1685521620
pub.dfdx.io,up,mastodon,1,30,6848,1713069454
housecat.space,up,mastodon,1,407,8942,1727914648
rickyleong.me,up,mastodon,1,9,1301,1688433313
m.burzmali.com,up,mastodon,1,1,3237,1671242727
toot.onitato.com,up,mastodon,1,580,12699,1667385374
m.puhtahtoe.com,up,mastodon,1,0,4288,1730155534
social.simonwgill.com,up,mastodon,1,118,9101,1649957536
m.tomaz.me,up,mastodon,1,85,6779,1669242160
social.ncoinfo.be,up,mastodon,1,165,4703,1733060252
mammut.sekhen.com,up,mastodon,1,1,338,1668824124
mastodon.criticalbasics.xyz,up,mastodon,1,65,7682,1687818447
techiegirl.social,up,mastodon,1,29,4871,1718578994
social.gigglegang.city,up,mastodon,1,0,4201,1755910426
mastodon.ferox.cc,up,mastodon,1,3,795,1763685634
m.winblad.io,up,mastodon,1,0,200,1671588921
audax.social,up,mastodon,1,27,6638,1675657059
fedi.cr-net.be,up,mastodon,1,13734,20598,1668187208
route66.social,up,mastodon,1,14,975,1612578268
masto.karmacloud.ynh.fr,up,mastodon,1,5,454,1740224398
essjax.com,up,mastodon,1,9774,18969,1691254013
zeeborn.social,up,mastodon,1,90,8298,1668978869
social.helvet.online,up,mastodon,1,0,3028,1698702162
cedwardsmedia.social,up,mastodon,1,11,2869,1673927779
wanderingdj.hostdon.ne.jp,up,mastodon,1,6287,4615,1676019254
sns.ooto.me,up,mastodon,1,465,1252,1683067259
mastodon.cyberhub.sbs,up,mastodon,1,293,3750,1675690774
mastodon.headcrashing.eu,up,mastodon,1,1447,7971,1671450732
pub.sapzil.org,up,mastodon,1,1671,2258,1668188255
catnest.net,up,mastodon,1,1172,12059,1688343288
masto.pizzac.at,up,mastodon,1,1,2564,1687093449
mastodon.yousack.net,up,mastodon,1,36,1035,1612578345
mastodon.spacenode.net,up,mastodon,1,1,598,1675854209
mastodon.pekkasipila.com,up,mastodon,1,3,1207,1677652575
minmin.hostdon.ne.jp,up,mastodon,1,202,8226,1689941617
votho.social,up,mastodon,1,91,1532,1667496658
social.outdated.network,up,mastodon,1,1,71,1766932915
micro.marcriera.cat,up,mastodon,1,406,8267,1732575251
gast.social,up,mastodon,1,83,6559,1651486889
me.bray.im,up,mastodon,1,34,5634,1752720684
ap.bluecatnet.work,up,mastodon,1,59,3467,1740221301
mastodon.sebbo.net,up,mastodon,1,9,3388,1612578269
loqui.fi,up,mastodon,1,182,2360,1720849927
sarcasm.stream,up,mastodon,1,6829,22639,1612578271
mastodon.iko.soy,up,mastodon,1,14,3013,1677902877
haunt.graveyard.boo,up,mastodon,1,316,14987,1698348119
barelysocial.org,up,mastodon,1,1171,13129,1674157623
micro.arda.pw,up,mastodon,1,1413,15367,1669064516
social.dftba.xyz,up,mastodon,1,6,1331,1612585465
social.partnerwerk.de,up,mastodon,1,38,3185,1668664076
mastodon.gremlins.eu,up,mastodon,1,6,4282,1669249671
one.telmina.net,up,mastodon,1,24617,5062,1727791880
dev.dhelonious.de,up,mastodon,1,0,228,1740229481
fuzz.network,up,mastodon,1,232,3741,1612578347
mstdn.travelpandas.eu,up,mastodon,1,99,2419,1755926149
ericf.social,up,mastodon,1,152,7126,1671462378
mastodon.lgbt,up,mastodon,1,3,4916,1740221937
fili.to,up,mastodon,1,55,1048,1691866675
mstdn.sagami-yashiro.net,up,mastodon,1,1568,5328,1679678412
s.costpap.me,up,mastodon,1,8,3811,1668832699
social.tinytip.de,up,mastodon,1,44,4059,1659714008
social.danlan.at,up,mastodon,1,1,1115,1749367478
crossdon.com,up,mastodon,1,14826,8884,1688635449
md.ghostnoise.ru,up,mastodon,1,34,5066,1725823832
lioncourt.social,up,mastodon,1,568,10782,1676941583
mastodon.cranesoftwrights.com,up,mastodon,1,38,1135,1740218513
social.shinyuu.net,up,mastodon,1,18,3724,1668933960
mastodon.ronandev.ovh,up,mastodon,1,352,3061,1746599925
social.incognoble.com,up,mastodon,1,143,11524,1747430994
social.romaricpascal.com,up,mastodon,1,8560,9858,1668775978
breadandroses.cloud,up,mastodon,1,5,14311,1700175999
fedi.gooner.rodeo,up,mastodon,1,6,3502,1758509062
social.holewinski.dev,up,mastodon,1,29,1600,1740222195
mastodon.luni.casa,up,mastodon,1,0,438,1764118590
disiviva.tips,up,mastodon,1,0,0,1622576479
mastodon-lifelog.me,up,mastodon,1,7485,3068,1733732086
retrohub.cafeobskur.de,up,mastodon,1,42,3229,1740217448
mstdn.crakac.com,up,mastodon,1,742,2284,1652027421
mastodon.return12.net,up,mastodon,1,30,3760,1671483755
blu.social,up,mastodon,1,4,4505,1668303750
social.bert.org,up,mastodon,1,143,11106,1612578345
mastodon.condime.de,up,mastodon,1,546,4331,1740217447
moderately.social,up,mastodon,1,859,10926,1674072935
social.gozzys.com,up,mastodon,1,943,11233,1728148720
social.0x4711.org,up,mastodon,1,246,8959,1670346791
tired.social,up,mastodon,1,18,6173,1740217232
tmux.f5.si,up,mastodon,1,12000,10472,1693215026
noeldemartin.social,up,mastodon,1,656,11311,1612578268
mastodon.sngsk.info,up,mastodon,1,1957,6467,1612578267
z4zcz4vg.xyz,up,mastodon,1,4549,1098,1740218031
mstdn.lycolia.info,up,mastodon,1,4478,1134,1755711980
social.burch-hill.com,up,mastodon,1,71,6157,1675767132
ezzz.au,up,mastodon,1,648,7934,1669640047
supersocial.space,up,mastodon,1,814,7591,1683712799
toot.ohhh.no,up,mastodon,1,126,2242,1668264604
mastodon.zougloub.eu,up,mastodon,1,1081,13791,1667842407
mastodon.fredman.es,up,mastodon,1,1010,3252,1761427332
social.int21.dev,up,mastodon,1,476,12832,1669295527
mastodon.civl.cc,up,mastodon,1,4,1340,1718619962
don.taprix.org,up,mastodon,1,1650,5620,1612578266
mastodon.luca-alloatti.eu,up,mastodon,1,194,3872,1715015319
mastodon.nieuwspaal.nl,up,mastodon,1,118,227,1667288339
mastodon.andreubotella.com,up,mastodon,1,289,8062,1675695702
hi-low.social,up,mastodon,1,299,7321,1671481958
mastodon.alexnackenoff.com,up,mastodon,1,177,8800,1668950792
posting.helios.place,up,mastodon,1,370,3,1746935824
social.sgawolf.com,up,mastodon,1,2809,17683,1667306517
mastodon.federacionfab.com,up,mastodon,1,153,3710,1715539006
social.tthi.as,up,mastodon,1,977,11211,1668829267
toot-toot.wyrihaxim.us,up,mastodon,1,4251,56369,1668971475
reaper.homes,up,mastodon,1,18170,3659,1739535209
mstdn.iroh.tv,up,mastodon,1,4362,22451,1676127509
metalized.net,up,mastodon,1,1050,7619,1753041520
social.cthuflu.com,up,mastodon,1,116,5469,1728389297
social.ovegard.se,up,mastodon,1,51,1125,1676420381
mastodon.titi.me.uk,up,mastodon,1,16,4694,1672082528
home.tj-h.com,up,mastodon,1,96,9481,1688738130
social.frith.dev,up,mastodon,1,62,6273,1667920327
jtrem.me,up,mastodon,1,75,8855,1681564842
mas.shady2k.ru,up,mastodon,1,9,1015,1649883044
mastodon.richardloxley.com,up,mastodon,1,892,13892,1686181989
mastodon.hexsix.me,up,mastodon,1,96,85,1647238811
mastodon.chester.id.au,up,mastodon,1,722,15051,1671494715
csu.coffee,up,mastodon,1,33,89,1688375395
urgo.social,up,mastodon,1,8,902,1703770717
social.nokes.name,up,mastodon,1,803,18469,1667611352
barrowof.gay,up,mastodon,1,437,17327,1683213381
mastodon.infinitybeardesigns.com,up,mastodon,1,368,3687,1668904961
social.doranakaar.com,up,mastodon,1,0,2832,1747154295
justice.tech,up,mastodon,1,36,3330,1679623728
allagar.masto.host,up,mastodon,1,5252,4421,1681043648
social.dot-asterisk.nl,up,mastodon,1,77,2751,1755622368
mastodon.aioo.ooo,up,mastodon,1,281,3386,1668699102
social.muxodious.org,up,mastodon,1,179,8172,1697087034
toot.kv47.dev,up,mastodon,1,36,87,1750197126
mastodon.rafaelbailon.com,up,mastodon,1,527,21501,1668914538
intrusion.software,up,mastodon,1,13,1357,1711922842
social.qvi.st,up,mastodon,1,11,2704,1662948737
social.lostinok.com,up,mastodon,1,1983,14154,1671215795
mrcol.es,up,mastodon,1,49,2074,1728574813
don.anya.jp,up,mastodon,1,27,5,1746950268
m.youcune.com,up,mastodon,1,20,1228,1674770005
mastodon.valha.la,up,mastodon,1,1,1234,1673862539
nomorestars.social,up,mastodon,1,129,5715,1741624936
bopjoy.cafe,up,mastodon,1,8,3553,1696028418
social.sven-workspace.de,up,mastodon,1,3,559,1757733273
social.yukinobu.jp,up,mastodon,1,812,2457,1689681110
masto.umiamz.me,up,mastodon,1,134,6844,1751333434
roggenkamp.social,up,mastodon,1,18,98125,1672271717
glue.io,up,mastodon,1,25,9186,1740217226
lowlab.social,up,mastodon,1,16,771,1649492503
mastodon.lordofthedummies.com,up,mastodon,1,5872,8052,1671214583
animeomake.com,up,mastodon,1,17,3238,1690700494
njalla.social,up,mastodon,1,42,9615,1668178065
8bit.social,up,mastodon,1,347,10051,1668719675
social.sodajerker.com,up,mastodon,1,94,4383,1672084248
boostie.social,up,mastodon,1,1361,15576,1705639462
social.nanaka.love,up,mastodon,1,514,505,1668033349
social.basilweb.net,up,mastodon,1,1236,7425,1675195295
polycycle.io,up,mastodon,1,8,6222,1682721700
mastodon.substandard.info,up,mastodon,1,4,1166,1757522848
fb.paulgeanta.com,up,mastodon,1,102,5016,1632005885
mastodon.gibbens.dev,up,mastodon,1,358,12715,1631636959
fedi.fullstuck.net,up,mastodon,1,50229,4873,1612578268
masti.algorithm.berlin,up,mastodon,1,16,1145,1668802304
banter.danny.page,up,mastodon,1,266,10226,1667513750
m.dollha.us,up,mastodon,1,1,1674,1762329230
darb.social,up,mastodon,1,0,4695,1740221301
carl.fish,up,mastodon,1,695,11182,1666928617
m.324s.io,up,mastodon,1,67,439,1764588971
social.5f9.de,up,mastodon,1,2609,12079,1688474180
social.gearfm.gay,up,mastodon,1,0,435,1744278149
mstdn.toad-in-the-hole.net,up,mastodon,1,1114,6290,1612578266
social.opticality.com,up,mastodon,1,74,5844,1677187129
mastodon.mosskoi.com,up,mastodon,1,5,758,1767257716
sethlong.social,up,mastodon,1,2,10809,1676041510
mastodon.paradis-nomade.ynh.fr,up,mastodon,1,1,384,1746490131
social.vexingdreams.com,up,mastodon,1,25,1103,1757281286
jasondavis.net,up,mastodon,1,141,12197,1676656650
mastodon.ydkn.social,up,mastodon,1,0,803,1612578345
wow.err404.numericore.com,up,mastodon,1,0,31,1757456811
mstdn.heerssen.net,up,mastodon,1,1,462,1765102872
from.asolitarycabin.org,up,mastodon,1,12,11115,1742584833
toot.ipmorris.com,up,mastodon,1,8,4798,1668303750
mastodon.mcfood.org,up,mastodon,1,22,2789,1669684216
mastodon.datafreedom.fr,up,mastodon,1,2,3192,1744484170
fediverse.speckledmonkey.com,up,mastodon,1,570,12481,1667626230
social.zvavybir.eu,up,mastodon,1,38740,14343,1700252414
s.nomya.net,up,mastodon,1,4107,6385,1678524775
social.voklen.com,up,mastodon,1,114,5073,1718083647
mastodon.nsnw.ca,up,mastodon,1,309,7581,1612578345
mastodon.qassim.uk,up,mastodon,1,288,6489,1702265819
mastodon.arul.io,up,mastodon,1,3,6550,1667842407
social.patchmixolydic.com,up,mastodon,1,6,1177,1718641544
mastodon.glacier.events,up,mastodon,1,5,579,1747294274
frisphook.hilciferous.nl,up,mastodon,1,0,9442,1667958762
mastodon.spacetraveller.com,up,mastodon,1,25,10116,1676527823
mastodon.pseek.fr,up,mastodon,1,4,2378,1668359252
ad-astra.moe,up,mastodon,1,8167,12107,1677186804
mastodon.persempio.de,up,mastodon,1,0,1110,1688472886
social.benlopatin.com,up,mastodon,1,728,11688,1667869869
social.linuxistcool.de,up,mastodon,1,79,10580,1712503472
m.rse43.com,up,mastodon,1,832,117070,1628337253
martinh.net,up,mastodon,1,12356,21232,1669328737
social.elderlogs.net,up,mastodon,1,37,2500,1766520497
social.blackmetal.club,up,mastodon,1,95,7448,1707580452
md.sheridan.blog,up,mastodon,1,51,4302,1729051956
zx81.social,up,mastodon,1,960,11625,1667944416
arc-en-ciel.hostdon.ne.jp,up,mastodon,1,66938,12215,1702681159
ansico.dk,up,mastodon,1,2298,18183,1651444685
mastodon.holmosapien.com,up,mastodon,1,7,4272,1688000528
mastodon.weindl.biz,up,mastodon,1,3,1018,1763843447
mahler.earth,up,mastodon,1,0,1385,1675717593
social.michal-atlas.cz,up,mastodon,1,1,601,1740217704
social.snowjake.com,up,mastodon,1,0,24,1725083795
mastodon.bbguimaraes.com,up,mastodon,1,136,125,1708631017
mastodon.icez.net,up,mastodon,1,17,665,1723893063
fedi.rdev.games,up,mastodon,1,1,613,1748516557
mu-ori.me,up,mastodon,1,305,4175,1692708028
mastodon.vekku.li,up,mastodon,1,78,3204,1740217304
chocolate-teapot.uk,up,mastodon,1,252,6183,1753630901
yeoldepub.social,up,mastodon,1,8,11707,1668802304
natsu.page,up,mastodon,1,4775,7134,1612578266
diebrevi.net,up,mastodon,1,2,909,1765103843
masto.theoks.net,up,mastodon,1,1576,14062,1676420129
mastodon.levis.name,up,mastodon,1,274,11601,1612578266
mastodon.cyprin.me,up,mastodon,1,3,4468,1668847584
social.mp0.jp,up,mastodon,1,57,3509,1675186044
bunny.blue,up,mastodon,1,5511,15704,1612578268
mastodon.pepicrft.me,up,mastodon,1,2265,10683,1722532922
social.schoepski.de,up,mastodon,1,3,3366,1668613393
allamaraine.io,up,mastodon,1,2727,13491,1674611250
buff.horse,up,mastodon,1,26,503,1763432925
mastodon.nickcharlton.net,up,mastodon,1,2447,12647,1668911603
moyer.social,up,mastodon,1,2,4024,1717344824
social.stefanberger.net,up,mastodon,1,4736,24065,1659170695
syngevity.hosted.spacebear.ee,up,mastodon,1,2,286,1612578268
toot.fromseabed.com,up,mastodon,1,5883,1514,1683911367
jasondavis.org,up,mastodon,1,200,4210,1675045813
social.mattburkedev.com,up,mastodon,1,291,5820,1668938361
hub.palafitas.org,up,mastodon,1,28,781,1763207751
mastodon.deadname.gay,up,mastodon,1,7,3112,1686597681
mastodon.akijoey.com,up,mastodon,1,1,1789,1744266957
mastodon.strona-czynna.pl,up,mastodon,1,1,8,1760961515
masto.gregnewman.io,up,mastodon,1,3882,11809,1676910139
orbitalstation.one,up,mastodon,1,5798,16005,1630253943
blog.fami.ga,up,mastodon,1,1040,8721,1612579014
mast.sudrien.net,up,mastodon,1,722,7321,1652003429
social.hacksoc.net,up,mastodon,1,12,6,1758064021
mastodon.irohanano.nl,up,mastodon,1,3587,6802,1669670053
toots.schwanksta.com,up,mastodon,1,920,9932,1667902144
f451.page,up,mastodon,1,1515,7559,1690261115
mastodon.frost.kiwi,up,mastodon,1,83,4714,1714134960
anthem.shadowlan.net,up,mastodon,1,0,2155,1671670956
social.dargan.uk,up,mastodon,1,138,5322,1717689048
nope.googleisdumb.zip,up,mastodon,1,2,829,1763336756
social.inrollio.com,up,mastodon,1,25,3187,1686279271
mastodon.taewaloni.net,up,mastodon,1,0,12,1667187766
bs-x.org,up,mastodon,1,200,192,1688534282
mr.am,up,mastodon,1,4525,6443,1612578344
social.lushlab.xyz,up,mastodon,1,6,1058,1763354720
reyuzenfold.com,up,mastodon,1,667,11410,1667919979
fedi.fifo-f.eu,up,mastodon,1,1019,9083,1718797872
cau.se,up,mastodon,1,4,782,1667997872
mako3sun.com,up,mastodon,1,6006,3695,1685859169
joost.net,up,mastodon,1,58,11213,1669637499
mastodon.louino.fr,up,mastodon,1,22,1812,1668904971
mstdn.thms.uk,up,mastodon,1,6774,24854,1668220433
mstdn.ima1zumi.com,up,mastodon,1,6116,4479,1677012054
mastodon.plong.eu,up,mastodon,1,23,6150,1669065587
social.jf-l.de,up,mastodon,1,45,2729,1727054672
mastodon.kucera.it,up,mastodon,1,34,1206,1680068431
mastodon.monkeydiesel.net,up,mastodon,1,99,17023,1667867368
mastodon.falktx.com,up,mastodon,1,1715,17906,1612578271
terrible.computer,up,mastodon,1,19,4854,1682705274
mastodon.decentralised.chat,up,mastodon,1,1106,14892,1669797992
mastodon.securecomcorp.eu,up,mastodon,1,2,290,1757910216
tmss2291-1.hostdon.ne.jp,up,mastodon,1,340,3460,1681730946
social.brittle.st,up,mastodon,1,18,13269,1675809806
mastodon.kinlane.com,up,mastodon,1,1043,14100,1669363658
social.joncamfield.com,up,mastodon,1,312,4023,1634403219
mastodon.millefeuille42.fr,up,mastodon,1,1,87,1765942109
prins.social,up,mastodon,1,2,1783,1750431295
gyudon.org,up,mastodon,1,5308,3030,1672708195
coolestsmall.town,up,mastodon,1,18,4528,1762995237
olender.me,up,mastodon,1,0,5292,1675638734
social.kollar.cloud,up,mastodon,1,285,5336,1740217304
ap.alexjanka.com,up,mastodon,1,0,6027,1683329022
mastodon.vandevan.net,up,mastodon,1,37,2283,1678033591
mastodon.fredprod.com,up,mastodon,1,454,11347,1668457964
xn--trt-tna.eu,up,mastodon,1,63,3510,1668717290
social.petertoushkov.eu,up,mastodon,1,7225,15654,1687207462
salvo.chat,up,mastodon,1,105,7364,1669939860
social.gnieh.org,up,mastodon,1,6232,7006,1685988451
social.iphodase.fr,up,mastodon,1,5,576,1667837640
mastodon.jgke.fi,up,mastodon,1,1,2339,1740222949
social.benjaminturner.me,up,mastodon,1,194,8910,1676667349
yoshida2015.net,up,mastodon,1,62526,12123,1676987529
mastodon.cxm.cz,up,mastodon,1,31,2492,1724544422
lopp.social,up,mastodon,1,282,5600,1639647840
social.matsuuratomoya.com,up,mastodon,1,3701,10756,1612580929
mastodon.soregashi.me,up,mastodon,1,231,13566,1702828944
social.ra-phi.ch,up,mastodon,1,569,14713,1612578266
sniff.dad,up,mastodon,1,87,3692,1740217719
social.houngbo.net,up,mastodon,1,2,1843,1668352588
mi.aufentha.lt,up,mastodon,1,547,1122,1757344255
m.yihao.moe,up,mastodon,1,1300,6872,1612578266
io.bennyp.org,up,mastodon,1,10,1459,1612579012
san-junipero.gimme-sympathy.org,up,mastodon,1,6375,13335,1612578269
social.hnnng.space,up,mastodon,1,2795,7515,1704298921
his.macer.life,up,mastodon,1,142,6153,1764640592
mastodon.gargantia.fr,up,mastodon,1,6860,27749,1612578269
social.acook.jp,up,mastodon,1,5,295,1762121503
den.jaym.uk,up,mastodon,1,418,4397,1756750274
masto.snoozetown.org,up,mastodon,1,96,12228,1728522086
m.wedgi.us,up,mastodon,1,334,3199,1671824552
social.alebit.com,up,mastodon,1,0,3176,1688888636
social.sowelijanpona.xyz,up,mastodon,1,119,4028,1683065841
social.nsivertsen.com,up,mastodon,1,0,6475,1674840549
mastodon.noyer.app,up,mastodon,1,568,8949,1668285790
handwave.org.uk,up,mastodon,1,30,6260,1668638104
ma.bitraten.net,up,mastodon,1,0,4179,1683422304
mokomokohouse.com,up,mastodon,1,4551,80,1688524533
thawra.social,up,mastodon,1,0,0,1751643945
fed.wjboll.es,up,mastodon,1,38,8164,1689714149
andeby.city,up,mastodon,1,1715,7563,1708702896
mastodon.fam-ribbers.com,up,mastodon,1,1770,11917,1612578269
social.seancarpenter.net,up,mastodon,1,63,7068,1669429844
mastodon.jaeckel.one,up,mastodon,1,11,646,1761664744
m.eula.dev,up,mastodon,1,103963,27071,1612578268
theriault.co,up,mastodon,1,6,277,1719200575
moodoo.org,up,mastodon,1,4024,19154,1666412663
mastodon.alexisalzate.com,up,mastodon,1,87,1671,1760825661
mastodon.hugopoi.net,up,mastodon,1,5227,14542,1612578266
mastodon.emy.plus,up,mastodon,1,2,59,1731718341
mastodon.tevinzhang.com,up,mastodon,1,420,10398,1694434778
mastodon.noman.land,up,mastodon,1,14,1069,1740221730
fedi.jordanh.net,up,mastodon,1,119,6460,1669064516
mastodon.apps.scolterius.net,up,mastodon,1,4,4040,1669305100
treff.darknight-coffee.eu,up,mastodon,1,70,2380,1612586238
puck.talk,up,mastodon,1,0,209,1765430644
social.hodos.ro,up,mastodon,1,44,9551,1687293983
lookingforways.social,up,mastodon,1,239,1849,1757592867
social.zkolar.xyz,up,mastodon,1,43,5546,1725211197
social.cscip.io,up,mastodon,1,7,2433,1667301620
mstdn.maimux2x.com,up,mastodon,1,546,1757,1740217447
mstdn.barasu.org,up,mastodon,1,945,2119,1743642869
toot.hostdon.ne.jp,up,mastodon,1,2017,7931,1676729158
mastodon.blaho.info,up,mastodon,1,194,2148,1668856405
darkshade.social,up,mastodon,1,1,1237,1668315392
masto.jln.io,up,mastodon,1,665,8421,1676869713
social.fxbgpeaceandjustice.com,up,mastodon,1,5,1022,1750388155
social.mailbox.org,up,mastodon,1,388,5853,1692241281
social.ncot.uk,up,mastodon,1,1242,12762,1667140699
justme.masto.host,up,mastodon,1,6370,17871,1670096531
saarmosel.social,up,mastodon,1,1,1768,1766943653
stegodon.nl,up,mastodon,1,14611,19943,1674845118
mastodon.setsuna.kr,up,mastodon,1,253,2850,1612578268
dznr.org,up,mastodon,1,18,4204,1673640592
mstdn.barippi.com,up,mastodon,1,153,1908,1612578267
social.brennanbenkert.com,up,mastodon,1,28,4205,1612578266
social.pekkasipila.com,up,mastodon,1,53,8377,1678165442
kiessling.social,up,mastodon,1,392,9896,1672104706
mas.st.org.nz,up,mastodon,1,121,3036,1745834388
mastodon.tomodori.net,up,mastodon,1,1255,6360,1759536027
mstdn.unasuke.com,up,mastodon,1,6029,8321,1612578270
mastodon.karolwos.com,up,mastodon,1,0,918,1688399139
mastodon.nrion.de,up,mastodon,1,0,3113,1740217447
lambdon.social,up,mastodon,1,0,5050,1674930911
mastodon.99rst.org,up,mastodon,1,5,91,1741169547
social.gould.cx,up,mastodon,1,167,29223,1612578270
jluo.io,up,mastodon,1,8,5668,1673927779
posting.institute,up,mastodon,1,126,6763,1667023084
social.drothler.com,up,mastodon,1,1,699,1764675196
mastodon.fiveop.de,up,mastodon,1,263,8348,1612578345
social.synesthesia.co.uk,up,mastodon,1,1386,15630,1667858025
mastodon.spydar007.com,up,mastodon,1,153,14464,1612579013
raptol.net,up,mastodon,1,81753,9937,1612578267
mastodon.pocketgrok.com,up,mastodon,1,17,2070,1704037116
prettyaweso.me,up,mastodon,1,3944,8322,1725207159
social.utdoasn.com,up,mastodon,1,3,6190,1669506700
m.skyblond.info,up,mastodon,1,289,2159,1729786102
mastodon.autostatic.net,up,mastodon,1,1884,8072,1715273560
notes.chatopera.com,up,mastodon,1,579,1,1683887173
masto.98degrees.co.uk,up,mastodon,1,1779,14420,1668042229
social.wanderview.com,up,mastodon,1,159,8798,1670430465
tad.me,up,mastodon,1,60,74184,1651967844
mastodon.triformine.dev,up,mastodon,1,0,201,1671539307
mastodon.lambertz.xyz,up,mastodon,1,2,7605,1612578345
cyberspace.lgbt,up,mastodon,1,39,5810,1735575681
mastodon-test.jacketpotato.uk,up,mastodon,1,11,5,1753825167
dimick.social,up,mastodon,1,182,7889,1674341668
0371.uk,up,mastodon,1,4846,4611,1698361474
mastodon.classicyou.nl,up,mastodon,1,192,4108,1716568406
mastodon.corbin.sh,up,mastodon,1,0,2,1757467151
ybrammer.com,up,mastodon,1,40,2456,1740653119
mstdn.paparasitic.com,up,mastodon,1,2717,12104,1675146610
mastodon.kt.nnn1590.org,up,mastodon,1,25,55,1675768123
mastodon.antonovich.me,up,mastodon,1,23,4211,1688561573
mstdn.tomkoreny.com,up,mastodon,1,0,912,1740231245
social.grobwiefein.de,up,mastodon,1,0,77,1675091955
hackr.org,up,mastodon,1,60,4668,1669389531
sakae-m.hostdon.ne.jp,up,mastodon,1,11334,3040,1679838403
haminoa.net,up,mastodon,1,194,151617,1671624447
social.singularity.sh,up,mastodon,1,361,9084,1681592114
m.powerweb.io,up,mastodon,1,95,5910,1668994297
bloade.social,up,mastodon,1,0,146415,1671283819
social.wizard.gay,up,mastodon,1,9,1606,1748676054
mstdn.lancealux.me,up,mastodon,1,0,456,1757805623
social.heiber.im,up,mastodon,1,2984,19257,1667464886
mastodon.287industries.com,up,mastodon,1,2,5717,1688497250
big.trash.haus,up,mastodon,1,287,8365,1612578271
locked.canids.de,up,mastodon,1,194,1534,1707429299
social.kaspernymand.com,up,mastodon,1,267,8419,1712693219
social.sourcemac.com,up,mastodon,1,987,11264,1693273336
mastodon.decwebb.com,up,mastodon,1,1,2999,1676565141
mastodon.smears.org,up,mastodon,1,352,7090,1708832807
social.van-der-velde.net,up,mastodon,1,14,727,1701540678
social.benny.de,up,mastodon,1,13272,14556,1647094623
zoeoconnell.co.uk,up,mastodon,1,524,8392,1676843748
meikle.social,up,mastodon,1,18,5747,1667728126
mastodon.chieldouwes.nl,up,mastodon,1,32,3186,1669293376
orlovsky.online,up,mastodon,1,161,4843,1688300040
t.aqn.jp,up,mastodon,1,7079,2536,1612578266
takohs.cc,up,mastodon,1,503,7590,1751634699
mastodon.coley.co,up,mastodon,1,51,134578,1667723307
jens.metodistiudine.nohost.me,up,mastodon,1,21,677,1755445391
207.social,up,mastodon,1,108,3922,1740217704
m.zr40.nl,up,mastodon,1,303,8899,1685034250
toots.ananace.dev,up,mastodon,1,807,11256,1668856525
social.binarydad.com,up,mastodon,1,3825,17303,1612578271
alliec.at,up,mastodon,1,50,2563,1690454563
social.goterkyourself.com,up,mastodon,1,4,2973,1727482986
bouma.social,up,mastodon,1,768,21317,1668446482
lacommune.social,up,mastodon,1,793,6039,1668981453
social.the-goblin.net,up,mastodon,1,72,8531,1668904961
mastodon.bryce.co,up,mastodon,1,33,5333,1690218591
social.keramik-bruckner.eu,up,mastodon,1,56,1426,1730063544
m.rynftz.gr,up,mastodon,1,15,3080,1668986958
mastodon.luilegeant.com,up,mastodon,1,5,2872,1752794887
mstdn.jmiguel.eu,up,mastodon,1,11,6401,1668471901
mastodon.ptmsoft.fr,up,mastodon,1,855,7382,1687944518
doesstuff.social,up,mastodon,1,4502,19308,1691186432
social.fungalhalo.com,up,mastodon,1,175,4375,1673846300
masto.syntheticmemory.net,up,mastodon,1,24,6728,1670094146
iceflower.social,up,mastodon,1,71,3547,1728457582
social.brucknerite.net,up,mastodon,1,279,18393,1691748154
mastodon.coneja.tel,up,mastodon,1,0,813,1762748553
mstdn.cryptic-command.net,up,mastodon,1,178,3234,1679059959
social.kechpaja.com,up,mastodon,1,3270,11874,1673191422
toot.jkiviluoto.fi,up,mastodon,1,556,7577,1678843132
vran.as,up,mastodon,1,1163,22931,1614318620
social.awmb.uk,up,mastodon,1,151,5853,1671571994
mastodon.darkplanetego.de,up,mastodon,1,1,1749,1666972461
radiostatler.social,up,mastodon,1,0,3709,1612579014
mastodon.lafhq.nl,up,mastodon,1,77,3142,1667344389
pub.ivasilev.net,up,mastodon,1,0,4435,1678156658
mastodon.lucci.xyz,up,mastodon,1,2479,15688,1612578271
mastodon.marian-social.de,up,mastodon,1,9,3354,1758450579
saigyouji.cyou,up,mastodon,1,97,384,1612578266
fedi.datengraben.com,up,mastodon,1,0,10375,1672535695
vdlc.social,up,mastodon,1,3,3659,1708869907
reima.rocks,up,mastodon,1,4794,11060,1674292048
mastodon.caffeinated.computer,up,mastodon,1,76,15277,1688744951
mstdn.n-s.tokyo,up,mastodon,1,366,4906,1667803342
fedi.science-practice.com,up,mastodon,1,142,6030,1673618828
kryptopraktik.se,up,mastodon,1,164,14910,1689760909
mstdn.fun.systems,up,mastodon,1,290,14056,1703431359
social.netech.dev,up,mastodon,1,2,4379,1754235344
shew.cc,up,mastodon,1,77,1634,1741459806
masto.ford.id.au,up,mastodon,1,1,9,1612579015
worst.computer,up,mastodon,1,102,8915,1671556931
me.not.cy,up,mastodon,1,55,13,1675061310
social.wagler.it,up,mastodon,1,7,2460,1691213670
m.allistodon.xyz,up,mastodon,1,91,8404,1698029564
jamesgallagher.social,up,mastodon,1,2128,11458,1612579011
mastodon.theorangeone.net,up,mastodon,1,592,6117,1668785844
autobots.run,up,mastodon,1,107,1,1688357788
social.brendans-bits.com,up,mastodon,1,160,6417,1728192067
mastodon.haruska.com,up,mastodon,1,98,12052,1698273603
mastodon.angusworld.org,up,mastodon,1,421,8711,1651231402
mstdn.engawa.social,up,mastodon,1,83,3817,1711700148
zone.dora.im,up,mastodon,1,0,1,1651924897
social.davesnider.com,up,mastodon,1,667,10482,1667782210
ohelig.me,up,mastodon,1,37,8295,1671439667
so.rezzedup.com,up,mastodon,1,10,12045,1667862358
social.strawbethy.com,up,mastodon,1,57,4998,1740225383
photography.social.pekkasipila.com,up,mastodon,1,41,5507,1678319673
mastodon.spideynn.net,up,mastodon,1,40,6490,1637996514
mastodon.alphapuggle.dev,up,mastodon,1,157,11659,1731136928
mastodon.hausofhomeaux.ca,up,mastodon,1,1850,14463,1704468867
toot.protect.earth,up,mastodon,1,0,33,1683391861
z3d.me,up,mastodon,1,0,3589,1756867445
mastodon.functional.computer,up,mastodon,1,12315,22989,1669674241
tusk.sexabolition.blog,up,mastodon,1,62,1493,1762292338
mastodon.jing8956.com,up,mastodon,1,28,1227,1671334528
mastodon.pavilion.tech,up,mastodon,1,8,1,1698257504
justjosh.social,up,mastodon,1,0,523,1726363115
social.die-partei-frankfurt.de,up,mastodon,1,1,327,1745321337
mastodon.nilswloka.com,up,mastodon,1,161,10980,1667539271
social.mattarkin.com,up,mastodon,1,6,3937,1668959087
dark.morbia.org,up,mastodon,1,26,6729,1759621791
mstdn.eophona-personata.net,up,mastodon,1,666,950,1761422580
faxrizz.xyz,up,mastodon,0,252,6328,1745114643
noods.fun,up,mastodon,0,34872,18048,1651184559
socialfed.nl,up,mastodon,0,168,12843,1650728755
klickaffen.social,up,mastodon,0,0,4029,1744479527
baer.im,up,mastodon,0,0,0,1758875244
wasnever.cool,up,mastodon,0,0,869,1675651640
functional.pizza,up,mastodon,0,0,0,1698419422
social.avarty.com,up,mastodon,0,0,4,1740217447
jorijn.dev,up,mastodon,0,2198,9496,1740217390
mallach.fr,up,mastodon,0,0,748,1761430649
mmi.todon.de,up,mastodon,0,0,284,1683051393
yellowhouseontwosix.masto.host,up,mastodon,0,21,16,1740239625
mastodon.dravidam.net,up,mastodon,0,29,4805,1651487922
mastodon.vhenry.fr,up,mastodon,0,0,4044,1741090822
der.basisschwarm.de,up,mastodon,0,0,0,1687493503
lm6qdqe5qbir26aqfsyogoo2mykxo4ff66ekfzpayflt6y5i7viiooid.onion,up,mastodon,0,74,61,1644914514
kernkraft.social,up,mastodon,0,0,2,1668073656
mastodon.catvibers.me,up,mastodon,0,55,2986,1700700516
ourdoma.in,up,mastodon,0,29,4085,1669276784
postingbrain.com,up,mastodon,0,0,10050,1668566266
